province,year_month,passengers,operations,cargo_kg,airport_count
A Coruna,2015-01,195679,2327,186321,2
A Coruna,2015-02,243743,2829,199408,2
A Coruna,2015-03,243743,2829,199408,2
A Coruna,2015-04,280137,2941,190207,2
A Coruna,2015-05,281708,3071,182321,2
A Coruna,2015-06,293707,3153,212093,2
A Coruna,2015-07,353839,3670,221464,2
A Coruna,2015-08,372176,3544,184725,2
A Coruna,2015-09,330533,3356,199273,2
A Coruna,2015-10,301076,3051,236398,2
A Coruna,2015-11,230159,2527,220385,2
A Coruna,2015-12,245343,2477,248885,2
A Coruna,2016-01,220206,2407,175454,2
A Coruna,2016-02,225948,2464,192681,2
A Coruna,2016-03,279624,2904,209544,2
A Coruna,2016-04,288515,3061,206784,2
A Coruna,2016-05,320967,3287,202437,2
A Coruna,2016-06,324144,3244,204877,2
A Coruna,2016-07,365878,3699,171266,2
A Coruna,2016-08,369608,3935,189293,2
A Coruna,2016-09,339255,3336,222802,2
A Coruna,2016-10,325743,3302,203066,2
A Coruna,2016-11,256277,2665,250765,2
A Coruna,2016-12,258620,2610,251970,2
A Coruna,2017-01,235515,2542,188921,2
A Coruna,2017-02,228044,2436,194687,2
A Coruna,2017-03,297707,3102,261926,2
A Coruna,2017-04,335502,3383,187031,2
A Coruna,2017-05,335814,3400,237903,2
A Coruna,2017-06,350854,3376,271975,2
A Coruna,2017-07,382336,3482,246759,2
A Coruna,2017-08,369320,3603,235105,2
A Coruna,2017-09,349847,3363,250541,2
A Coruna,2017-10,335657,3513,257119,2
A Coruna,2017-11,279736,2781,268465,2
A Coruna,2017-12,286419,2613,249988,2
A Coruna,2018-01,260803,2609,274065,2
A Coruna,2018-02,253742,2660,232413,2
A Coruna,2018-03,311816,2926,244185,2
A Coruna,2018-04,334533,3383,270400,2
A Coruna,2018-05,354487,3513,265735,2
A Coruna,2018-06,369012,3507,299796,2
A Coruna,2018-07,382829,3822,280102,2
A Coruna,2018-08,376924,3853,225305,2
A Coruna,2018-09,367984,3875,252846,2
A Coruna,2018-10,356520,3572,283342,2
A Coruna,2018-11,291931,2866,299361,2
A Coruna,2018-12,291630,2806,257318,2
A Coruna,2019-01,269968,2708,262472,2
A Coruna,2019-02,256134,2671,250158,2
A Coruna,2019-03,320296,3086,286262,2
A Coruna,2019-04,365206,3212,282290,2
A Coruna,2019-05,382094,3513,277591,2
A Coruna,2019-06,403718,3601,250449,2
A Coruna,2019-07,432162,3986,296231,2
A Coruna,2019-08,415925,3771,237603,2
A Coruna,2019-09,403073,3931,301599,2
A Coruna,2019-10,388846,3541,326153,2
A Coruna,2019-11,307076,2721,288894,2
A Coruna,2019-12,312188,2860,293817,2
A Coruna,2020-01,284246,2753,290907,2
A Coruna,2020-02,280633,2777,233584,2
A Coruna,2020-03,122413,1636,238792,2
A Coruna,2020-04,1389,176,5364,2
A Coruna,2020-05,990,408,50814,2
A Coruna,2020-06,13345,887,155127,2
A Coruna,2020-07,114197,2403,301483,2
A Coruna,2020-08,187008,3039,257652,2
A Coruna,2020-09,129336,2654,293544,2
A Coruna,2020-10,103839,2087,392426,2
A Coruna,2020-11,54692,1815,426841,2
A Coruna,2020-12,80082,1504,419063,2
A Coruna,2021-01,56899,1316,348179,2
A Coruna,2021-02,34503,1177,350732,2
A Coruna,2021-03,46638,1346,467859,2
A Coruna,2021-04,64192,1375,387299,2
A Coruna,2021-05,108980,1794,398354,2
A Coruna,2021-06,187648,2489,420056,2
A Coruna,2021-07,306351,3361,415685,2
A Coruna,2021-08,349889,3418,399958,2
A Coruna,2021-09,307551,3183,456544,2
A Coruna,2021-10,309742,3024,450069,2
A Coruna,2021-11,234980,2428,476712,2
A Coruna,2021-12,240874,2549,452255,2
A Coruna,2022-01,177596,2226,361083,2
A Coruna,2022-02,188662,2053,390584,2
A Coruna,2022-03,257550,2866,462062,2
A Coruna,2022-04,369721,3477,397694,2
A Coruna,2022-05,392423,3845,396438,2
A Coruna,2022-06,390598,3448,429683,2
A Coruna,2022-07,454165,4156,384397,2
A Coruna,2022-08,471192,4153,375951,2
A Coruna,2022-09,436982,3978,435358,2
A Coruna,2022-10,431580,3762,389106,2
A Coruna,2022-11,304078,2949,412352,2
A Coruna,2022-12,327936,2910,509739,2
A Coruna,2023-01,297240,2838,378750,2
A Coruna,2023-02,280590,2839,374631,2
A Coruna,2023-03,350475,3211,437972,2
A Coruna,2023-04,416452,3541,350216,2
A Coruna,2023-05,426822,3690,417536,2
A Coruna,2023-06,435151,3627,446165,2
A Coruna,2023-07,515682,4163,414422,2
A Coruna,2023-08,512764,4179,412934,2
A Coruna,2023-09,456375,3914,425137,2
A Coruna,2023-10,448976,3686,431134,2
A Coruna,2023-11,307499,2737,432477,2
A Coruna,2023-12,341443,2883,373872,2
A Coruna,2024-01,291570,2775,433317,2
A Coruna,2024-02,294835,2680,399559,2
A Coruna,2024-03,360428,2913,440413,2
A Coruna,2024-04,443360,3791,435485,2
A Coruna,2024-05,510988,4250,445871,2
A Coruna,2024-06,452324,3782,396638,2
A Coruna,2024-07,501364,4251,463021,2
A Coruna,2024-08,487798,3966,387639,2
A Coruna,2024-09,437557,3618,479797,2
A Coruna,2024-10,410916,3465,450246,2
A Coruna,2024-11,335732,3000,430630,2
A Coruna,2024-12,351217,2968,312864,2
Alava,2015-01,673,461,3355146,1
Alava,2015-02,192,518,3785808,1
Alava,2015-03,192,518,3785808,1
Alava,2015-04,1056,560,3623953,1
Alava,2015-05,1571,638,3798704,1
Alava,2015-06,432,602,4256652,1
Alava,2015-07,1051,704,4341266,1
Alava,2015-08,1781,555,3011807,1
Alava,2015-09,1149,631,3989208,1
Alava,2015-10,602,597,4335474,1
Alava,2015-11,1114,575,4385647,1
Alava,2015-12,1112,576,4372909,1
Alava,2016-01,1124,481,3705652,1
Alava,2016-02,668,524,4237707,1
Alava,2016-03,6124,571,4420533,1
Alava,2016-04,10663,639,4545002,1
Alava,2016-05,8363,643,4687996,1
Alava,2016-06,3950,644,4632629,1
Alava,2016-07,940,532,4352398,1
Alava,2016-08,1050,541,3649702,1
Alava,2016-09,1535,551,4481454,1
Alava,2016-10,721,508,4262913,1
Alava,2016-11,842,547,4693974,1
Alava,2016-12,922,512,4466059,1
Alava,2017-01,492,512,4389154,1
Alava,2017-02,454,461,4314050,1
Alava,2017-03,1666,660,5523791,1
Alava,2017-04,11051,637,4218345,1
Alava,2017-05,5968,665,5106336,1
Alava,2017-06,6376,737,5432992,1
Alava,2017-07,8390,775,5380326,1
Alava,2017-08,8534,852,4739104,1
Alava,2017-09,7428,776,5200841,1
Alava,2017-10,8149,779,5380521,1
Alava,2017-11,11878,820,5694796,1
Alava,2017-12,13875,761,5099098,1
Alava,2018-01,11885,797,5374753,1
Alava,2018-02,12083,752,4794557,1
Alava,2018-03,13905,757,5440238,1
Alava,2018-04,12017,806,5131992,1
Alava,2018-05,11528,822,5525864,1
Alava,2018-06,8738,783,5294052,1
Alava,2018-07,11631,817,5362116,1
Alava,2018-08,13548,823,4226141,1
Alava,2018-09,12124,832,4793403,1
Alava,2018-10,12950,917,5734466,1
Alava,2018-11,9400,901,5647750,1
Alava,2018-12,11094,748,4819983,1
Alava,2019-01,9891,776,5145427,1
Alava,2019-02,8873,814,4914607,1
Alava,2019-03,11525,892,5414557,1
Alava,2019-04,18424,817,4974087,1
Alava,2019-05,17569,951,5659079,1
Alava,2019-06,16220,1026,5416843,1
Alava,2019-07,17567,1131,6283417,1
Alava,2019-08,19576,969,4113193,1
Alava,2019-09,16056,872,5202906,1
Alava,2019-10,16406,994,6212633,1
Alava,2019-11,10507,772,5666863,1
Alava,2019-12,11410,784,5467061,1
Alava,2020-01,7473,799,5252000,1
Alava,2020-02,6652,842,4999479,1
Alava,2020-03,1719,702,5167162,1
Alava,2020-04,26,551,4006048,1
Alava,2020-05,105,588,4463868,1
Alava,2020-06,1559,808,5083731,1
Alava,2020-07,5847,1026,5746236,1
Alava,2020-08,9709,962,4454970,1
Alava,2020-09,3970,1010,5774202,1
Alava,2020-10,3476,1084,6381338,1
Alava,2020-11,1204,1028,6478152,1
Alava,2020-12,2017,917,6527330,1
Alava,2021-01,1809,809,5695057,1
Alava,2021-02,770,889,5585795,1
Alava,2021-03,1307,1021,6853585,1
Alava,2021-04,1056,940,5825390,1
Alava,2021-05,5048,1094,5775106,1
Alava,2021-06,12953,1174,6336746,1
Alava,2021-07,18203,1270,6021061,1
Alava,2021-08,19296,1061,4992991,1
Alava,2021-09,17080,1086,6204152,1
Alava,2021-10,20912,1194,6138500,1
Alava,2021-11,14985,1091,6861714,1
Alava,2021-12,14943,1052,6239084,1
Alava,2022-01,9255,1028,5451555,1
Alava,2022-02,13209,981,5791930,1
Alava,2022-03,14929,1062,6736082,1
Alava,2022-04,20682,1008,5591776,1
Alava,2022-05,23370,1249,6554416,1
Alava,2022-06,22134,1208,6630948,1
Alava,2022-07,25386,1264,6222073,1
Alava,2022-08,27174,1116,5423323,1
Alava,2022-09,19091,1135,6408865,1
Alava,2022-10,21156,1160,6248876,1
Alava,2022-11,19141,1114,6500577,1
Alava,2022-12,19834,1022,6072354,1
Alava,2023-01,18122,1004,5666348,1
Alava,2023-02,15727,1025,5712712,1
Alava,2023-03,18465,1178,6769845,1
Alava,2023-04,32058,1181,5168046,1
Alava,2023-05,32311,1274,6342974,1
Alava,2023-06,30143,1352,6458479,1
Alava,2023-07,34125,1436,5957337,1
Alava,2023-08,37039,1319,5352139,1
Alava,2023-09,30847,1205,6144533,1
Alava,2023-10,28198,1234,6198968,1
Alava,2023-11,14742,1043,6414363,1
Alava,2023-12,18152,936,5509140,1
Alava,2024-01,14602,1063,5963968,1
Alava,2024-02,12057,998,6050340,1
Alava,2024-03,17512,1020,5853492,1
Alava,2024-04,26990,1277,6116909,1
Alava,2024-05,26363,1258,6300869,1
Alava,2024-06,24400,1157,5542789,1
Alava,2024-07,27627,1379,6174868,1
Alava,2024-08,28070,1323,4869372,1
Alava,2024-09,25264,1205,5698972,1
Alava,2024-10,25731,1181,6339000,1
Alava,2024-11,16333,1058,5837691,1
Alava,2024-12,18920,938,5751792,1
Albacete,2015-01,182,46,0,1
Albacete,2015-02,14,8,0,1
Albacete,2015-03,14,8,0,1
Albacete,2015-04,35,7,0,1
Albacete,2015-05,26,9,0,1
Albacete,2015-06,106,21,0,1
Albacete,2015-07,58,22,0,1
Albacete,2015-08,56,20,0,1
Albacete,2015-09,29,15,0,1
Albacete,2015-10,259,84,0,1
Albacete,2015-11,247,67,0,1
Albacete,2015-12,120,39,0,1
Albacete,2016-01,189,46,0,1
Albacete,2016-02,209,61,0,1
Albacete,2016-03,42,15,0,1
Albacete,2016-04,30,11,0,1
Albacete,2016-05,11,6,0,1
Albacete,2016-06,72,28,0,1
Albacete,2016-07,66,22,0,1
Albacete,2016-08,17,12,0,1
Albacete,2016-09,46,21,0,1
Albacete,2016-10,199,71,0,1
Albacete,2016-11,235,70,0,1
Albacete,2016-12,161,45,0,1
Albacete,2017-01,183,45,0,1
Albacete,2017-02,177,60,0,1
Albacete,2017-03,35,14,0,1
Albacete,2017-04,17,11,0,1
Albacete,2017-05,44,21,0,1
Albacete,2017-06,87,29,0,1
Albacete,2017-07,44,22,0,1
Albacete,2017-08,60,14,0,1
Albacete,2017-09,76,26,0,1
Albacete,2017-10,264,65,0,1
Albacete,2017-11,287,91,0,1
Albacete,2017-12,106,32,0,1
Albacete,2018-01,190,49,0,1
Albacete,2018-02,232,73,0,1
Albacete,2018-03,26,11,0,1
Albacete,2018-04,48,25,0,1
Albacete,2018-05,49,18,0,1
Albacete,2018-06,37,18,0,1
Albacete,2018-07,24,10,0,1
Albacete,2018-08,19,12,0,1
Albacete,2018-09,34,13,0,1
Albacete,2018-10,290,84,0,1
Albacete,2018-11,235,75,0,1
Albacete,2018-12,111,35,0,1
Albacete,2019-01,203,69,0,1
Albacete,2019-02,220,56,0,1
Albacete,2019-03,46,28,0,1
Albacete,2019-04,48,27,0,1
Albacete,2019-05,167,42,0,1
Albacete,2019-06,266,39,0,1
Albacete,2019-07,54,28,0,1
Albacete,2019-08,41,20,0,1
Albacete,2019-09,75,42,0,1
Albacete,2019-10,224,91,0,1
Albacete,2019-11,179,69,0,1
Albacete,2019-12,93,50,0,1
Albacete,2020-01,174,58,0,1
Albacete,2020-02,147,50,0,1
Albacete,2020-03,16,8,0,1
Albacete,2020-04,2,2,0,1
Albacete,2020-05,22,16,0,1
Albacete,2020-06,420,19,0,1
Albacete,2020-07,468,17,0,1
Albacete,2020-08,2,4,0,1
Albacete,2020-09,190,28,0,1
Albacete,2020-10,95,12,0,1
Albacete,2020-11,318,28,0,1
Albacete,2020-12,350,42,0,1
Albacete,2021-01,183,14,0,1
Albacete,2021-02,294,44,0,1
Albacete,2021-03,237,87,0,1
Albacete,2021-04,83,30,0,1
Albacete,2021-05,108,66,0,1
Albacete,2021-06,22,76,0,1
Albacete,2021-07,2,110,0,1
Albacete,2021-08,5,84,0,1
Albacete,2021-09,92,72,0,1
Albacete,2021-10,145,112,0,1
Albacete,2021-11,105,108,0,1
Albacete,2021-12,106,62,0,1
Albacete,2022-01,56,63,0,1
Albacete,2022-02,163,138,0,1
Albacete,2022-03,45,39,0,1
Albacete,2022-04,75,84,0,1
Albacete,2022-05,25,114,0,1
Albacete,2022-06,159,72,0,1
Albacete,2022-07,39,82,0,1
Albacete,2022-08,22,88,0,1
Albacete,2022-09,46,76,0,1
Albacete,2022-10,106,94,0,1
Albacete,2022-11,84,66,0,1
Albacete,2022-12,37,32,0,1
Albacete,2023-01,71,71,0,1
Albacete,2023-02,146,83,0,1
Albacete,2023-03,43,52,0,1
Albacete,2023-04,230,54,0,1
Albacete,2023-05,300,40,0,1
Albacete,2023-06,56,40,0,1
Albacete,2023-07,31,42,0,1
Albacete,2023-08,442,86,0,1
Albacete,2023-09,47,70,0,1
Albacete,2023-10,54,61,0,1
Albacete,2023-11,114,56,0,1
Albacete,2023-12,1112,52,0,1
Albacete,2024-01,64,56,0,1
Albacete,2024-02,137,71,0,1
Albacete,2024-03,124,64,0,1
Albacete,2024-04,192,56,0,1
Albacete,2024-05,36,74,0,1
Albacete,2024-06,73,43,0,1
Albacete,2024-07,81,55,0,1
Albacete,2024-08,308,68,0,1
Albacete,2024-09,72,62,0,1
Albacete,2024-10,136,87,0,1
Albacete,2024-11,304,110,0,1
Albacete,2024-12,588,57,0,1
Alicante,2015-01,498596,3879,179583,1
Alicante,2015-02,669004,4737,218912,1
Alicante,2015-03,669004,4737,218912,1
Alicante,2015-04,924741,6506,242509,1
Alicante,2015-05,1014650,7089,243761,1
Alicante,2015-06,1073957,7392,254932,1
Alicante,2015-07,1250395,8341,379869,1
Alicante,2015-08,1260839,8353,274838,1
Alicante,2015-09,1097644,7300,351609,1
Alicante,2015-10,1027071,7036,393052,1
Alicante,2015-11,645520,4882,436019,1
Alicante,2015-12,609048,4847,432275,1
Alicante,2016-01,593149,4618,380707,1
Alicante,2016-02,610441,4496,472500,1
Alicante,2016-03,837094,5905,479231,1
Alicante,2016-04,1018755,7335,472657,1
Alicante,2016-05,1136255,7940,539134,1
Alicante,2016-06,1242372,8634,533976,1
Alicante,2016-07,1463623,9914,395089,1
Alicante,2016-08,1447343,9697,376742,1
Alicante,2016-09,1295675,8737,439483,1
Alicante,2016-10,1227162,8434,460463,1
Alicante,2016-11,772856,5811,459409,1
Alicante,2016-12,700220,5595,452068,1
Alicante,2017-01,684967,5524,455447,1
Alicante,2017-02,687107,5245,534987,1
Alicante,2017-03,907603,6432,654147,1
Alicante,2017-04,1229387,8426,538764,1
Alicante,2017-05,1288038,9031,652938,1
Alicante,2017-06,1402226,9598,622407,1
Alicante,2017-07,1632872,10682,350438,1
Alicante,2017-08,1616177,10525,279390,1
Alicante,2017-09,1437449,9391,294393,1
Alicante,2017-10,1279291,8770,323092,1
Alicante,2017-11,801411,5904,334266,1
Alicante,2017-12,746535,5795,325693,1
Alicante,2018-01,705773,5376,345158,1
Alicante,2018-02,711893,5181,283226,1
Alicante,2018-03,957857,6735,330443,1
Alicante,2018-04,1223012,8458,367736,1
Alicante,2018-05,1307789,8944,342911,1
Alicante,2018-06,1414301,9473,334589,1
Alicante,2018-07,1598795,10495,342636,1
Alicante,2018-08,1562129,10350,289965,1
Alicante,2018-09,1431169,9560,297354,1
Alicante,2018-10,1349587,9204,399936,1
Alicante,2018-11,891748,6638,358637,1
Alicante,2018-12,827638,6321,321289,1
Alicante,2019-01,784938,6012,312453,1
Alicante,2019-02,782721,5645,269220,1
Alicante,2019-03,996439,6768,334603,1
Alicante,2019-04,1341713,9073,344101,1
Alicante,2019-05,1402153,9496,345459,1
Alicante,2019-06,1538176,10049,322747,1
Alicante,2019-07,1721603,11068,391623,1
Alicante,2019-08,1692011,10757,270094,1
Alicante,2019-09,1552541,10037,337014,1
Alicante,2019-10,1427711,9435,399715,1
Alicante,2019-11,934609,6673,347149,1
Alicante,2019-12,873625,6397,358122,1
Alicante,2020-01,743713,5409,306472,1
Alicante,2020-02,847526,5947,298043,1
Alicante,2020-03,473098,4402,283765,1
Alicante,2020-04,2378,208,201921,1
Alicante,2020-05,3546,234,264877,1
Alicante,2020-06,28739,537,290592,1
Alicante,2020-07,422857,4309,320949,1
Alicante,2020-08,480778,5810,248366,1
Alicante,2020-09,256993,3862,296846,1
Alicante,2020-10,241178,3025,310181,1
Alicante,2020-11,112618,1602,328377,1
Alicante,2020-12,126143,1808,369744,1
Alicante,2021-01,77325,1301,269861,1
Alicante,2021-02,37703,685,261070,1
Alicante,2021-03,61938,931,330317,1
Alicante,2021-04,108379,1542,318875,1
Alicante,2021-05,219839,2378,322540,1
Alicante,2021-06,405799,4255,336083,1
Alicante,2021-07,748456,6713,364579,1
Alicante,2021-08,938204,7828,289662,1
Alicante,2021-09,909985,7422,340821,1
Alicante,2021-10,1070617,7721,349076,1
Alicante,2021-11,704493,5382,401529,1
Alicante,2021-12,558406,5347,400074,1
Alicante,2022-01,473295,4248,341185,1
Alicante,2022-02,583631,4342,316051,1
Alicante,2022-03,830817,5892,387745,1
Alicante,2022-04,1201829,8421,360458,1
Alicante,2022-05,1271685,8776,401529,1
Alicante,2022-06,1345712,8846,431147,1
Alicante,2022-07,1520302,9785,425432,1
Alicante,2022-08,1512301,9795,378917,1
Alicante,2022-09,1357557,8679,379506,1
Alicante,2022-10,1355308,9047,392020,1
Alicante,2022-11,905852,6236,413292,1
Alicante,2022-12,848141,6044,413514,1
Alicante,2023-01,795148,5443,370570,1
Alicante,2023-02,790766,5261,336064,1
Alicante,2023-03,1045004,6800,392028,1
Alicante,2023-04,1435274,9252,313155,1
Alicante,2023-05,1500278,9619,399567,1
Alicante,2023-06,1506012,9454,408620,1
Alicante,2023-07,1713088,10584,378449,1
Alicante,2023-08,1702139,10468,320581,1
Alicante,2023-09,1562661,9625,399639,1
Alicante,2023-10,1586073,9939,387253,1
Alicante,2023-11,1069710,6963,385593,1
Alicante,2023-12,1041546,7139,369985,1
Alicante,2024-01,958088,6468,373279,1
Alicante,2024-02,1002310,6371,320611,1
Alicante,2024-03,1267883,7890,343495,1
Alicante,2024-04,1591490,10100,370772,1
Alicante,2024-05,1749645,11019,374960,1
Alicante,2024-06,1772876,10953,348876,1
Alicante,2024-07,1989663,12139,373886,1
Alicante,2024-08,1962325,11948,299621,1
Alicante,2024-09,1801340,11171,326771,1
Alicante,2024-10,1797457,11243,363392,1
Alicante,2024-11,1279116,8566,377456,1
Alicante,2024-12,1216350,8402,374798,1
Almeria,2015-01,24992,568,647,1
Almeria,2015-02,50025,714,536,1
Almeria,2015-03,50025,714,536,1
Almeria,2015-04,61172,881,412,1
Almeria,2015-05,63521,979,1213,1
Almeria,2015-06,74768,1036,434,1
Almeria,2015-07,89484,1099,295,1
Almeria,2015-08,87819,1020,326,1
Almeria,2015-09,78671,1007,52,1
Almeria,2015-10,64122,1019,428,1
Almeria,2015-11,33605,730,318,1
Almeria,2015-12,30080,638,14313,1
Almeria,2016-01,30159,593,290,1
Almeria,2016-02,48325,765,216,1
Almeria,2016-03,71431,876,316,1
Almeria,2016-04,78829,1037,30063,1
Almeria,2016-05,87007,1191,0,1
Almeria,2016-06,100674,1141,124,1
Almeria,2016-07,118562,1272,380,1
Almeria,2016-08,117181,1171,32,1
Almeria,2016-09,104446,1194,580,1
Almeria,2016-10,82335,1026,72,1
Almeria,2016-11,43363,808,4,1
Almeria,2016-12,38017,664,41,1
Almeria,2017-01,34759,626,32,1
Almeria,2017-02,39146,648,20,1
Almeria,2017-03,65471,894,9,1
Almeria,2017-04,80984,1028,99,1
Almeria,2017-05,102482,1258,0,1
Almeria,2017-06,125811,1409,127,1
Almeria,2017-07,135671,1414,8,1
Almeria,2017-08,136234,1258,35,1
Almeria,2017-09,123856,1302,1692,1
Almeria,2017-10,91990,1125,19,1
Almeria,2017-11,37964,683,0,1
Almeria,2017-12,33078,574,0,1
Almeria,2018-01,30349,551,5,1
Almeria,2018-02,34835,612,0,1
Almeria,2018-03,58208,873,0,1
Almeria,2018-04,72521,946,1255,1
Almeria,2018-05,105858,1244,253,1
Almeria,2018-06,127634,1282,0,1
Almeria,2018-07,135477,1339,0,1
Almeria,2018-08,128648,1259,0,1
Almeria,2018-09,127493,1238,7546,1
Almeria,2018-10,94989,1208,0,1
Almeria,2018-11,38841,741,0,1
Almeria,2018-12,37139,653,0,1
Almeria,2019-01,34176,640,0,1
Almeria,2019-02,38125,677,62,1
Almeria,2019-03,55031,819,0,1
Almeria,2019-04,77921,974,0,1
Almeria,2019-05,102299,1144,0,1
Almeria,2019-06,124789,1234,125,1
Almeria,2019-07,134061,1355,0,1
Almeria,2019-08,127722,1120,0,1
Almeria,2019-09,122069,1232,0,1
Almeria,2019-10,87310,1126,0,1
Almeria,2019-11,40808,830,0,1
Almeria,2019-12,35095,626,0,1
Almeria,2020-01,31846,619,0,1
Almeria,2020-02,39343,791,0,1
Almeria,2020-03,20776,472,0,1
Almeria,2020-04,234,76,0,1
Almeria,2020-05,480,99,0,1
Almeria,2020-06,1009,168,0,1
Almeria,2020-07,22856,610,0,1
Almeria,2020-08,26566,662,0,1
Almeria,2020-09,19161,652,0,1
Almeria,2020-10,16474,656,0,1
Almeria,2020-11,9569,592,0,1
Almeria,2020-12,12097,492,0,1
Almeria,2021-01,8852,459,0,1
Almeria,2021-02,7640,457,5,1
Almeria,2021-03,9985,593,0,1
Almeria,2021-04,9500,493,0,1
Almeria,2021-05,14904,519,0,1
Almeria,2021-06,23866,787,0,1
Almeria,2021-07,41705,989,0,1
Almeria,2021-08,52387,852,0,1
Almeria,2021-09,50711,817,0,1
Almeria,2021-10,50047,801,0,1
Almeria,2021-11,23827,599,6,1
Almeria,2021-12,24085,523,0,1
Almeria,2022-01,17240,475,0,1
Almeria,2022-02,19237,570,0,1
Almeria,2022-03,30024,653,40,1
Almeria,2022-04,64144,1058,0,1
Almeria,2022-05,76054,1154,0,1
Almeria,2022-06,84435,1218,0,1
Almeria,2022-07,93446,1301,0,1
Almeria,2022-08,95055,1067,0,1
Almeria,2022-09,89132,1057,0,1
Almeria,2022-10,77175,1106,55,1
Almeria,2022-11,29483,828,0,1
Almeria,2022-12,27955,558,0,1
Almeria,2023-01,25565,788,0,1
Almeria,2023-02,29234,695,0,1
Almeria,2023-03,37636,935,34,1
Almeria,2023-04,66810,1055,0,1
Almeria,2023-05,86342,1113,12,1
Almeria,2023-06,87160,1097,0,1
Almeria,2023-07,98445,1218,0,1
Almeria,2023-08,102466,1143,0,1
Almeria,2023-09,88218,1168,0,1
Almeria,2023-10,80835,1059,0,1
Almeria,2023-11,36827,824,0,1
Almeria,2023-12,35847,722,0,1
Almeria,2024-01,34185,712,0,1
Almeria,2024-02,45587,870,0,1
Almeria,2024-03,53700,989,0,1
Almeria,2024-04,70144,1076,0,1
Almeria,2024-05,78299,1171,0,1
Almeria,2024-06,88044,1276,0,1
Almeria,2024-07,92523,1213,45,1
Almeria,2024-08,94708,1070,0,1
Almeria,2024-09,84694,1114,0,1
Almeria,2024-10,69563,1065,0,1
Almeria,2024-11,38732,885,0,1
Almeria,2024-12,36752,813,0,1
Asturias,2015-01,61476,630,3908,1
Asturias,2015-02,86583,780,4717,1
Asturias,2015-03,86583,780,4717,1
Asturias,2015-04,92221,850,2342,1
Asturias,2015-05,91807,895,8351,1
Asturias,2015-06,107506,989,3622,1
Asturias,2015-07,127838,1254,4318,1
Asturias,2015-08,126298,1220,4616,1
Asturias,2015-09,112945,1057,10027,1
Asturias,2015-10,90308,854,8141,1
Asturias,2015-11,73177,705,2802,1
Asturias,2015-12,86544,905,5272,1
Asturias,2016-01,70804,747,4290,1
Asturias,2016-02,71311,662,2820,1
Asturias,2016-03,96898,879,6002,1
Asturias,2016-04,101312,948,2804,1
Asturias,2016-05,110610,1031,4521,1
Asturias,2016-06,122297,1093,5546,1
Asturias,2016-07,142888,1324,3398,1
Asturias,2016-08,142147,1363,6300,1
Asturias,2016-09,125618,1121,3336,1
Asturias,2016-10,104315,994,5646,1
Asturias,2016-11,95123,840,4680,1
Asturias,2016-12,98656,926,4295,1
Asturias,2017-01,83039,818,4616,1
Asturias,2017-02,81732,779,4431,1
Asturias,2017-03,110483,1002,4622,1
Asturias,2017-04,118342,1104,2447,1
Asturias,2017-05,116148,1091,3911,1
Asturias,2017-06,136435,1194,1271,1
Asturias,2017-07,152956,1495,2192,1
Asturias,2017-08,151730,1365,3285,1
Asturias,2017-09,133428,1200,1249,1
Asturias,2017-10,110868,1045,1714,1
Asturias,2017-11,106301,932,1360,1
Asturias,2017-12,105755,980,1762,1
Asturias,2018-01,91015,820,2652,1
Asturias,2018-02,87405,783,1615,1
Asturias,2018-03,109414,929,5237,1
Asturias,2018-04,118997,1040,1723,1
Asturias,2018-05,119882,1105,2030,1
Asturias,2018-06,135735,1173,923,1
Asturias,2018-07,153912,1426,1073,1
Asturias,2018-08,148107,1329,1773,1
Asturias,2018-09,136217,1260,1759,1
Asturias,2018-10,114925,1071,1427,1
Asturias,2018-11,96716,783,9411,1
Asturias,2018-12,88113,725,3415,1
Asturias,2019-01,81601,702,1241,1
Asturias,2019-02,79872,709,4495,1
Asturias,2019-03,110794,1080,5083,1
Asturias,2019-04,118715,1125,2771,1
Asturias,2019-05,120179,1165,2800,1
Asturias,2019-06,136301,1226,2429,1
Asturias,2019-07,157568,1533,2167,1
Asturias,2019-08,144499,1325,1189,1
Asturias,2019-09,140959,1303,1515,1
Asturias,2019-10,120169,1238,2429,1
Asturias,2019-11,103823,966,1139,1
Asturias,2019-12,103432,1034,1280,1
Asturias,2020-01,92699,946,3367,1
Asturias,2020-02,95333,894,3424,1
Asturias,2020-03,40699,549,1678,1
Asturias,2020-04,210,35,1018,1
Asturias,2020-05,210,27,12,1
Asturias,2020-06,2947,91,0,1
Asturias,2020-07,53139,740,698,1
Asturias,2020-08,81804,956,295,1
Asturias,2020-09,58605,689,66,1
Asturias,2020-10,37518,554,239,1
Asturias,2020-11,10458,281,247,1
Asturias,2020-12,25330,434,8689,1
Asturias,2021-01,17747,316,1767,1
Asturias,2021-02,11181,270,169,1
Asturias,2021-03,14950,316,79,1
Asturias,2021-04,11673,222,106,1
Asturias,2021-05,32676,435,425,1
Asturias,2021-06,77274,731,585,1
Asturias,2021-07,122714,1108,380,1
Asturias,2021-08,137849,1148,402,1
Asturias,2021-09,117646,963,981,1
Asturias,2021-10,110182,961,45,1
Asturias,2021-11,85061,730,1606,1
Asturias,2021-12,92838,864,760,1
Asturias,2022-01,63055,691,748,1
Asturias,2022-02,65613,579,758,1
Asturias,2022-03,86389,729,825,1
Asturias,2022-04,111968,1000,1296,1
Asturias,2022-05,125754,1102,796,1
Asturias,2022-06,140924,1169,848,1
Asturias,2022-07,162492,1343,699,1
Asturias,2022-08,164129,1215,408,1
Asturias,2022-09,146742,1176,618,1
Asturias,2022-10,127300,1067,1384,1
Asturias,2022-11,121334,988,328,1
Asturias,2022-12,139217,1130,696,1
Asturias,2023-01,115356,964,1399,1
Asturias,2023-02,113409,931,1316,1
Asturias,2023-03,142075,1086,1289,1
Asturias,2023-04,163308,1259,744,1
Asturias,2023-05,172017,1304,1034,1
Asturias,2023-06,189508,1433,1346,1
Asturias,2023-07,210778,1604,583,1
Asturias,2023-08,205520,1481,994,1
Asturias,2023-09,198270,1493,1232,1
Asturias,2023-10,180765,1437,434,1
Asturias,2023-11,134882,1084,336,1
Asturias,2023-12,148959,1213,787,1
Asturias,2024-01,122640,1035,177,1
Asturias,2024-02,128636,1027,511,1
Asturias,2024-03,153847,1209,95,1
Asturias,2024-04,169253,1314,1152,1
Asturias,2024-05,172941,1399,264,1
Asturias,2024-06,185504,1382,1214,1
Asturias,2024-07,199030,1533,150,1
Asturias,2024-08,204379,1489,306,1
Asturias,2024-09,186986,1396,1173,1
Asturias,2024-10,172882,1367,425,1
Asturias,2024-11,142085,1119,1649,1
Asturias,2024-12,154880,1196,71,1
Badajoz,2015-01,2307,140,0,1
Badajoz,2015-02,2846,162,0,1
Badajoz,2015-03,2846,162,0,1
Badajoz,2015-04,2630,150,0,1
Badajoz,2015-05,3015,286,0,1
Badajoz,2015-06,2735,169,0,1
Badajoz,2015-07,4065,221,0,1
Badajoz,2015-08,1398,74,0,1
Badajoz,2015-09,296,56,0,1
Badajoz,2015-10,221,46,0,1
Badajoz,2015-11,184,39,0,1
Badajoz,2015-12,390,26,0,1
Badajoz,2016-01,138,48,0,1
Badajoz,2016-02,991,66,0,1
Badajoz,2016-03,2690,123,0,1
Badajoz,2016-04,2765,151,0,1
Badajoz,2016-05,3546,131,0,1
Badajoz,2016-06,2904,192,0,1
Badajoz,2016-07,4068,161,0,1
Badajoz,2016-08,4965,139,0,1
Badajoz,2016-09,2842,131,0,1
Badajoz,2016-10,2881,147,0,1
Badajoz,2016-11,2262,150,0,1
Badajoz,2016-12,2911,124,0,1
Badajoz,2017-01,2544,133,0,1
Badajoz,2017-02,2672,125,0,1
Badajoz,2017-03,3408,128,0,1
Badajoz,2017-04,6850,158,0,1
Badajoz,2017-05,3465,179,0,1
Badajoz,2017-06,3580,141,0,1
Badajoz,2017-07,4176,157,0,1
Badajoz,2017-08,5804,156,0,1
Badajoz,2017-09,3948,188,0,1
Badajoz,2017-10,4313,191,0,1
Badajoz,2017-11,4793,164,0,1
Badajoz,2017-12,3751,145,0,1
Badajoz,2018-01,3195,131,0,1
Badajoz,2018-02,3006,137,0,1
Badajoz,2018-03,4094,119,0,1
Badajoz,2018-04,4408,163,0,1
Badajoz,2018-05,4967,196,0,1
Badajoz,2018-06,3536,161,0,1
Badajoz,2018-07,3650,176,0,1
Badajoz,2018-08,5208,170,0,1
Badajoz,2018-09,3886,176,0,1
Badajoz,2018-10,4920,197,0,1
Badajoz,2018-11,6974,198,0,1
Badajoz,2018-12,4224,161,0,1
Badajoz,2019-01,5205,221,0,1
Badajoz,2019-02,5557,193,0,1
Badajoz,2019-03,6928,235,0,1
Badajoz,2019-04,6646,230,0,1
Badajoz,2019-05,6132,198,0,1
Badajoz,2019-06,6135,283,0,1
Badajoz,2019-07,6840,311,0,1
Badajoz,2019-08,5027,244,0,1
Badajoz,2019-09,5948,255,0,1
Badajoz,2019-10,6500,253,0,1
Badajoz,2019-11,6690,222,0,1
Badajoz,2019-12,7808,235,0,1
Badajoz,2020-01,7189,264,0,1
Badajoz,2020-02,6501,235,0,1
Badajoz,2020-03,3182,127,0,1
Badajoz,2020-04,0,0,0,1
Badajoz,2020-05,4,2,0,1
Badajoz,2020-06,556,97,0,1
Badajoz,2020-07,2982,240,0,1
Badajoz,2020-08,2460,224,0,1
Badajoz,2020-09,1736,144,0,1
Badajoz,2020-10,1816,113,0,1
Badajoz,2020-11,1574,104,0,1
Badajoz,2020-12,1999,94,0,1
Badajoz,2021-01,1566,90,0,1
Badajoz,2021-02,1210,88,0,1
Badajoz,2021-03,1944,114,0,1
Badajoz,2021-04,1548,68,0,1
Badajoz,2021-05,2179,134,0,1
Badajoz,2021-06,2393,110,0,1
Badajoz,2021-07,6771,271,0,1
Badajoz,2021-08,7475,287,0,1
Badajoz,2021-09,4372,205,0,1
Badajoz,2021-10,4411,199,0,1
Badajoz,2021-11,3719,160,0,1
Badajoz,2021-12,4587,161,0,1
Badajoz,2022-01,3539,163,0,1
Badajoz,2022-02,3136,168,0,1
Badajoz,2022-03,6441,203,0,1
Badajoz,2022-04,5766,189,0,1
Badajoz,2022-05,5586,231,0,1
Badajoz,2022-06,5166,269,0,1
Badajoz,2022-07,5627,298,0,1
Badajoz,2022-08,6407,284,0,1
Badajoz,2022-09,5562,235,0,1
Badajoz,2022-10,5479,230,0,1
Badajoz,2022-11,6155,261,0,1
Badajoz,2022-12,6942,184,0,1
Badajoz,2023-01,5550,237,0,1
Badajoz,2023-02,5815,257,0,1
Badajoz,2023-03,7318,261,0,1
Badajoz,2023-04,8418,257,0,1
Badajoz,2023-05,7351,249,0,1
Badajoz,2023-06,5923,339,0,1
Badajoz,2023-07,6936,297,0,1
Badajoz,2023-08,7173,295,0,1
Badajoz,2023-09,6162,294,0,1
Badajoz,2023-10,6855,228,0,1
Badajoz,2023-11,6061,188,0,1
Badajoz,2023-12,6692,223,0,1
Badajoz,2024-01,5963,257,0,1
Badajoz,2024-02,6808,237,0,1
Badajoz,2024-03,8976,243,0,1
Badajoz,2024-04,7882,321,0,1
Badajoz,2024-05,8116,259,0,1
Badajoz,2024-06,7813,319,0,1
Badajoz,2024-07,8474,408,0,1
Badajoz,2024-08,7765,352,0,1
Badajoz,2024-09,7236,332,0,1
Badajoz,2024-10,7258,247,0,1
Badajoz,2024-11,6748,216,0,1
Badajoz,2024-12,8422,257,0,1
Barcelona,2015-01,2203477,20356,7804990,2
Barcelona,2015-02,2892711,23966,10171928,2
Barcelona,2015-03,2892711,23966,10171928,2
Barcelona,2015-04,3329630,27235,9201224,2
Barcelona,2015-05,3605487,29729,9666641,2
Barcelona,2015-06,3815768,30712,9916852,2
Barcelona,2015-07,4257890,32604,10396228,2
Barcelona,2015-08,4400104,31746,9140680,2
Barcelona,2015-09,3974945,29633,9856047,2
Barcelona,2015-10,3622098,27950,11070295,2
Barcelona,2015-11,2789195,23178,10726796,2
Barcelona,2015-12,2605067,22203,10520226,2
Barcelona,2016-01,2517544,21733,9323556,2
Barcelona,2016-02,2672499,22184,10428610,2
Barcelona,2016-03,3301785,26123,11486354,2
Barcelona,2016-04,3622738,29271,12180724,2
Barcelona,2016-05,4049421,31745,11456620,2
Barcelona,2016-06,4198284,32341,11157553,2
Barcelona,2016-07,4668770,34729,10857001,2
Barcelona,2016-08,4701784,33672,10198274,2
Barcelona,2016-09,4360336,32459,11654881,2
Barcelona,2016-10,4019136,30139,13339068,2
Barcelona,2016-11,3043940,24953,11863278,2
Barcelona,2016-12,3002897,24518,11869766,2
Barcelona,2017-01,2804042,22958,10330162,2
Barcelona,2017-02,2801770,22632,10681993,2
Barcelona,2017-03,3467079,27783,13670723,2
Barcelona,2017-04,4114563,31052,11780561,2
Barcelona,2017-05,4326465,34283,13102071,2
Barcelona,2017-06,4585711,34444,12432178,2
Barcelona,2017-07,5041996,36475,13705009,2
Barcelona,2017-08,4944362,35203,13362182,2
Barcelona,2017-09,4638102,33863,13893964,2
Barcelona,2017-10,4174918,32946,15515008,2
Barcelona,2017-11,3195817,27185,14462919,2
Barcelona,2017-12,3194065,25972,13168534,2
Barcelona,2018-01,3058552,25305,12255902,2
Barcelona,2018-02,3034372,24202,11799097,2
Barcelona,2018-03,3835084,29173,14126006,2
Barcelona,2018-04,4242266,32255,13693033,2
Barcelona,2018-05,4550081,34814,14428589,2
Barcelona,2018-06,4809832,35565,14863956,2
Barcelona,2018-07,5166954,37155,15476261,2
Barcelona,2018-08,5149760,35735,13827261,2
Barcelona,2018-09,4844347,35590,14818474,2
Barcelona,2018-10,4542714,34069,17780313,2
Barcelona,2018-11,3444761,27363,15112312,2
Barcelona,2018-12,3498506,28519,14757904,2
Barcelona,2019-01,3275200,27294,12978258,2
Barcelona,2019-02,3268022,26501,12353762,2
Barcelona,2019-03,3967936,30186,15801602,2
Barcelona,2019-04,4523053,33129,13971159,2
Barcelona,2019-05,4682479,35796,14606987,2
Barcelona,2019-06,5106855,36773,13494282,2
Barcelona,2019-07,5361801,38542,15755750,2
Barcelona,2019-08,5411609,37157,13187637,2
Barcelona,2019-09,5107429,36585,15921338,2
Barcelona,2019-10,4646382,35306,17307629,2
Barcelona,2019-11,3675008,29307,16111642,2
Barcelona,2019-12,3667748,28650,15307863,2
Barcelona,2020-01,3396722,27181,13768977,2
Barcelona,2020-02,3281286,27059,13509196,2
Barcelona,2020-03,1417242,15480,10014432,2
Barcelona,2020-04,25307,1738,4936562,2
Barcelona,2020-05,47040,2497,6444737,2
Barcelona,2020-06,149158,6916,6835440,2
Barcelona,2020-07,873437,15657,9320571,2
Barcelona,2020-08,1111072,18256,8124918,2
Barcelona,2020-09,844805,14904,9946501,2
Barcelona,2020-10,712651,13376,11142638,2
Barcelona,2020-11,341759,9428,10189674,2
Barcelona,2020-12,541727,10798,10216150,2
Barcelona,2021-01,411656,9166,9485490,2
Barcelona,2021-02,286718,7651,9007669,2
Barcelona,2021-03,424003,10448,11234648,2
Barcelona,2021-04,482059,10808,10345180,2
Barcelona,2021-05,852774,14646,10557225,2
Barcelona,2021-06,1375266,18311,11045317,2
Barcelona,2021-07,2272948,25062,11836583,2
Barcelona,2021-08,2854126,25829,10604259,2
Barcelona,2021-09,2635018,24571,12279866,2
Barcelona,2021-10,2685488,24650,12937501,2
Barcelona,2021-11,2344238,21513,13122873,2
Barcelona,2021-12,2256353,22697,13675186,2
Barcelona,2022-01,1702130,19601,10786435,2
Barcelona,2022-02,1983864,19353,11421677,2
Barcelona,2022-03,2701782,22573,13542495,2
Barcelona,2022-04,3522246,28744,12041322,2
Barcelona,2022-05,3819390,31777,13701167,2
Barcelona,2022-06,4066716,31500,13208062,2
Barcelona,2022-07,4432519,33073,14523853,2
Barcelona,2022-08,4465292,30941,13324230,2
Barcelona,2022-09,4209858,31031,13797092,2
Barcelona,2022-10,4194110,31668,13728111,2
Barcelona,2022-11,3244432,25950,13306495,2
Barcelona,2022-12,3305175,26115,12218961,2
Barcelona,2023-01,3079252,24512,10638353,2
Barcelona,2023-02,3133150,24493,11999337,2
Barcelona,2023-03,3763249,28338,13515839,2
Barcelona,2023-04,4202597,31275,12326849,2
Barcelona,2023-05,4477605,33019,13498089,2
Barcelona,2023-06,4463642,32559,12603749,2
Barcelona,2023-07,4937669,35039,13463652,2
Barcelona,2023-08,4975238,33257,12857377,2
Barcelona,2023-09,4591642,32527,13504465,2
Barcelona,2023-10,4587922,33002,14445290,2
Barcelona,2023-11,3831873,28698,13840559,2
Barcelona,2023-12,3873267,30364,13809752,2
Barcelona,2024-01,3508103,27926,13643668,2
Barcelona,2024-02,3652519,28227,14703792,2
Barcelona,2024-03,4282390,31416,15345064,2
Barcelona,2024-04,4601527,34314,14861951,2
Barcelona,2024-05,4993673,37275,15804515,2
Barcelona,2024-06,5058041,36689,14766011,2
Barcelona,2024-07,5382713,38658,16078049,2
Barcelona,2024-08,5416049,36909,14849959,2
Barcelona,2024-09,5063094,36379,14713452,2
Barcelona,2024-10,4964829,36521,16996085,2
Barcelona,2024-11,4048866,30857,15157038,2
Barcelona,2024-12,4072655,31502,14803769,2
Bizkaia,2015-01,230303,2736,208615,1
Bizkaia,2015-02,318598,3431,243437,1
Bizkaia,2015-03,318598,3431,243437,1
Bizkaia,2015-04,376026,3845,238313,1
Bizkaia,2015-05,368295,3974,245976,1
Bizkaia,2015-06,405695,4252,270844,1
Bizkaia,2015-07,468786,4403,284159,1
Bizkaia,2015-08,454206,3997,181582,1
Bizkaia,2015-09,417475,4061,257422,1
Bizkaia,2015-10,380751,3968,246064,1
Bizkaia,2015-11,307195,3332,239630,1
Bizkaia,2015-12,295520,3059,233406,1
Bizkaia,2016-01,260236,2926,214420,1
Bizkaia,2016-02,281768,3135,215210,1
Bizkaia,2016-03,359845,3614,249472,1
Bizkaia,2016-04,375725,3847,261760,1
Bizkaia,2016-05,407552,4024,281014,1
Bizkaia,2016-06,435156,4123,285722,1
Bizkaia,2016-07,500937,4481,251019,1
Bizkaia,2016-08,469067,4209,213955,1
Bizkaia,2016-09,439266,4131,282520,1
Bizkaia,2016-10,401241,3945,247488,1
Bizkaia,2016-11,342400,3431,244813,1
Bizkaia,2016-12,315146,3239,226904,1
Bizkaia,2017-01,285200,3132,226287,1
Bizkaia,2017-02,296266,3215,233903,1
Bizkaia,2017-03,372218,3897,282285,1
Bizkaia,2017-04,437592,4163,227295,1
Bizkaia,2017-05,453217,4459,290403,1
Bizkaia,2017-06,484829,4405,131859,1
Bizkaia,2017-07,513015,4321,86168,1
Bizkaia,2017-08,473648,4013,79819,1
Bizkaia,2017-09,476756,4331,109188,1
Bizkaia,2017-10,459987,4254,116734,1
Bizkaia,2017-11,376651,3543,106965,1
Bizkaia,2017-12,344430,3257,65483,1
Bizkaia,2018-01,300116,3133,70652,1
Bizkaia,2018-02,323977,3202,74429,1
Bizkaia,2018-03,406937,3844,88962,1
Bizkaia,2018-04,479337,4454,86366,1
Bizkaia,2018-05,512255,4693,125135,1
Bizkaia,2018-06,520576,4633,108804,1
Bizkaia,2018-07,555755,4716,108440,1
Bizkaia,2018-08,523101,4367,95468,1
Bizkaia,2018-09,523619,4620,95007,1
Bizkaia,2018-10,521121,4687,195890,1
Bizkaia,2018-11,420706,3970,100767,1
Bizkaia,2018-12,381906,3647,65669,1
Bizkaia,2019-01,334070,3486,80809,1
Bizkaia,2019-02,345890,3491,74368,1
Bizkaia,2019-03,441745,4007,94548,1
Bizkaia,2019-04,526331,4553,93251,1
Bizkaia,2019-05,543069,4900,90065,1
Bizkaia,2019-06,584053,4874,71035,1
Bizkaia,2019-07,603139,4930,77669,1
Bizkaia,2019-08,566611,4396,66877,1
Bizkaia,2019-09,583128,4909,84066,1
Bizkaia,2019-10,548981,4712,89062,1
Bizkaia,2019-11,431277,3755,81567,1
Bizkaia,2019-12,397526,3578,76254,1
Bizkaia,2020-01,350837,3429,83035,1
Bizkaia,2020-02,371193,3501,68286,1
Bizkaia,2020-03,173095,2304,36895,1
Bizkaia,2020-04,1415,248,123,1
Bizkaia,2020-05,1996,364,58,1
Bizkaia,2020-06,11594,386,7232,1
Bizkaia,2020-07,150866,1955,30357,1
Bizkaia,2020-08,219507,2447,31696,1
Bizkaia,2020-09,161337,2066,31327,1
Bizkaia,2020-10,134508,1659,39477,1
Bizkaia,2020-11,40877,972,26978,1
Bizkaia,2020-12,72786,1165,29025,1
Bizkaia,2021-01,57539,986,22179,1
Bizkaia,2021-02,37198,674,23294,1
Bizkaia,2021-03,53354,959,37731,1
Bizkaia,2021-04,61067,1113,21212,1
Bizkaia,2021-05,104386,1437,27946,1
Bizkaia,2021-06,225012,2375,36171,1
Bizkaia,2021-07,354710,3411,66292,1
Bizkaia,2021-08,408609,3507,43193,1
Bizkaia,2021-09,359572,3179,40299,1
Bizkaia,2021-10,358692,3193,55022,1
Bizkaia,2021-11,284520,2673,49492,1
Bizkaia,2021-12,276405,2922,49410,1
Bizkaia,2022-01,183141,2229,52598,1
Bizkaia,2022-02,212668,2224,44239,1
Bizkaia,2022-03,294759,2902,57046,1
Bizkaia,2022-04,440118,4006,56564,1
Bizkaia,2022-05,466933,4362,64755,1
Bizkaia,2022-06,534574,4515,72207,1
Bizkaia,2022-07,580572,4672,48748,1
Bizkaia,2022-08,572094,4319,37701,1
Bizkaia,2022-09,548960,4527,61856,1
Bizkaia,2022-10,517226,4448,61794,1
Bizkaia,2022-11,382762,3335,60953,1
Bizkaia,2022-12,395777,3380,53178,1
Bizkaia,2023-01,339841,3134,59217,1
Bizkaia,2023-02,348667,3075,60592,1
Bizkaia,2023-03,431540,3676,58900,1
Bizkaia,2023-04,531494,4466,62353,1
Bizkaia,2023-05,571040,4780,76681,1
Bizkaia,2023-06,604112,4761,65039,1
Bizkaia,2023-07,680002,5136,67034,1
Bizkaia,2023-08,664039,4827,52252,1
Bizkaia,2023-09,631054,5118,60659,1
Bizkaia,2023-10,611659,5016,67989,1
Bizkaia,2023-11,452302,3686,65498,1
Bizkaia,2023-12,470615,3773,54603,1
Bizkaia,2024-01,380327,3257,67576,1
Bizkaia,2024-02,410745,3256,71243,1
Bizkaia,2024-03,507560,3915,72451,1
Bizkaia,2024-04,592268,4682,80613,1
Bizkaia,2024-05,615977,4831,92441,1
Bizkaia,2024-06,653238,4908,85357,1
Bizkaia,2024-07,686039,5159,74334,1
Bizkaia,2024-08,668814,4760,68982,1
Bizkaia,2024-09,663116,5095,72604,1
Bizkaia,2024-10,624262,4754,94119,1
Bizkaia,2024-11,482219,3951,78215,1
Bizkaia,2024-12,493080,3971,69623,1
Burgos,2015-01,738,124,0,1
Burgos,2015-02,1426,163,0,1
Burgos,2015-03,1426,163,0,1
Burgos,2015-04,1832,170,0,1
Burgos,2015-05,944,272,0,1
Burgos,2015-06,871,220,0,1
Burgos,2015-07,586,273,0,1
Burgos,2015-08,548,280,0,1
Burgos,2015-09,510,199,0,1
Burgos,2015-10,278,123,0,1
Burgos,2015-11,240,103,0,1
Burgos,2015-12,296,125,0,1
Burgos,2016-01,110,44,0,1
Burgos,2016-02,189,72,0,1
Burgos,2016-03,259,80,0,1
Burgos,2016-04,315,107,0,1
Burgos,2016-05,401,138,0,1
Burgos,2016-06,640,245,350,1
Burgos,2016-07,521,209,0,1
Burgos,2016-08,695,246,0,1
Burgos,2016-09,520,194,0,1
Burgos,2016-10,577,236,0,1
Burgos,2016-11,230,86,0,1
Burgos,2016-12,225,93,0,1
Burgos,2017-01,178,68,0,1
Burgos,2017-02,266,98,0,1
Burgos,2017-03,256,103,0,1
Burgos,2017-04,573,204,0,1
Burgos,2017-05,490,178,0,1
Burgos,2017-06,464,191,0,1
Burgos,2017-07,965,474,0,1
Burgos,2017-08,921,358,0,1
Burgos,2017-09,780,321,0,1
Burgos,2017-10,483,188,0,1
Burgos,2017-11,447,135,0,1
Burgos,2017-12,130,48,0,1
Burgos,2018-01,212,73,0,1
Burgos,2018-02,251,80,0,1
Burgos,2018-03,230,74,0,1
Burgos,2018-04,286,106,0,1
Burgos,2018-05,461,168,0,1
Burgos,2018-06,1164,186,0,1
Burgos,2018-07,1637,299,0,1
Burgos,2018-08,2016,402,0,1
Burgos,2018-09,1493,321,0,1
Burgos,2018-10,1392,204,0,1
Burgos,2018-11,600,91,0,1
Burgos,2018-12,599,108,1600,1
Burgos,2019-01,732,89,0,1
Burgos,2019-02,923,198,10395,1
Burgos,2019-03,1851,342,22425,1
Burgos,2019-04,1753,164,0,1
Burgos,2019-05,1459,330,5898,1
Burgos,2019-06,1716,352,0,1
Burgos,2019-07,1642,253,0,1
Burgos,2019-08,2092,358,0,1
Burgos,2019-09,1406,249,0,1
Burgos,2019-10,1371,213,0,1
Burgos,2019-11,1261,279,400,1
Burgos,2019-12,1481,394,528,1
Burgos,2020-01,1699,528,0,1
Burgos,2020-02,3025,1051,0,1
Burgos,2020-03,1684,453,0,1
Burgos,2020-04,122,40,0,1
Burgos,2020-05,273,124,0,1
Burgos,2020-06,2933,1589,0,1
Burgos,2020-07,3204,1833,56,1
Burgos,2020-08,3254,1764,0,1
Burgos,2020-09,2701,1339,0,1
Burgos,2020-10,2102,975,0,1
Burgos,2020-11,2159,1223,0,1
Burgos,2020-12,383,403,0,1
Burgos,2021-01,473,425,0,1
Burgos,2021-02,360,1287,0,1
Burgos,2021-03,471,1806,0,1
Burgos,2021-04,537,1336,0,1
Burgos,2021-05,604,1846,0,1
Burgos,2021-06,732,1595,0,1
Burgos,2021-07,1047,1855,0,1
Burgos,2021-08,1448,1908,0,1
Burgos,2021-09,980,1707,200,1
Burgos,2021-10,1026,1608,0,1
Burgos,2021-11,1015,990,0,1
Burgos,2021-12,468,598,0,1
Burgos,2022-01,151,1392,0,1
Burgos,2022-02,174,1468,300,1
Burgos,2022-03,131,1090,0,1
Burgos,2022-04,273,1315,0,1
Burgos,2022-05,319,2231,0,1
Burgos,2022-06,183,1860,0,1
Burgos,2022-07,240,1919,0,1
Burgos,2022-08,237,1700,0,1
Burgos,2022-09,124,1576,0,1
Burgos,2022-10,120,1461,0,1
Burgos,2022-11,78,1329,0,1
Burgos,2022-12,68,618,0,1
Burgos,2023-01,79,845,0,1
Burgos,2023-02,647,1548,0,1
Burgos,2023-03,957,2236,0,1
Burgos,2023-04,245,2239,0,1
Burgos,2023-05,244,2398,0,1
Burgos,2023-06,312,1971,0,1
Burgos,2023-07,272,2379,0,1
Burgos,2023-08,239,2163,0,1
Burgos,2023-09,617,1970,0,1
Burgos,2023-10,124,1556,0,1
Burgos,2023-11,108,1708,0,1
Burgos,2023-12,212,1152,0,1
Burgos,2024-01,298,1431,0,1
Burgos,2024-02,91,1846,0,1
Burgos,2024-03,154,1744,0,1
Burgos,2024-04,668,2242,0,1
Burgos,2024-05,241,2229,0,1
Burgos,2024-06,168,2088,0,1
Burgos,2024-07,236,2554,0,1
Burgos,2024-08,288,2505,0,1
Burgos,2024-09,235,1812,0,1
Burgos,2024-10,75,1390,0,1
Burgos,2024-11,27,1890,0,1
Burgos,2024-12,14,809,0,1
Cadiz,2015-01,22334,2684,4039,1
Cadiz,2015-02,48507,3364,11,2
Cadiz,2015-03,48507,3364,11,2
Cadiz,2015-04,74519,3888,62,1
Cadiz,2015-05,91792,4213,1,2
Cadiz,2015-06,92498,3813,1,2
Cadiz,2015-07,97277,4005,0,2
Cadiz,2015-08,104893,4656,0,2
Cadiz,2015-09,98236,4190,58,2
Cadiz,2015-10,95382,3463,106,2
Cadiz,2015-11,42263,3642,0,1
Cadiz,2015-12,28246,2284,0,2
Cadiz,2016-01,26447,2827,0,2
Cadiz,2016-02,33805,3256,0,2
Cadiz,2016-03,56582,3934,0,2
Cadiz,2016-04,80871,3989,38,2
Cadiz,2016-05,101209,4513,0,2
Cadiz,2016-06,100836,5283,85,2
Cadiz,2016-07,104838,5216,41,2
Cadiz,2016-08,109004,4933,2,2
Cadiz,2016-09,107725,4351,0,2
Cadiz,2016-10,107386,4281,66,2
Cadiz,2016-11,52338,3944,51,2
Cadiz,2016-12,36024,2823,0,2
Cadiz,2017-01,32849,3839,40,2
Cadiz,2017-02,38725,3011,0,2
Cadiz,2017-03,59725,4139,226,2
Cadiz,2017-04,86941,3910,0,2
Cadiz,2017-05,112903,4322,0,2
Cadiz,2017-06,118149,4423,128,2
Cadiz,2017-07,129179,4910,0,2
Cadiz,2017-08,122267,4932,55,2
Cadiz,2017-09,124524,4663,0,2
Cadiz,2017-10,123673,4805,35,2
Cadiz,2017-11,61501,4053,94,2
Cadiz,2017-12,46683,2996,0,2
Cadiz,2018-01,42710,3603,100,2
Cadiz,2018-02,50204,3617,48,2
Cadiz,2018-03,68369,3154,82,2
Cadiz,2018-04,103963,4541,24,2
Cadiz,2018-05,124003,5323,0,2
Cadiz,2018-06,127561,5415,0,2
Cadiz,2018-07,136158,5396,0,2
Cadiz,2018-08,135301,5184,25,2
Cadiz,2018-09,130758,4857,0,2
Cadiz,2018-10,127528,5004,0,2
Cadiz,2018-11,67749,4520,0,2
Cadiz,2018-12,51261,3573,0,2
Cadiz,2019-01,47328,4177,0,2
Cadiz,2019-02,51143,4814,24,2
Cadiz,2019-03,79297,4809,1,2
Cadiz,2019-04,106304,4557,0,2
Cadiz,2019-05,127389,5260,108,2
Cadiz,2019-06,128337,5684,0,2
Cadiz,2019-07,132190,5583,0,2
Cadiz,2019-08,135903,5268,20,2
Cadiz,2019-09,129471,5055,69,2
Cadiz,2019-10,121570,5476,0,2
Cadiz,2019-11,54079,4049,88,2
Cadiz,2019-12,45881,3100,23,2
Cadiz,2020-01,43865,3774,90,2
Cadiz,2020-02,46056,5162,0,2
Cadiz,2020-03,26512,2439,0,2
Cadiz,2020-04,606,198,0,2
Cadiz,2020-05,472,442,0,2
Cadiz,2020-06,3064,2825,0,2
Cadiz,2020-07,29161,5360,0,2
Cadiz,2020-08,33939,5079,8,2
Cadiz,2020-09,19899,4572,2,2
Cadiz,2020-10,15307,4560,3,2
Cadiz,2020-11,8414,3348,0,2
Cadiz,2020-12,12581,1862,0,2
Cadiz,2021-01,9433,2962,0,2
Cadiz,2021-02,8295,4104,0,2
Cadiz,2021-03,10633,4627,0,2
Cadiz,2021-04,11069,3968,0,2
Cadiz,2021-05,20429,4347,0,2
Cadiz,2021-06,34997,4217,4,2
Cadiz,2021-07,66399,4059,0,2
Cadiz,2021-08,73316,3559,155,2
Cadiz,2021-09,75180,3421,115,2
Cadiz,2021-10,79658,3602,100,2
Cadiz,2021-11,50472,3409,0,2
Cadiz,2021-12,34297,2251,81,2
Cadiz,2022-01,24345,2868,0,2
Cadiz,2022-02,30231,3341,0,2
Cadiz,2022-03,49557,3482,0,2
Cadiz,2022-04,82482,3845,1612,2
Cadiz,2022-05,99335,4574,5,2
Cadiz,2022-06,102352,4454,0,2
Cadiz,2022-07,115864,3914,0,2
Cadiz,2022-08,125713,4184,0,2
Cadiz,2022-09,115432,4107,22,2
Cadiz,2022-10,108896,4794,0,2
Cadiz,2022-11,54383,3841,1797,2
Cadiz,2022-12,48852,1977,0,2
Cadiz,2023-01,41955,3503,1,2
Cadiz,2023-02,43495,4041,0,2
Cadiz,2023-03,64005,4728,100,2
Cadiz,2023-04,92294,4936,74,2
Cadiz,2023-05,102261,5042,0,2
Cadiz,2023-06,100491,4493,0,2
Cadiz,2023-07,103833,4091,0,2
Cadiz,2023-08,102384,4538,14,2
Cadiz,2023-09,102418,4514,0,2
Cadiz,2023-10,100058,4940,7,2
Cadiz,2023-11,48331,4439,0,2
Cadiz,2023-12,44761,3156,0,2
Cadiz,2024-01,36706,3388,0,2
Cadiz,2024-02,47836,4103,0,2
Cadiz,2024-03,64808,4239,0,2
Cadiz,2024-04,90984,5420,0,2
Cadiz,2024-05,105662,5419,0,2
Cadiz,2024-06,107278,4980,0,2
Cadiz,2024-07,104789,5384,0,2
Cadiz,2024-08,111169,5310,0,2
Cadiz,2024-09,110128,4973,0,2
Cadiz,2024-10,103979,4204,0,2
Cadiz,2024-11,53540,4597,0,2
Cadiz,2024-12,46609,3238,0,2
Cantabria,2015-01,39240,585,63,1
Cantabria,2015-02,52521,729,0,1
Cantabria,2015-03,52521,729,0,1
Cantabria,2015-04,83741,1003,251,1
Cantabria,2015-05,83206,1018,0,1
Cantabria,2015-06,88464,1117,4,1
Cantabria,2015-07,107013,1220,0,1
Cantabria,2015-08,104768,1122,0,1
Cantabria,2015-09,97071,1072,0,1
Cantabria,2015-10,85613,944,0,1
Cantabria,2015-11,48587,718,0,1
Cantabria,2015-12,44995,698,0,1
Cantabria,2016-01,42815,580,0,1
Cantabria,2016-02,47292,643,0,1
Cantabria,2016-03,54785,694,0,1
Cantabria,2016-04,66647,817,499,1
Cantabria,2016-05,70911,886,0,1
Cantabria,2016-06,75895,957,126,1
Cantabria,2016-07,86472,1055,0,1
Cantabria,2016-08,83049,1009,0,1
Cantabria,2016-09,79342,1014,0,1
Cantabria,2016-10,68239,847,0,1
Cantabria,2016-11,51445,655,0,1
Cantabria,2016-12,51426,665,0,1
Cantabria,2017-01,47829,612,0,1
Cantabria,2017-02,48373,626,0,1
Cantabria,2017-03,62954,854,0,1
Cantabria,2017-04,84008,1071,0,1
Cantabria,2017-05,82844,942,0,1
Cantabria,2017-06,90672,1064,0,1
Cantabria,2017-07,103131,1139,0,1
Cantabria,2017-08,104780,1115,0,1
Cantabria,2017-09,86385,1045,0,1
Cantabria,2017-10,85164,975,0,1
Cantabria,2017-11,71489,772,0,1
Cantabria,2017-12,70014,774,0,1
Cantabria,2018-01,65228,757,0,1
Cantabria,2018-02,64052,711,0,1
Cantabria,2018-03,77644,819,0,1
Cantabria,2018-04,93701,880,0,1
Cantabria,2018-05,98149,1044,0,1
Cantabria,2018-06,101358,1029,0,1
Cantabria,2018-07,118100,1232,0,1
Cantabria,2018-08,114345,1126,0,1
Cantabria,2018-09,105440,1077,0,1
Cantabria,2018-10,101294,953,0,1
Cantabria,2018-11,82363,815,0,1
Cantabria,2018-12,81679,815,0,1
Cantabria,2019-01,75022,703,0,1
Cantabria,2019-02,74131,799,0,1
Cantabria,2019-03,89789,887,122,1
Cantabria,2019-04,100807,873,3,1
Cantabria,2019-05,98895,942,1,1
Cantabria,2019-06,106783,1038,2,1
Cantabria,2019-07,123005,1230,0,1
Cantabria,2019-08,120979,1184,0,1
Cantabria,2019-09,107101,1045,34,1
Cantabria,2019-10,102260,944,2,1
Cantabria,2019-11,88558,730,0,1
Cantabria,2019-12,87669,863,1,1
Cantabria,2020-01,83192,793,0,1
Cantabria,2020-02,77086,723,0,1
Cantabria,2020-03,32350,427,0,1
Cantabria,2020-04,18,54,0,1
Cantabria,2020-05,16,162,0,1
Cantabria,2020-06,915,278,0,1
Cantabria,2020-07,33502,823,26,1
Cantabria,2020-08,44782,754,0,1
Cantabria,2020-09,28256,686,0,1
Cantabria,2020-10,18105,504,0,1
Cantabria,2020-11,6656,445,0,1
Cantabria,2020-12,10402,295,0,1
Cantabria,2021-01,8049,278,0,1
Cantabria,2021-02,5212,262,4,1
Cantabria,2021-03,6619,396,0,1
Cantabria,2021-04,6869,355,0,1
Cantabria,2021-05,14504,445,0,1
Cantabria,2021-06,37436,632,0,1
Cantabria,2021-07,66216,1025,5,1
Cantabria,2021-08,88183,1187,0,1
Cantabria,2021-09,75515,1000,0,1
Cantabria,2021-10,73848,1022,0,1
Cantabria,2021-11,63794,674,0,1
Cantabria,2021-12,57221,756,0,1
Cantabria,2022-01,39784,735,0,1
Cantabria,2022-02,54270,709,40,1
Cantabria,2022-03,63533,761,0,1
Cantabria,2022-04,92538,941,9,1
Cantabria,2022-05,100320,1186,0,1
Cantabria,2022-06,110744,1138,0,1
Cantabria,2022-07,127193,1403,0,1
Cantabria,2022-08,135626,1439,86,1
Cantabria,2022-09,115493,1264,146,1
Cantabria,2022-10,106809,1081,0,1
Cantabria,2022-11,78424,816,0,1
Cantabria,2022-12,77705,718,5,1
Cantabria,2023-01,76217,780,0,1
Cantabria,2023-02,75020,817,0,1
Cantabria,2023-03,88870,938,0,1
Cantabria,2023-04,117849,1165,0,1
Cantabria,2023-05,115632,1139,0,1
Cantabria,2023-06,111613,1094,0,1
Cantabria,2023-07,132150,1338,76,1
Cantabria,2023-08,135972,1301,0,1
Cantabria,2023-09,123400,1275,0,1
Cantabria,2023-10,117928,1171,0,1
Cantabria,2023-11,70366,748,0,1
Cantabria,2023-12,77072,823,0,1
Cantabria,2024-01,65820,766,0,1
Cantabria,2024-02,70266,786,0,1
Cantabria,2024-03,82728,875,0,1
Cantabria,2024-04,101338,1018,0,1
Cantabria,2024-05,102608,1001,0,1
Cantabria,2024-06,105586,1017,0,1
Cantabria,2024-07,112449,1220,0,1
Cantabria,2024-08,117223,1279,20,1
Cantabria,2024-09,107372,1093,0,1
Cantabria,2024-10,97772,1062,0,1
Cantabria,2024-11,64537,845,0,1
Cantabria,2024-12,67699,762,0,1
Ceuta,2015-01,166,48,0,1
Ceuta,2015-02,123,28,0,1
Ceuta,2015-03,123,28,0,1
Ceuta,2015-04,70,17,0,1
Ceuta,2015-05,74,19,0,1
Ceuta,2015-06,103,24,0,1
Ceuta,2015-07,82,20,0,1
Ceuta,2015-08,91,22,0,1
Ceuta,2015-09,63,14,0,1
Ceuta,2015-10,95,28,0,1
Ceuta,2015-11,84,20,0,1
Ceuta,2015-12,98,28,0,1
Ceuta,2016-01,78,18,0,1
Ceuta,2016-02,301,91,0,1
Ceuta,2016-03,246,78,0,1
Ceuta,2016-04,207,65,0,1
Ceuta,2016-05,116,29,0,1
Ceuta,2016-06,80,21,0,1
Ceuta,2016-07,88,22,0,1
Ceuta,2016-08,113,30,0,1
Ceuta,2016-09,55,18,0,1
Ceuta,2016-10,121,34,0,1
Ceuta,2016-11,87,22,0,1
Ceuta,2016-12,148,48,0,1
Ceuta,2017-01,116,30,0,1
Ceuta,2017-02,154,38,0,1
Ceuta,2017-03,136,36,0,1
Ceuta,2017-04,66,22,0,1
Ceuta,2017-05,59,16,0,1
Ceuta,2017-06,890,180,0,1
Ceuta,2017-07,2525,354,0,1
Ceuta,2017-08,2056,293,0,1
Ceuta,2017-09,2785,403,0,1
Ceuta,2017-10,2861,383,0,1
Ceuta,2017-11,3182,394,0,1
Ceuta,2017-12,2991,372,0,1
Ceuta,2018-01,3457,386,0,1
Ceuta,2018-02,3391,380,0,1
Ceuta,2018-03,3742,387,0,1
Ceuta,2018-04,3842,397,0,1
Ceuta,2018-05,4092,429,0,1
Ceuta,2018-06,3572,359,0,1
Ceuta,2018-07,4811,464,0,1
Ceuta,2018-08,4997,460,0,1
Ceuta,2018-09,4204,370,0,1
Ceuta,2018-10,6023,579,0,1
Ceuta,2018-11,5421,540,0,1
Ceuta,2018-12,4628,463,0,1
Ceuta,2019-01,5418,590,0,1
Ceuta,2019-02,5420,528,0,1
Ceuta,2019-03,6637,604,0,1
Ceuta,2019-04,4942,422,0,1
Ceuta,2019-05,6178,570,0,1
Ceuta,2019-06,6011,568,0,1
Ceuta,2019-07,6455,663,0,1
Ceuta,2019-08,5679,559,0,1
Ceuta,2019-09,5971,554,0,1
Ceuta,2019-10,6838,640,0,1
Ceuta,2019-11,6007,556,0,1
Ceuta,2019-12,6098,592,0,1
Ceuta,2020-01,6049,680,0,1
Ceuta,2020-02,5899,602,0,1
Ceuta,2020-03,3206,405,0,1
Ceuta,2020-04,487,146,0,1
Ceuta,2020-05,491,144,0,1
Ceuta,2020-06,2167,255,0,1
Ceuta,2020-07,4654,521,0,1
Ceuta,2020-08,3918,407,0,1
Ceuta,2020-09,4264,453,0,1
Ceuta,2020-10,4273,526,0,1
Ceuta,2020-11,2804,370,0,1
Ceuta,2020-12,3464,368,0,1
Ceuta,2021-01,2758,389,0,1
Ceuta,2021-02,3600,444,0,1
Ceuta,2021-03,4842,549,0,1
Ceuta,2021-04,4002,422,0,1
Ceuta,2021-05,4629,498,0,1
Ceuta,2021-06,5864,607,0,1
Ceuta,2021-07,6537,640,0,1
Ceuta,2021-08,6464,578,0,1
Ceuta,2021-09,6327,579,0,1
Ceuta,2021-10,6509,618,0,1
Ceuta,2021-11,6811,628,0,1
Ceuta,2021-12,6416,614,0,1
Ceuta,2022-01,5633,575,0,1
Ceuta,2022-02,6127,551,0,1
Ceuta,2022-03,7292,628,0,1
Ceuta,2022-04,6339,536,0,1
Ceuta,2022-05,6859,588,0,1
Ceuta,2022-06,6899,588,0,1
Ceuta,2022-07,7294,626,0,1
Ceuta,2022-08,6725,572,0,1
Ceuta,2022-09,6837,620,0,1
Ceuta,2022-10,6554,576,0,1
Ceuta,2022-11,6530,584,0,1
Ceuta,2022-12,6634,560,0,1
Ceuta,2023-01,6607,633,0,1
Ceuta,2023-02,6839,609,0,1
Ceuta,2023-03,7837,664,0,1
Ceuta,2023-04,6973,604,0,1
Ceuta,2023-05,7987,708,0,1
Ceuta,2023-06,7882,694,0,1
Ceuta,2023-07,7895,672,0,1
Ceuta,2023-08,6988,618,0,1
Ceuta,2023-09,6879,674,0,1
Ceuta,2023-10,7353,671,0,1
Ceuta,2023-11,7201,674,0,1
Ceuta,2023-12,6600,592,0,1
Ceuta,2024-01,6877,731,0,1
Ceuta,2024-02,6024,574,0,1
Ceuta,2024-03,6384,588,0,1
Ceuta,2024-04,7018,566,0,1
Ceuta,2024-05,7094,638,0,1
Ceuta,2024-06,6659,580,0,1
Ceuta,2024-07,7356,644,0,1
Ceuta,2024-08,6499,628,0,1
Ceuta,2024-09,6760,628,0,1
Ceuta,2024-10,7100,708,0,1
Ceuta,2024-11,6202,652,0,1
Ceuta,2024-12,6709,576,0,1
Cordoba,2015-01,477,484,0,1
Cordoba,2015-02,815,644,0,1
Cordoba,2015-03,815,644,0,1
Cordoba,2015-04,463,432,0,1
Cordoba,2015-05,645,625,0,1
Cordoba,2015-06,838,827,0,1
Cordoba,2015-07,553,642,0,1
Cordoba,2015-08,507,481,0,1
Cordoba,2015-09,729,566,0,1
Cordoba,2015-10,583,503,0,1
Cordoba,2015-11,743,604,0,1
Cordoba,2015-12,582,518,0,1
Cordoba,2016-01,503,434,0,1
Cordoba,2016-02,449,388,0,1
Cordoba,2016-03,568,538,0,1
Cordoba,2016-04,606,624,0,1
Cordoba,2016-05,677,700,0,1
Cordoba,2016-06,685,781,0,1
Cordoba,2016-07,660,688,0,1
Cordoba,2016-08,656,590,0,1
Cordoba,2016-09,809,716,0,1
Cordoba,2016-10,799,709,0,1
Cordoba,2016-11,509,540,0,1
Cordoba,2016-12,715,641,0,1
Cordoba,2017-01,628,552,0,1
Cordoba,2017-02,458,415,0,1
Cordoba,2017-03,619,562,0,1
Cordoba,2017-04,722,642,0,1
Cordoba,2017-05,752,723,0,1
Cordoba,2017-06,640,814,0,1
Cordoba,2017-07,833,670,0,1
Cordoba,2017-08,546,590,0,1
Cordoba,2017-09,960,858,0,1
Cordoba,2017-10,632,626,0,1
Cordoba,2017-11,659,637,0,1
Cordoba,2017-12,615,667,0,1
Cordoba,2018-01,486,442,0,1
Cordoba,2018-02,667,535,0,1
Cordoba,2018-03,267,298,0,1
Cordoba,2018-04,833,669,0,1
Cordoba,2018-05,880,808,0,1
Cordoba,2018-06,836,826,0,1
Cordoba,2018-07,778,763,0,1
Cordoba,2018-08,600,604,0,1
Cordoba,2018-09,861,820,0,1
Cordoba,2018-10,568,559,0,1
Cordoba,2018-11,637,574,0,1
Cordoba,2018-12,841,799,0,1
Cordoba,2019-01,672,654,0,1
Cordoba,2019-02,785,767,0,1
Cordoba,2019-03,942,882,0,1
Cordoba,2019-04,694,589,0,1
Cordoba,2019-05,924,784,0,1
Cordoba,2019-06,911,957,0,1
Cordoba,2019-07,920,966,0,1
Cordoba,2019-08,817,878,0,1
Cordoba,2019-09,1163,1164,0,1
Cordoba,2019-10,1187,1321,0,1
Cordoba,2019-11,902,945,0,1
Cordoba,2019-12,783,921,0,1
Cordoba,2020-01,998,896,0,1
Cordoba,2020-02,1222,1253,0,1
Cordoba,2020-03,568,486,0,1
Cordoba,2020-04,91,60,0,1
Cordoba,2020-05,146,200,0,1
Cordoba,2020-06,590,632,0,1
Cordoba,2020-07,699,755,0,1
Cordoba,2020-08,806,799,0,1
Cordoba,2020-09,890,800,0,1
Cordoba,2020-10,852,950,0,1
Cordoba,2020-11,674,724,0,1
Cordoba,2020-12,348,757,0,1
Cordoba,2021-01,166,690,0,1
Cordoba,2021-02,191,1009,0,1
Cordoba,2021-03,201,1166,0,1
Cordoba,2021-04,114,610,0,1
Cordoba,2021-05,365,1321,0,1
Cordoba,2021-06,307,1225,0,1
Cordoba,2021-07,312,1367,0,1
Cordoba,2021-08,156,1019,0,1
Cordoba,2021-09,407,719,0,1
Cordoba,2021-10,357,1027,0,1
Cordoba,2021-11,295,809,0,1
Cordoba,2021-12,141,599,0,1
Cordoba,2022-01,317,1096,0,1
Cordoba,2022-02,236,1569,0,1
Cordoba,2022-03,164,1090,0,1
Cordoba,2022-04,272,1063,0,1
Cordoba,2022-05,486,1279,0,1
Cordoba,2022-06,474,1069,0,1
Cordoba,2022-07,311,872,0,1
Cordoba,2022-08,161,497,0,1
Cordoba,2022-09,297,733,0,1
Cordoba,2022-10,266,935,0,1
Cordoba,2022-11,196,1036,0,1
Cordoba,2022-12,130,698,0,1
Cordoba,2023-01,345,1417,0,1
Cordoba,2023-02,478,1147,0,1
Cordoba,2023-03,539,1018,0,1
Cordoba,2023-04,458,980,0,1
Cordoba,2023-05,469,781,0,1
Cordoba,2023-06,583,945,0,1
Cordoba,2023-07,556,1103,0,1
Cordoba,2023-08,324,967,0,1
Cordoba,2023-09,582,1418,0,1
Cordoba,2023-10,407,1025,0,1
Cordoba,2023-11,414,1405,0,1
Cordoba,2023-12,802,1420,0,1
Cordoba,2024-01,415,800,0,1
Cordoba,2024-02,297,654,0,1
Cordoba,2024-03,288,877,0,1
Cordoba,2024-04,679,1514,0,1
Cordoba,2024-05,609,2125,0,1
Cordoba,2024-06,429,1194,0,1
Cordoba,2024-07,1622,1263,0,1
Cordoba,2024-08,1877,1578,0,1
Cordoba,2024-09,585,1155,0,1
Cordoba,2024-10,669,1028,0,1
Cordoba,2024-11,644,1592,0,1
Cordoba,2024-12,360,1291,0,1
Gipuzkoa,2015-01,15064,447,0,1
Gipuzkoa,2015-02,20850,529,313,1
Gipuzkoa,2015-03,20850,529,313,1
Gipuzkoa,2015-04,22323,569,384,1
Gipuzkoa,2015-05,26423,601,0,1
Gipuzkoa,2015-06,25187,658,154,1
Gipuzkoa,2015-07,26113,678,0,1
Gipuzkoa,2015-08,17239,590,1242,1
Gipuzkoa,2015-09,24482,677,0,1
Gipuzkoa,2015-10,24620,664,629,1
Gipuzkoa,2015-11,19265,522,0,1
Gipuzkoa,2015-12,17009,504,0,1
Gipuzkoa,2016-01,15859,452,0,1
Gipuzkoa,2016-02,18281,476,140,1
Gipuzkoa,2016-03,20156,502,0,1
Gipuzkoa,2016-04,23247,599,532,1
Gipuzkoa,2016-05,27358,657,98,1
Gipuzkoa,2016-06,27241,700,0,1
Gipuzkoa,2016-07,25748,681,480,1
Gipuzkoa,2016-08,17382,599,627,1
Gipuzkoa,2016-09,24220,664,330,1
Gipuzkoa,2016-10,25378,625,0,1
Gipuzkoa,2016-11,22679,540,0,1
Gipuzkoa,2016-12,16873,459,2352,1
Gipuzkoa,2017-01,17895,467,0,1
Gipuzkoa,2017-02,18034,425,786,1
Gipuzkoa,2017-03,22050,508,380,1
Gipuzkoa,2017-04,23308,532,0,1
Gipuzkoa,2017-05,29929,632,0,1
Gipuzkoa,2017-06,27799,688,614,1
Gipuzkoa,2017-07,28345,729,434,1
Gipuzkoa,2017-08,18414,554,544,1
Gipuzkoa,2017-09,25158,674,486,1
Gipuzkoa,2017-10,28296,736,0,1
Gipuzkoa,2017-11,23867,508,0,1
Gipuzkoa,2017-12,18764,472,0,1
Gipuzkoa,2018-01,20140,485,0,1
Gipuzkoa,2018-02,21151,450,684,1
Gipuzkoa,2018-03,22824,454,357,1
Gipuzkoa,2018-04,25150,562,0,1
Gipuzkoa,2018-05,27658,633,1153,1
Gipuzkoa,2018-06,25020,584,464,1
Gipuzkoa,2018-07,28853,649,198,1
Gipuzkoa,2018-08,22545,547,944,1
Gipuzkoa,2018-09,28598,666,0,1
Gipuzkoa,2018-10,27898,547,1604,1
Gipuzkoa,2018-11,20993,424,0,1
Gipuzkoa,2018-12,18610,414,1293,1
Gipuzkoa,2019-01,19129,407,0,1
Gipuzkoa,2019-02,20117,539,10,1
Gipuzkoa,2019-03,25120,572,3,1
Gipuzkoa,2019-04,27819,522,0,1
Gipuzkoa,2019-05,30153,581,0,1
Gipuzkoa,2019-06,31061,588,109,1
Gipuzkoa,2019-07,32933,652,15,1
Gipuzkoa,2019-08,23857,540,0,1
Gipuzkoa,2019-09,32273,729,0,1
Gipuzkoa,2019-10,31679,528,0,1
Gipuzkoa,2019-11,25345,420,67,1
Gipuzkoa,2019-12,20954,395,200,1
Gipuzkoa,2020-01,20063,399,21,1
Gipuzkoa,2020-02,22271,393,3,1
Gipuzkoa,2020-03,8853,245,0,1
Gipuzkoa,2020-04,0,6,0,1
Gipuzkoa,2020-05,3,5,0,1
Gipuzkoa,2020-06,232,34,0,1
Gipuzkoa,2020-07,3939,233,0,1
Gipuzkoa,2020-08,7848,268,0,1
Gipuzkoa,2020-09,4550,190,0,1
Gipuzkoa,2020-10,6703,212,0,1
Gipuzkoa,2020-11,3851,203,0,1
Gipuzkoa,2020-12,5556,133,0,1
Gipuzkoa,2021-01,2743,76,0,1
Gipuzkoa,2021-02,2796,90,0,1
Gipuzkoa,2021-03,4178,140,0,1
Gipuzkoa,2021-04,4881,147,0,1
Gipuzkoa,2021-05,7793,235,0,1
Gipuzkoa,2021-06,11144,232,0,1
Gipuzkoa,2021-07,20743,410,0,1
Gipuzkoa,2021-08,19766,401,0,1
Gipuzkoa,2021-09,23523,440,5,1
Gipuzkoa,2021-10,22913,412,107,1
Gipuzkoa,2021-11,17445,262,0,1
Gipuzkoa,2021-12,17404,274,0,1
Gipuzkoa,2022-01,14146,277,0,1
Gipuzkoa,2022-02,16958,246,0,1
Gipuzkoa,2022-03,21404,289,0,1
Gipuzkoa,2022-04,29088,383,0,1
Gipuzkoa,2022-05,36406,562,0,1
Gipuzkoa,2022-06,39000,574,0,1
Gipuzkoa,2022-07,43370,693,0,1
Gipuzkoa,2022-08,42226,599,0,1
Gipuzkoa,2022-09,43242,594,0,1
Gipuzkoa,2022-10,35900,542,0,1
Gipuzkoa,2022-11,29615,431,0,1
Gipuzkoa,2022-12,32224,387,0,1
Gipuzkoa,2023-01,27736,343,0,1
Gipuzkoa,2023-02,24966,340,0,1
Gipuzkoa,2023-03,31641,423,0,1
Gipuzkoa,2023-04,39553,535,0,1
Gipuzkoa,2023-05,44827,569,0,1
Gipuzkoa,2023-06,47612,621,1615,1
Gipuzkoa,2023-07,52218,733,0,1
Gipuzkoa,2023-08,49332,604,38,1
Gipuzkoa,2023-09,48274,624,91,1
Gipuzkoa,2023-10,45049,566,0,1
Gipuzkoa,2023-11,34490,414,786,1
Gipuzkoa,2023-12,36964,385,0,1
Gipuzkoa,2024-01,28423,356,0,1
Gipuzkoa,2024-02,29127,328,0,1
Gipuzkoa,2024-03,34498,412,0,1
Gipuzkoa,2024-04,43491,536,0,1
Gipuzkoa,2024-05,47453,575,0,1
Gipuzkoa,2024-06,51433,635,0,1
Gipuzkoa,2024-07,50530,643,0,1
Gipuzkoa,2024-08,46554,581,0,1
Gipuzkoa,2024-09,47785,584,0,1
Gipuzkoa,2024-10,42695,509,0,1
Gipuzkoa,2024-11,35251,511,0,1
Gipuzkoa,2024-12,29254,345,0,1
Girona,2015-01,49333,801,3470,1
Girona,2015-02,69776,1149,3322,1
Girona,2015-03,69776,1149,3322,1
Girona,2015-04,169408,1769,3480,1
Girona,2015-05,201979,2341,7294,1
Girona,2015-06,215985,2269,17769,1
Girona,2015-07,253564,2596,34482,1
Girona,2015-08,255076,2258,10414,1
Girona,2015-09,217884,2045,6050,1
Girona,2015-10,182853,1736,1457,1
Girona,2015-11,62622,994,2118,1
Girona,2015-12,48346,722,320,1
Girona,2016-01,47284,796,0,1
Girona,2016-02,51681,915,9658,1
Girona,2016-03,76025,1110,3160,1
Girona,2016-04,140128,1439,370,1
Girona,2016-05,176136,1963,6269,1
Girona,2016-06,205739,2453,5525,1
Girona,2016-07,258766,2663,3222,1
Girona,2016-08,257894,2412,4149,1
Girona,2016-09,200199,1868,3317,1
Girona,2016-10,161369,1600,1070,1
Girona,2016-11,50246,912,8441,1
Girona,2016-12,39389,684,6183,1
Girona,2017-01,40742,751,2564,1
Girona,2017-02,39552,914,5835,1
Girona,2017-03,63805,1115,3070,1
Girona,2017-04,183292,1798,11407,1
Girona,2017-05,219688,2192,19646,1
Girona,2017-06,259252,2263,29312,1
Girona,2017-07,303258,2838,4664,1
Girona,2017-08,297668,2406,840,1
Girona,2017-09,254348,1885,14175,1
Girona,2017-10,196308,1830,25768,1
Girona,2017-11,46133,693,5000,1
Girona,2017-12,42648,569,3220,1
Girona,2018-01,41718,726,655,1
Girona,2018-02,40719,588,8784,1
Girona,2018-03,72885,929,11929,1
Girona,2018-04,178095,1511,10472,1
Girona,2018-05,227229,1975,17616,1
Girona,2018-06,281357,2281,44621,1
Girona,2018-07,310140,2447,18135,1
Girona,2018-08,315410,2431,2484,1
Girona,2018-09,280660,2131,5278,1
Girona,2018-10,196293,1701,4829,1
Girona,2018-11,38326,602,6114,1
Girona,2018-12,37306,552,2045,1
Girona,2019-01,37413,556,23960,1
Girona,2019-02,34374,663,4982,1
Girona,2019-03,40173,586,1485,1
Girona,2019-04,175376,1443,1342,1
Girona,2019-05,229321,2002,9070,1
Girona,2019-06,273998,2151,5408,1
Girona,2019-07,294820,2439,2315,1
Girona,2019-08,305203,2366,3729,1
Girona,2019-09,258753,2019,11387,1
Girona,2019-10,199598,1668,4463,1
Girona,2019-11,46355,1386,1355,1
Girona,2019-12,37665,974,8737,1
Girona,2020-01,36126,922,40551,1
Girona,2020-02,35090,1274,9484,1
Girona,2020-03,12753,515,24742,1
Girona,2020-04,70,70,656,1
Girona,2020-05,95,97,1575,1
Girona,2020-06,748,330,270,1
Girona,2020-07,35590,1235,78283,1
Girona,2020-08,37565,1685,41874,1
Girona,2020-09,8603,1186,92927,1
Girona,2020-10,3497,1060,7327,1
Girona,2020-11,942,866,7509,1
Girona,2020-12,1092,719,21907,1
Girona,2021-01,763,725,16062,1
Girona,2021-02,382,505,7289,1
Girona,2021-03,565,806,1890,1
Girona,2021-04,476,686,320,1
Girona,2021-05,1874,898,1302,1
Girona,2021-06,19497,1134,2141,1
Girona,2021-07,52259,1796,200,1
Girona,2021-08,80680,1956,1140,1
Girona,2021-09,69028,1518,410,1
Girona,2021-10,65283,1521,2434,1
Girona,2021-11,7107,976,62497,1
Girona,2021-12,14316,980,8812,1
Girona,2022-01,10566,1153,12627,1
Girona,2022-02,16383,1124,21368,1
Girona,2022-03,27215,887,6189,1
Girona,2022-04,100276,1778,5435,1
Girona,2022-05,162265,2349,6118,1
Girona,2022-06,190796,2305,13478,1
Girona,2022-07,212696,2576,2382,1
Girona,2022-08,218957,2431,3542,1
Girona,2022-09,193035,2190,28721,1
Girona,2022-10,153662,2226,7879,1
Girona,2022-11,14432,1194,8031,1
Girona,2022-12,14158,1068,47544,1
Girona,2023-01,14320,1077,10747,1
Girona,2023-02,13474,965,12803,1
Girona,2023-03,27006,1202,10622,1
Girona,2023-04,90800,1474,8069,1
Girona,2023-05,122918,1559,3728,1
Girona,2023-06,224486,2320,27277,1
Girona,2023-07,284723,2768,5331,1
Girona,2023-08,289138,2736,55703,1
Girona,2023-09,265176,2558,105937,1
Girona,2023-10,190290,2126,423,1
Girona,2023-11,31675,661,65715,1
Girona,2023-12,32452,962,1665,1
Girona,2024-01,28152,856,10553,1
Girona,2024-02,25597,786,23855,1
Girona,2024-03,53711,913,1663,1
Girona,2024-04,170690,2049,3594,1
Girona,2024-05,217727,2390,10374,1
Girona,2024-06,273108,2821,17653,1
Girona,2024-07,286702,3117,18619,1
Girona,2024-08,344309,3207,875,1
Girona,2024-09,305208,2836,27981,1
Girona,2024-10,202360,2650,87640,1
Girona,2024-11,41471,1386,63467,1
Girona,2024-12,48986,1359,35683,1
Granada,2015-01,46904,807,0,1
Granada,2015-02,59680,852,0,1
Granada,2015-03,59680,852,0,1
Granada,2015-04,62176,960,278,1
Granada,2015-05,61649,940,72,1
Granada,2015-06,65900,1076,17,1
Granada,2015-07,59155,1018,118,1
Granada,2015-08,55748,804,136,1
Granada,2015-09,67646,988,0,1
Granada,2015-10,66688,1005,0,1
Granada,2015-11,54472,955,16,1
Granada,2015-12,57984,926,204,1
Granada,2016-01,53599,786,326,1
Granada,2016-02,54135,864,1373,1
Granada,2016-03,68332,924,789,1
Granada,2016-04,65723,892,857,1
Granada,2016-05,72180,1040,185,1
Granada,2016-06,66203,1155,7,1
Granada,2016-07,65587,1139,140,1
Granada,2016-08,56081,820,10,1
Granada,2016-09,67185,893,991,1
Granada,2016-10,65631,1046,75,1
Granada,2016-11,60862,864,698,1
Granada,2016-12,55769,910,1450,1
Granada,2017-01,56001,1027,215,1
Granada,2017-02,57596,908,284,1
Granada,2017-03,70728,906,110,1
Granada,2017-04,78460,1026,160,1
Granada,2017-05,82668,1157,149,1
Granada,2017-06,79686,1165,167,1
Granada,2017-07,79584,1161,177,1
Granada,2017-08,70462,965,4,1
Granada,2017-09,86140,1199,2,1
Granada,2017-10,87888,1064,0,1
Granada,2017-11,73785,944,8,1
Granada,2017-12,78969,1017,15,1
Granada,2018-01,73652,1074,74,1
Granada,2018-02,76261,946,193,1
Granada,2018-03,92128,1134,0,1
Granada,2018-04,96843,1191,0,1
Granada,2018-05,96265,1315,5,1
Granada,2018-06,96248,1265,0,1
Granada,2018-07,96886,1127,0,1
Granada,2018-08,92518,972,0,1
Granada,2018-09,106062,1198,0,1
Granada,2018-10,107863,1216,40,1
Granada,2018-11,94091,1054,24,1
Granada,2018-12,97600,1126,0,1
Granada,2019-01,90185,1011,0,1
Granada,2019-02,89652,1097,0,1
Granada,2019-03,109191,1233,0,1
Granada,2019-04,105141,1049,0,1
Granada,2019-05,108102,1343,13,1
Granada,2019-06,110164,1642,0,1
Granada,2019-07,110835,1294,0,1
Granada,2019-08,106311,1169,0,1
Granada,2019-09,114238,1176,0,1
Granada,2019-10,109207,1329,0,1
Granada,2019-11,97243,1162,0,1
Granada,2019-12,101750,1024,0,1
Granada,2020-01,91714,1037,0,1
Granada,2020-02,92237,1090,0,1
Granada,2020-03,40942,687,0,1
Granada,2020-04,371,61,0,1
Granada,2020-05,487,95,0,1
Granada,2020-06,1637,290,0,1
Granada,2020-07,29561,876,0,1
Granada,2020-08,42935,864,0,1
Granada,2020-09,36274,862,0,1
Granada,2020-10,24824,801,0,1
Granada,2020-11,9280,593,0,1
Granada,2020-12,20050,576,0,1
Granada,2021-01,13293,427,0,1
Granada,2021-02,9201,502,0,1
Granada,2021-03,15441,704,0,1
Granada,2021-04,16029,551,0,1
Granada,2021-05,22481,752,0,1
Granada,2021-06,38465,925,0,1
Granada,2021-07,61643,1200,0,1
Granada,2021-08,73355,924,0,1
Granada,2021-09,66329,1041,0,1
Granada,2021-10,66852,1153,0,1
Granada,2021-11,56672,927,0,1
Granada,2021-12,62829,957,0,1
Granada,2022-01,46218,860,0,1
Granada,2022-02,48347,949,0,1
Granada,2022-03,64549,984,0,1
Granada,2022-04,76878,1244,0,1
Granada,2022-05,83807,1511,0,1
Granada,2022-06,83389,1333,0,1
Granada,2022-07,88656,1441,0,1
Granada,2022-08,86055,972,0,1
Granada,2022-09,88458,1246,0,1
Granada,2022-10,90518,1388,30,1
Granada,2022-11,73459,1127,0,1
Granada,2022-12,78376,986,0,1
Granada,2023-01,72266,1174,0,1
Granada,2023-02,75873,1319,20,1
Granada,2023-03,85166,1496,0,1
Granada,2023-04,86217,1501,8,1
Granada,2023-05,83640,1312,0,1
Granada,2023-06,80294,1390,0,1
Granada,2023-07,93158,1503,35,1
Granada,2023-08,95634,1170,0,1
Granada,2023-09,94118,1446,2,1
Granada,2023-10,91838,1288,0,1
Granada,2023-11,87813,1309,0,1
Granada,2023-12,93406,1263,28,1
Granada,2024-01,88340,1097,0,1
Granada,2024-02,85690,1140,0,1
Granada,2024-03,100157,1296,0,1
Granada,2024-04,92671,1551,0,1
Granada,2024-05,95882,1702,0,1
Granada,2024-06,91501,1603,0,1
Granada,2024-07,96272,1665,0,1
Granada,2024-08,94902,1553,0,1
Granada,2024-09,92188,1694,0,1
Granada,2024-10,97445,1832,0,1
Granada,2024-11,95503,1511,0,1
Granada,2024-12,103003,1800,0,1
Huesca,2015-01,0,60,0,1
Huesca,2015-02,0,104,0,1
Huesca,2015-03,0,104,0,1
Huesca,2015-04,22,117,0,1
Huesca,2015-05,8,171,0,1
Huesca,2015-06,20,148,0,1
Huesca,2015-07,1,204,0,1
Huesca,2015-08,16,250,0,1
Huesca,2015-09,8,347,0,1
Huesca,2015-10,28,439,0,1
Huesca,2015-11,0,326,0,1
Huesca,2015-12,131,392,0,1
Huesca,2016-01,4,307,0,1
Huesca,2016-02,8,336,0,1
Huesca,2016-03,2,388,0,1
Huesca,2016-04,30,353,0,1
Huesca,2016-05,10,539,0,1
Huesca,2016-06,6,571,0,1
Huesca,2016-07,13,478,0,1
Huesca,2016-08,15,461,0,1
Huesca,2016-09,5,374,0,1
Huesca,2016-10,2,367,0,1
Huesca,2016-11,0,324,0,1
Huesca,2016-12,0,186,0,1
Huesca,2017-01,0,340,0,1
Huesca,2017-02,0,228,0,1
Huesca,2017-03,11,470,0,1
Huesca,2017-04,40,504,0,1
Huesca,2017-05,79,714,0,1
Huesca,2017-06,84,808,0,1
Huesca,2017-07,7,750,0,1
Huesca,2017-08,10,877,0,1
Huesca,2017-09,11,765,0,1
Huesca,2017-10,4,905,0,1
Huesca,2017-11,2,816,0,1
Huesca,2017-12,9,581,0,1
Huesca,2018-01,1,310,0,1
Huesca,2018-02,0,578,0,1
Huesca,2018-03,70,747,0,1
Huesca,2018-04,8,688,0,1
Huesca,2018-05,668,756,0,1
Huesca,2018-06,15,716,0,1
Huesca,2018-07,11,881,0,1
Huesca,2018-08,11,970,0,1
Huesca,2018-09,34,1339,0,1
Huesca,2018-10,6,918,0,1
Huesca,2018-11,260,998,0,1
Huesca,2018-12,389,578,0,1
Huesca,2019-01,35,610,0,1
Huesca,2019-02,41,1080,0,1
Huesca,2019-03,114,1024,0,1
Huesca,2019-04,264,834,0,1
Huesca,2019-05,119,913,0,1
Huesca,2019-06,6,822,0,1
Huesca,2019-07,15,843,0,1
Huesca,2019-08,17,657,0,1
Huesca,2019-09,3,574,0,1
Huesca,2019-10,2,689,0,1
Huesca,2019-11,2,648,0,1
Huesca,2019-12,4,504,0,1
Huesca,2020-01,1,467,0,1
Huesca,2020-02,79,573,0,1
Huesca,2020-03,0,326,0,1
Huesca,2020-04,5,11,0,1
Huesca,2020-05,3,30,0,1
Huesca,2020-06,279,138,0,1
Huesca,2020-07,474,125,0,1
Huesca,2020-08,12,182,0,1
Huesca,2020-09,252,218,0,1
Huesca,2020-10,123,186,0,1
Huesca,2020-11,114,96,0,1
Huesca,2020-12,188,83,0,1
Huesca,2021-01,162,60,0,1
Huesca,2021-02,282,152,0,1
Huesca,2021-03,45,272,0,1
Huesca,2021-04,101,286,0,1
Huesca,2021-05,337,273,0,1
Huesca,2021-06,23,307,0,1
Huesca,2021-07,6,158,0,1
Huesca,2021-08,43,222,0,1
Huesca,2021-09,20,280,0,1
Huesca,2021-10,25,254,0,1
Huesca,2021-11,172,121,0,1
Huesca,2021-12,13,47,0,1
Huesca,2022-01,106,124,0,1
Huesca,2022-02,5,82,0,1
Huesca,2022-03,0,79,0,1
Huesca,2022-04,90,112,0,1
Huesca,2022-05,75,234,0,1
Huesca,2022-06,13,115,0,1
Huesca,2022-07,3,116,0,1
Huesca,2022-08,6,105,0,1
Huesca,2022-09,0,80,0,1
Huesca,2022-10,6,96,0,1
Huesca,2022-11,14,72,0,1
Huesca,2022-12,6,32,0,1
Huesca,2023-01,5,122,0,1
Huesca,2023-02,13,128,0,1
Huesca,2023-03,16,85,0,1
Huesca,2023-04,1,112,0,1
Huesca,2023-05,24,104,0,1
Huesca,2023-06,30,136,0,1
Huesca,2023-07,23,116,0,1
Huesca,2023-08,13,108,0,1
Huesca,2023-09,12,120,0,1
Huesca,2023-10,37,126,0,1
Huesca,2023-11,4,78,0,1
Huesca,2023-12,98,101,0,1
Huesca,2024-01,0,66,0,1
Huesca,2024-02,0,84,0,1
Huesca,2024-03,33,128,0,1
Huesca,2024-04,0,144,0,1
Huesca,2024-05,188,188,0,1
Huesca,2024-06,68,209,0,1
Huesca,2024-07,22,164,0,1
Huesca,2024-08,6,215,0,1
Huesca,2024-09,0,167,0,1
Huesca,2024-10,147,161,0,1
Huesca,2024-11,12,118,0,1
Huesca,2024-12,6,99,0,1
Illes Balears,2015-01,717218,8860,898934,4
Illes Balears,2015-02,1190842,11739,1147039,4
Illes Balears,2015-03,1190842,11739,1147039,4
Illes Balears,2015-04,2148636,19573,1221346,4
Illes Balears,2015-05,3521888,30096,1378522,4
Illes Balears,2015-06,4372951,34976,1509384,4
Illes Balears,2015-07,5242329,42579,1636294,4
Illes Balears,2015-08,5707093,45153,1455095,4
Illes Balears,2015-09,4521508,34734,1342073,4
Illes Balears,2015-10,3047114,25798,1279124,4
Illes Balears,2015-11,954675,11390,998266,4
Illes Balears,2015-12,878933,11050,1060429,4
Illes Balears,2016-01,794223,10294,864914,4
Illes Balears,2016-02,901976,10497,943087,4
Illes Balears,2016-03,1489786,15335,1015594,4
Illes Balears,2016-04,2252310,20811,1115807,4
Illes Balears,2016-05,3980444,32445,1335575,4
Illes Balears,2016-06,4887574,38218,1371994,4
Illes Balears,2016-07,5898626,47075,1381432,4
Illes Balears,2016-08,6026638,48226,1249178,4
Illes Balears,2016-09,5003079,38588,1323515,4
Illes Balears,2016-10,3640973,29714,1153027,4
Illes Balears,2016-11,1036714,12007,957114,4
Illes Balears,2016-12,939392,11119,968057,4
Illes Balears,2017-01,843328,10670,881462,4
Illes Balears,2017-02,931025,10362,893260,4
Illes Balears,2017-03,1412558,14639,1064043,4
Illes Balears,2017-04,2845115,24313,922583,4
Illes Balears,2017-05,4179565,33786,1262583,4
Illes Balears,2017-06,5260421,40717,1336872,4
Illes Balears,2017-07,6182425,48632,1304387,4
Illes Balears,2017-08,6270006,48994,1319605,4
Illes Balears,2017-09,5311362,40204,1125119,4
Illes Balears,2017-10,3808491,30883,1158244,4
Illes Balears,2017-11,1204049,12668,1088587,4
Illes Balears,2017-12,1063013,11162,955414,4
Illes Balears,2018-01,933051,10870,863225,4
Illes Balears,2018-02,1022656,10858,866951,4
Illes Balears,2018-03,1651954,16216,1018830,4
Illes Balears,2018-04,2831817,24640,1040989,4
Illes Balears,2018-05,4333696,34622,1310150,4
Illes Balears,2018-06,5455896,42924,1303344,4
Illes Balears,2018-07,6194912,49032,1305953,4
Illes Balears,2018-08,6258041,49172,1109772,4
Illes Balears,2018-09,5438757,41952,1143838,4
Illes Balears,2018-10,3954881,32595,1144281,4
Illes Balears,2018-11,1304102,14207,969029,4
Illes Balears,2018-12,1252303,13577,780003,4
Illes Balears,2019-01,1083015,12667,865584,4
Illes Balears,2019-02,1151550,11978,826480,4
Illes Balears,2019-03,1649008,15355,924057,4
Illes Balears,2019-04,3197982,26708,991358,4
Illes Balears,2019-05,4383043,34823,1147966,4
Illes Balears,2019-06,5558970,42821,1058997,4
Illes Balears,2019-07,6179343,47710,1109274,4
Illes Balears,2019-08,6347643,48185,1062738,4
Illes Balears,2019-09,5407782,40358,1030060,4
Illes Balears,2019-10,3875836,31372,1074103,4
Illes Balears,2019-11,1299093,12962,763511,4
Illes Balears,2019-12,1242650,12614,840795,4
Illes Balears,2020-01,1077783,11959,1100502,4
Illes Balears,2020-02,1198390,12266,783567,4
Illes Balears,2020-03,664871,8509,668778,4
Illes Balears,2020-04,13281,1276,388088,4
Illes Balears,2020-05,34728,1818,816862,4
Illes Balears,2020-06,201756,4916,694617,4
Illes Balears,2020-07,1737573,22986,769342,4
Illes Balears,2020-08,2137091,28760,694749,4
Illes Balears,2020-09,957422,16646,730320,4
Illes Balears,2020-10,614043,11447,700007,4
Illes Balears,2020-11,296911,6604,666695,4
Illes Balears,2020-12,365209,7313,739062,4
Illes Balears,2021-01,241256,6027,502327,4
Illes Balears,2021-02,202165,4844,570651,4
Illes Balears,2021-03,375437,7479,675829,4
Illes Balears,2021-04,588823,10986,584715,4
Illes Balears,2021-05,1209640,16058,693946,4
Illes Balears,2021-06,2171854,24938,809844,4
Illes Balears,2021-07,3848894,40853,890728,4
Illes Balears,2021-08,4246605,42286,802384,4
Illes Balears,2021-09,3535393,33536,816212,4
Illes Balears,2021-10,3172034,29993,761896,4
Illes Balears,2021-11,1076300,12641,809309,4
Illes Balears,2021-12,1013532,13001,753042,4
Illes Balears,2022-01,763563,11419,608236,4
Illes Balears,2022-02,947860,11255,673360,4
Illes Balears,2022-03,1430983,15591,775614,4
Illes Balears,2022-04,3198272,29737,734040,4
Illes Balears,2022-05,4351220,37421,915617,4
Illes Balears,2022-06,5428166,43611,975862,4
Illes Balears,2022-07,6186544,49736,928419,4
Illes Balears,2022-08,6248551,49388,840944,4
Illes Balears,2022-09,5356602,41351,849155,4
Illes Balears,2022-10,4178286,35803,777285,4
Illes Balears,2022-11,1293991,13980,750514,4
Illes Balears,2022-12,1255938,13529,681817,4
Illes Balears,2023-01,1142422,13178,623744,4
Illes Balears,2023-02,1187681,13181,635860,4
Illes Balears,2023-03,1749769,18102,765262,4
Illes Balears,2023-04,3626749,31052,673704,4
Illes Balears,2023-05,4778805,37596,853221,4
Illes Balears,2023-06,5579059,43330,891855,4
Illes Balears,2023-07,6538600,50591,841519,4
Illes Balears,2023-08,6545492,49140,799273,4
Illes Balears,2023-09,5663544,42776,766096,4
Illes Balears,2023-10,4479228,36422,736675,4
Illes Balears,2023-11,1430581,14952,704261,4
Illes Balears,2023-12,1371014,14014,574035,4
Illes Balears,2024-01,1173722,13463,594062,4
Illes Balears,2024-02,1341344,13720,628174,4
Illes Balears,2024-03,1945059,18391,592745,4
Illes Balears,2024-04,3673946,31579,712506,4
Illes Balears,2024-05,5295219,41253,794081,4
Illes Balears,2024-06,6007698,46031,752562,4
Illes Balears,2024-07,6755623,51913,819975,4
Illes Balears,2024-08,6807998,51343,656800,4
Illes Balears,2024-09,5874175,44426,662039,4
Illes Balears,2024-10,4692985,37892,758307,4
Illes Balears,2024-11,1559872,16370,647658,4
Illes Balears,2024-12,1426516,15065,603078,4
La Rioja,2015-01,795,92,0,1
La Rioja,2015-02,1090,113,0,1
La Rioja,2015-03,1090,113,0,1
La Rioja,2015-04,1703,129,0,1
La Rioja,2015-05,1375,119,0,1
La Rioja,2015-06,1309,111,0,1
La Rioja,2015-07,1138,145,0,1
La Rioja,2015-08,1416,171,0,1
La Rioja,2015-09,1271,124,0,1
La Rioja,2015-10,1728,122,0,1
La Rioja,2015-11,1115,85,0,1
La Rioja,2015-12,1039,72,0,1
La Rioja,2016-01,923,77,0,1
La Rioja,2016-02,1039,72,0,1
La Rioja,2016-03,1584,90,0,1
La Rioja,2016-04,1285,98,0,1
La Rioja,2016-05,1566,132,0,1
La Rioja,2016-06,1642,125,0,1
La Rioja,2016-07,1482,178,0,1
La Rioja,2016-08,1150,134,0,1
La Rioja,2016-09,1745,132,0,1
La Rioja,2016-10,1397,102,0,1
La Rioja,2016-11,1487,96,0,1
La Rioja,2016-12,2067,69,0,1
La Rioja,2017-01,1084,75,0,1
La Rioja,2017-02,1393,100,0,1
La Rioja,2017-03,2069,142,0,1
La Rioja,2017-04,2025,108,0,1
La Rioja,2017-05,1690,119,0,1
La Rioja,2017-06,1535,127,0,1
La Rioja,2017-07,1370,169,0,1
La Rioja,2017-08,1150,128,0,1
La Rioja,2017-09,2310,140,0,1
La Rioja,2017-10,1744,147,0,1
La Rioja,2017-11,1756,108,0,1
La Rioja,2017-12,1882,84,0,1
La Rioja,2018-01,1218,79,0,1
La Rioja,2018-02,1389,93,0,1
La Rioja,2018-03,1934,92,0,1
La Rioja,2018-04,1959,124,0,1
La Rioja,2018-05,1773,115,0,1
La Rioja,2018-06,1761,203,0,1
La Rioja,2018-07,1866,128,0,1
La Rioja,2018-08,1499,98,0,1
La Rioja,2018-09,2513,127,0,1
La Rioja,2018-10,1893,114,0,1
La Rioja,2018-11,1688,98,0,1
La Rioja,2018-12,1888,105,0,1
La Rioja,2019-01,1164,65,0,1
La Rioja,2019-02,1646,122,0,1
La Rioja,2019-03,1932,116,0,1
La Rioja,2019-04,2238,124,0,1
La Rioja,2019-05,1876,154,0,1
La Rioja,2019-06,1736,186,0,1
La Rioja,2019-07,1385,121,0,1
La Rioja,2019-08,1487,125,0,1
La Rioja,2019-09,2219,146,0,1
La Rioja,2019-10,1721,121,0,1
La Rioja,2019-11,666,74,0,1
La Rioja,2019-12,1378,66,0,1
La Rioja,2020-01,625,68,0,1
La Rioja,2020-02,754,82,0,1
La Rioja,2020-03,414,72,0,1
La Rioja,2020-04,14,8,0,1
La Rioja,2020-05,80,26,0,1
La Rioja,2020-06,191,114,0,1
La Rioja,2020-07,526,120,0,1
La Rioja,2020-08,424,118,0,1
La Rioja,2020-09,363,115,0,1
La Rioja,2020-10,386,107,0,1
La Rioja,2020-11,345,56,0,1
La Rioja,2020-12,314,28,0,1
La Rioja,2021-01,0,22,0,1
La Rioja,2021-02,131,34,0,1
La Rioja,2021-03,237,78,0,1
La Rioja,2021-04,13,84,0,1
La Rioja,2021-05,206,106,0,1
La Rioja,2021-06,294,148,0,1
La Rioja,2021-07,664,236,0,1
La Rioja,2021-08,504,238,0,1
La Rioja,2021-09,610,144,0,1
La Rioja,2021-10,644,119,0,1
La Rioja,2021-11,536,75,0,1
La Rioja,2021-12,1078,48,0,1
La Rioja,2022-01,349,56,0,1
La Rioja,2022-02,685,94,0,1
La Rioja,2022-03,999,72,0,1
La Rioja,2022-04,1166,104,0,1
La Rioja,2022-05,1227,157,0,1
La Rioja,2022-06,1069,247,0,1
La Rioja,2022-07,850,348,0,1
La Rioja,2022-08,652,297,0,1
La Rioja,2022-09,1234,210,0,1
La Rioja,2022-10,1160,234,0,1
La Rioja,2022-11,1266,119,0,1
La Rioja,2022-12,1176,65,0,1
La Rioja,2023-01,692,81,0,1
La Rioja,2023-02,1262,126,0,1
La Rioja,2023-03,1944,155,0,1
La Rioja,2023-04,1990,165,0,1
La Rioja,2023-05,1516,194,0,1
La Rioja,2023-06,1332,192,0,1
La Rioja,2023-07,1125,221,0,1
La Rioja,2023-08,312,253,0,1
La Rioja,2023-09,1565,174,0,1
La Rioja,2023-10,1601,179,0,1
La Rioja,2023-11,1644,133,0,1
La Rioja,2023-12,1779,117,0,1
La Rioja,2024-01,1147,91,0,1
La Rioja,2024-02,1504,154,0,1
La Rioja,2024-03,2154,764,0,1
La Rioja,2024-04,2221,816,0,1
La Rioja,2024-05,1720,767,0,1
La Rioja,2024-06,1696,847,0,1
La Rioja,2024-07,1247,1290,0,1
La Rioja,2024-08,161,1422,0,1
La Rioja,2024-09,2230,787,0,1
La Rioja,2024-10,1893,781,0,1
La Rioja,2024-11,1541,600,0,1
La Rioja,2024-12,1118,462,0,1
Las Palmas,2015-01,1802801,16503,1641261,3
Las Palmas,2015-02,1942876,16602,1905801,3
Las Palmas,2015-03,1942876,16602,1905801,3
Las Palmas,2015-04,1775116,15952,1719746,3
Las Palmas,2015-05,1576819,14663,1830247,3
Las Palmas,2015-06,1579901,14310,1698967,3
Las Palmas,2015-07,1839272,15750,1872902,3
Las Palmas,2015-08,1997052,16442,1691262,3
Las Palmas,2015-09,1688360,14235,1784852,3
Las Palmas,2015-10,1985014,16561,1839211,3
Las Palmas,2015-11,1953547,16665,1878081,3
Las Palmas,2015-12,1923192,17237,1981656,3
Las Palmas,2016-01,1996895,17383,1710070,3
Las Palmas,2016-02,1959269,16509,1677193,3
Las Palmas,2016-03,2190367,18954,1728663,3
Las Palmas,2016-04,1967362,17773,1834289,3
Las Palmas,2016-05,1787343,16522,1783221,3
Las Palmas,2016-06,1822313,16429,1699799,3
Las Palmas,2016-07,2133793,18016,1752728,3
Las Palmas,2016-08,2198771,18451,1713282,3
Las Palmas,2016-09,1915003,16726,1667282,3
Las Palmas,2016-10,2233093,18170,1985412,3
Las Palmas,2016-11,2084764,18227,1955452,3
Las Palmas,2016-12,2165560,18928,1841253,3
Las Palmas,2017-01,2100240,18712,1699437,3
Las Palmas,2017-02,2023264,17126,1574805,3
Las Palmas,2017-03,2270399,19122,1855049,3
Las Palmas,2017-04,2299279,18675,1659215,3
Las Palmas,2017-05,1906791,16542,1728286,3
Las Palmas,2017-06,1997010,16993,1719463,3
Las Palmas,2017-07,2336956,18983,1607516,3
Las Palmas,2017-08,2383456,19251,1663189,3
Las Palmas,2017-09,2152742,17993,1673176,3
Las Palmas,2017-10,2404855,20179,1869092,3
Las Palmas,2017-11,2308469,21146,1888636,3
Las Palmas,2017-12,2347269,21522,1943221,3
Las Palmas,2018-01,2215276,20461,1825156,3
Las Palmas,2018-02,2149369,18972,1644386,3
Las Palmas,2018-03,2498983,21802,1764817,3
Las Palmas,2018-04,2199970,20067,1850700,3
Las Palmas,2018-05,2009643,18840,1750977,3
Las Palmas,2018-06,2071607,19176,1665056,3
Las Palmas,2018-07,2340857,20556,1760836,3
Las Palmas,2018-08,2401413,20883,1742411,3
Las Palmas,2018-09,2178884,19403,1782239,3
Las Palmas,2018-10,2390071,20941,1989774,3
Las Palmas,2018-11,2272480,21035,1945196,3
Las Palmas,2018-12,2290720,21387,1968828,3
Las Palmas,2019-01,2192693,20516,1702834,3
Las Palmas,2019-02,2107123,18599,1467626,3
Las Palmas,2019-03,2482959,21420,1812023,3
Las Palmas,2019-04,2223221,19738,1703115,3
Las Palmas,2019-05,1910861,18016,1755288,3
Las Palmas,2019-06,2041071,17978,1677229,3
Las Palmas,2019-07,2222989,19595,1884297,3
Las Palmas,2019-08,2296764,20275,1695934,3
Las Palmas,2019-09,2060732,18765,1928378,3
Las Palmas,2019-10,2185351,19571,2023059,3
Las Palmas,2019-11,2224382,19556,1927382,3
Las Palmas,2019-12,2241586,20169,2320205,3
Las Palmas,2020-01,2114721,18737,1782306,3
Las Palmas,2020-02,2132314,17892,1588589,3
Las Palmas,2020-03,1142487,12741,1231396,3
Las Palmas,2020-04,21818,1462,628635,3
Las Palmas,2020-05,45689,2117,891084,3
Las Palmas,2020-06,178958,3770,1026156,3
Las Palmas,2020-07,755381,11008,1311971,3
Las Palmas,2020-08,1009262,13896,1290950,3
Las Palmas,2020-09,600578,10635,1224604,3
Las Palmas,2020-10,593948,9739,1204484,3
Las Palmas,2020-11,571700,9352,1307104,3
Las Palmas,2020-12,650436,10596,1366129,3
Las Palmas,2021-01,409836,7611,973832,3
Las Palmas,2021-02,311405,5395,1091194,3
Las Palmas,2021-03,462871,7713,1334405,3
Las Palmas,2021-04,478425,8371,1152139,3
Las Palmas,2021-05,693398,9914,1249659,3
Las Palmas,2021-06,878197,11629,1355740,3
Las Palmas,2021-07,1316290,15649,1416367,3
Las Palmas,2021-08,1651138,17107,1439753,3
Las Palmas,2021-09,1507516,15975,2130165,3
Las Palmas,2021-10,1937828,17968,1382182,3
Las Palmas,2021-11,1963408,18887,1451242,3
Las Palmas,2021-12,1841535,20102,1730419,3
Las Palmas,2022-01,1580375,17425,1403818,3
Las Palmas,2022-02,1756475,16345,1514100,3
Las Palmas,2022-03,2144627,19874,1462812,3
Las Palmas,2022-04,2215877,19768,1365488,3
Las Palmas,2022-05,1896037,18116,1335988,3
Las Palmas,2022-06,1984982,17768,1310760,3
Las Palmas,2022-07,2289737,20030,1255925,3
Las Palmas,2022-08,2369217,20268,1350729,3
Las Palmas,2022-09,2077159,18539,1349801,3
Las Palmas,2022-10,2347777,20661,1429303,3
Las Palmas,2022-11,2323588,20917,1472819,3
Las Palmas,2022-12,2423901,22275,1596186,3
Las Palmas,2023-01,2307186,20508,1407898,3
Las Palmas,2023-02,2262018,19206,1392160,3
Las Palmas,2023-03,2525479,21804,1549264,3
Las Palmas,2023-04,2367623,20237,1360796,3
Las Palmas,2023-05,2093926,18979,1377932,3
Las Palmas,2023-06,2093561,18527,1346957,3
Las Palmas,2023-07,2396265,20818,1515989,3
Las Palmas,2023-08,2413701,20960,1573094,3
Las Palmas,2023-09,2208152,19824,1510133,3
Las Palmas,2023-10,2477301,21511,1652518,3
Las Palmas,2023-11,2477889,21994,1616755,3
Las Palmas,2023-12,2572068,22589,1706998,3
Las Palmas,2024-01,2471713,20980,1550702,3
Las Palmas,2024-02,2548706,21129,1552679,3
Las Palmas,2024-03,2870315,24292,1551711,3
Las Palmas,2024-04,2419021,21457,1570602,3
Las Palmas,2024-05,2230651,20478,1530462,3
Las Palmas,2024-06,2285153,20085,1384264,3
Las Palmas,2024-07,2501807,21673,1676024,3
Las Palmas,2024-08,2586542,22044,1534480,3
Las Palmas,2024-09,2340915,20739,1508769,3
Las Palmas,2024-10,2617810,22588,1775949,3
Las Palmas,2024-11,2760958,24176,1694735,3
Las Palmas,2024-12,2746643,24462,1939152,3
Leon,2015-01,1304,97,0,1
Leon,2015-02,1726,124,0,1
Leon,2015-03,1726,124,0,1
Leon,2015-04,3434,127,0,1
Leon,2015-05,5280,210,0,1
Leon,2015-06,2592,162,0,1
Leon,2015-07,4436,215,0,1
Leon,2015-08,7480,302,0,1
Leon,2015-09,4114,247,0,1
Leon,2015-10,3653,142,0,1
Leon,2015-11,939,83,0,1
Leon,2015-12,2562,108,0,1
Leon,2016-01,1678,82,0,1
Leon,2016-02,1319,88,0,1
Leon,2016-03,2027,132,0,1
Leon,2016-04,2550,106,0,1
Leon,2016-05,3663,112,0,1
Leon,2016-06,2508,152,0,1
Leon,2016-07,4725,226,0,1
Leon,2016-08,7077,270,0,1
Leon,2016-09,4359,232,0,1
Leon,2016-10,2859,158,0,1
Leon,2016-11,803,108,0,1
Leon,2016-12,2935,150,0,1
Leon,2017-01,1831,121,0,1
Leon,2017-02,2161,133,0,1
Leon,2017-03,2391,137,0,1
Leon,2017-04,3634,262,176,1
Leon,2017-05,3530,144,0,1
Leon,2017-06,911,191,0,1
Leon,2017-07,6050,276,0,1
Leon,2017-08,7809,305,0,1
Leon,2017-09,5487,181,0,1
Leon,2017-10,4055,185,0,1
Leon,2017-11,3549,163,0,1
Leon,2017-12,2846,138,0,1
Leon,2018-01,2659,125,0,1
Leon,2018-02,3932,184,0,1
Leon,2018-03,5937,146,0,1
Leon,2018-04,7525,280,0,1
Leon,2018-05,5454,203,0,1
Leon,2018-06,3142,184,0,1
Leon,2018-07,4779,249,0,1
Leon,2018-08,6190,377,0,1
Leon,2018-09,5032,317,0,1
Leon,2018-10,4510,256,0,1
Leon,2018-11,3379,134,0,1
Leon,2018-12,3217,149,0,1
Leon,2019-01,2950,140,0,1
Leon,2019-02,4228,220,0,1
Leon,2019-03,6130,260,0,1
Leon,2019-04,6194,213,0,1
Leon,2019-05,8047,339,0,1
Leon,2019-06,4450,215,0,1
Leon,2019-07,6608,299,0,1
Leon,2019-08,6676,355,0,1
Leon,2019-09,5494,237,0,1
Leon,2019-10,6989,225,0,1
Leon,2019-11,3467,115,0,1
Leon,2019-12,4749,140,0,1
Leon,2020-01,2676,70,0,1
Leon,2020-02,5291,177,0,1
Leon,2020-03,2605,88,0,1
Leon,2020-04,16,4,0,1
Leon,2020-05,28,42,0,1
Leon,2020-06,196,79,0,1
Leon,2020-07,1526,335,0,1
Leon,2020-08,2741,316,0,1
Leon,2020-09,844,322,0,1
Leon,2020-10,684,186,0,1
Leon,2020-11,659,120,0,1
Leon,2020-12,1334,151,0,1
Leon,2021-01,1424,134,0,1
Leon,2021-02,562,170,0,1
Leon,2021-03,983,278,0,1
Leon,2021-04,730,154,0,1
Leon,2021-05,826,161,0,1
Leon,2021-06,2354,249,0,1
Leon,2021-07,5024,403,221,1
Leon,2021-08,7291,469,0,1
Leon,2021-09,2771,316,0,1
Leon,2021-10,1814,229,0,1
Leon,2021-11,1403,166,0,1
Leon,2021-12,3336,156,0,1
Leon,2022-01,1764,226,0,1
Leon,2022-02,1324,224,0,1
Leon,2022-03,2324,141,0,1
Leon,2022-04,3353,306,0,1
Leon,2022-05,1994,258,0,1
Leon,2022-06,4345,338,0,1
Leon,2022-07,6345,440,0,1
Leon,2022-08,8875,509,0,1
Leon,2022-09,4954,304,0,1
Leon,2022-10,3348,202,0,1
Leon,2022-11,2015,137,0,1
Leon,2022-12,4396,128,0,1
Leon,2023-01,1946,144,0,1
Leon,2023-02,1794,203,0,1
Leon,2023-03,1898,210,0,1
Leon,2023-04,7194,381,0,1
Leon,2023-05,6532,385,0,1
Leon,2023-06,6315,309,0,1
Leon,2023-07,7311,418,0,1
Leon,2023-08,9859,424,0,1
Leon,2023-09,5612,228,0,1
Leon,2023-10,8414,229,0,1
Leon,2023-11,2886,140,0,1
Leon,2023-12,3760,177,0,1
Leon,2024-01,2051,171,0,1
Leon,2024-02,1833,185,0,1
Leon,2024-03,3899,205,0,1
Leon,2024-04,4901,228,0,1
Leon,2024-05,5600,247,0,1
Leon,2024-06,5285,292,0,1
Leon,2024-07,8009,456,0,1
Leon,2024-08,11007,511,0,1
Leon,2024-09,5403,394,0,1
Leon,2024-10,6585,221,0,1
Leon,2024-11,3067,209,0,1
Leon,2024-12,4475,149,0,1
Madrid,2015-01,3149035,29793,27619855,2
Madrid,2015-02,3660312,32870,33494553,2
Madrid,2015-03,3660312,32870,33494553,2
Madrid,2015-04,3804399,34661,31141972,2
Madrid,2015-05,3998410,36341,31507760,2
Madrid,2015-06,4138630,36442,31157187,2
Madrid,2015-07,4595612,37628,32844955,2
Madrid,2015-08,4550492,35612,29129975,2
Madrid,2015-09,4331663,35747,30729836,2
Madrid,2015-10,4271277,34879,35517715,2
Madrid,2015-11,3679623,32619,34667960,2
Madrid,2015-12,3650722,32205,34043489,2
Madrid,2016-01,3516642,30465,30196727,2
Madrid,2016-02,3463870,30085,32430104,2
Madrid,2016-03,3989396,33683,34964148,2
Madrid,2016-04,3937347,33590,34657044,2
Madrid,2016-05,4292086,36499,33313272,2
Madrid,2016-06,4413427,36551,32201569,2
Madrid,2016-07,4905945,38469,33894904,2
Madrid,2016-08,4793330,36311,32123124,2
Madrid,2016-09,4610547,36976,35335824,2
Madrid,2016-10,4517107,35611,40812580,2
Madrid,2016-11,3945029,32928,38093664,2
Madrid,2016-12,4036221,32632,38309273,2
Madrid,2017-01,3843281,32792,32353125,2
Madrid,2017-02,3584407,30302,34889690,2
Madrid,2017-03,4197091,35099,41316193,2
Madrid,2017-04,4488677,36516,37546532,2
Madrid,2017-05,4524756,38597,38642089,2
Madrid,2017-06,4746441,38795,38238912,2
Madrid,2017-07,5088270,39472,39619809,2
Madrid,2017-08,4952072,36970,38728020,2
Madrid,2017-09,4808249,38207,39095931,2
Madrid,2017-10,4726100,38081,46227088,2
Madrid,2017-11,4191668,35107,43450582,2
Madrid,2017-12,4253173,34198,42140877,2
Madrid,2018-01,4130764,34388,37867285,2
Madrid,2018-02,3918257,32322,39139066,2
Madrid,2018-03,4582544,35382,46339119,2
Madrid,2018-04,4802572,37864,42652213,2
Madrid,2018-05,4960030,40063,42876190,2
Madrid,2018-06,5079132,40324,41497694,2
Madrid,2018-07,5532205,42254,42767989,2
Madrid,2018-08,5387135,40139,41306284,2
Madrid,2018-09,5203592,41087,43395079,2
Madrid,2018-10,5189276,40417,48859869,2
Madrid,2018-11,4537753,36582,46911122,2
Madrid,2018-12,4570148,36322,46433819,2
Madrid,2019-01,4387105,36497,39723732,2
Madrid,2019-02,4149746,34500,41196095,2
Madrid,2019-03,4907875,38827,48778585,2
Madrid,2019-04,5052570,37993,44156315,2
Madrid,2019-05,5218597,42199,44984454,2
Madrid,2019-06,5570832,42733,44234231,2
Madrid,2019-07,5945131,44162,46417819,2
Madrid,2019-08,5790533,42080,44335616,2
Madrid,2019-09,5571609,42381,47767485,2
Madrid,2019-10,5487445,42110,53844903,2
Madrid,2019-11,4779979,37027,53241981,2
Madrid,2019-12,4877092,37815,51357920,2
Madrid,2020-01,4663619,36613,46213830,2
Madrid,2020-02,4397069,36110,45586089,2
Madrid,2020-03,1975431,21604,36358573,2
Madrid,2020-04,46717,2810,18075314,2
Madrid,2020-05,81272,3575,26031261,2
Madrid,2020-06,194853,8441,22992132,2
Madrid,2020-07,991094,16359,28132182,2
Madrid,2020-08,1356869,20452,27667915,2
Madrid,2020-09,984964,17794,31744407,2
Madrid,2020-10,736399,16580,40419020,2
Madrid,2020-11,697606,14325,39755412,2
Madrid,2020-12,988222,15562,39598986,2
Madrid,2021-01,845119,11542,26969744,2
Madrid,2021-02,753024,14600,36683935,2
Madrid,2021-03,971700,17658,42655802,2
Madrid,2021-04,986308,17495,40309111,2
Madrid,2021-05,1268665,20962,40821709,2
Madrid,2021-06,1702264,23620,42233636,2
Madrid,2021-07,2556078,29353,45708442,2
Madrid,2021-08,2971067,28768,41947977,2
Madrid,2021-09,2841434,28416,47189216,2
Madrid,2021-10,3062711,28767,52993847,2
Madrid,2021-11,3107760,28239,53266836,2
Madrid,2021-12,3071129,28890,52700050,2
Madrid,2022-01,2690573,29027,42578804,2
Madrid,2022-02,2877476,27726,44043307,2
Madrid,2022-03,3557828,31164,51970392,2
Madrid,2022-04,4040759,33886,46028366,2
Madrid,2022-05,4325596,36792,47171984,2
Madrid,2022-06,4538708,35249,45668081,2
Madrid,2022-07,5025512,37447,45019639,2
Madrid,2022-08,4986084,36272,43511247,2
Madrid,2022-09,4788326,36418,45840396,2
Madrid,2022-10,4809080,36515,51828326,2
Madrid,2022-11,4451694,33966,51948259,2
Madrid,2022-12,4544348,33031,50786249,2
Madrid,2023-01,4433492,34328,44236772,2
Madrid,2023-02,4174277,33423,47732900,2
Madrid,2023-03,4822032,36596,57010706,2
Madrid,2023-04,4871574,36880,50168067,2
Madrid,2023-05,5053504,38476,53363864,2
Madrid,2023-06,5135127,38365,51363449,2
Madrid,2023-07,5543331,39744,52042000,2
Madrid,2023-08,5559993,38124,48735142,2
Madrid,2023-09,5385970,38962,54505496,2
Madrid,2023-10,5385182,38584,60473192,2
Madrid,2023-11,4842011,35330,61150287,2
Madrid,2023-12,5016617,37016,62761341,2
Madrid,2024-01,4793649,35365,55051152,2
Madrid,2024-02,4713935,35332,57271391,2
Madrid,2024-03,5342756,38386,65204549,2
Madrid,2024-04,5388559,41348,59282246,2
Madrid,2024-05,5680419,42972,63304556,2
Madrid,2024-06,5798163,41912,62273602,2
Madrid,2024-07,6133057,44024,64229121,2
Madrid,2024-08,6071732,42118,60850732,2
Madrid,2024-09,5851430,42490,65082169,2
Madrid,2024-10,5676648,40637,72710680,2
Madrid,2024-11,5287727,39669,71437903,2
Madrid,2024-12,5460471,39839,70208611,2
Malaga,2015-01,644750,5776,180614,1
Malaga,2015-02,900453,6965,177218,1
Malaga,2015-03,900453,6965,177218,1
Malaga,2015-04,1294158,9757,175024,1
Malaga,2015-05,1449144,10811,225037,1
Malaga,2015-06,1478204,10784,225583,1
Malaga,2015-07,1705174,12582,217694,1
Malaga,2015-08,1736950,12801,281392,1
Malaga,2015-09,1534974,10813,229375,1
Malaga,2015-10,1431683,10241,212516,1
Malaga,2015-11,799691,6546,184395,1
Malaga,2015-12,754337,6307,154724,1
Malaga,2016-01,732499,6321,153854,1
Malaga,2016-02,794683,6326,170855,1
Malaga,2016-03,1096140,8425,161497,1
Malaga,2016-04,1446131,10536,215798,1
Malaga,2016-05,1626519,11814,224491,1
Malaga,2016-06,1688474,12095,240886,1
Malaga,2016-07,1967271,14131,184708,1
Malaga,2016-08,1952266,14099,227069,1
Malaga,2016-09,1779487,12402,183319,1
Malaga,2016-10,1711802,12095,193230,1
Malaga,2016-11,965310,7824,168780,1
Malaga,2016-12,912569,7647,198334,1
Malaga,2017-01,867386,7288,161179,1
Malaga,2017-02,914000,7367,171980,1
Malaga,2017-03,1199855,9146,203809,1
Malaga,2017-04,1696169,11983,256652,1
Malaga,2017-05,1809418,13148,256510,1
Malaga,2017-06,1907192,13551,262630,1
Malaga,2017-07,2187120,15631,254691,1
Malaga,2017-08,2172930,15490,350719,1
Malaga,2017-09,1974837,13699,296191,1
Malaga,2017-10,1833616,13011,245802,1
Malaga,2017-11,1065001,8569,207978,1
Malaga,2017-12,999057,8295,198534,1
Malaga,2018-01,935155,7786,172713,1
Malaga,2018-02,963939,7673,179106,1
Malaga,2018-03,1294374,9948,163438,1
Malaga,2018-04,1697759,12311,176632,1
Malaga,2018-05,1836655,13189,188321,1
Malaga,2018-06,1930947,13869,296897,1
Malaga,2018-07,2146968,15511,317273,1
Malaga,2018-08,2118619,15341,343603,1
Malaga,2018-09,1979962,13801,291755,1
Malaga,2018-10,1862295,13364,235772,1
Malaga,2018-11,1150161,9336,182179,1
Malaga,2018-12,1104945,9223,220645,1
Malaga,2019-01,1013422,8526,166553,1
Malaga,2019-02,1052776,8142,179287,1
Malaga,2019-03,1353135,9788,221875,1
Malaga,2019-04,1827782,13236,174784,1
Malaga,2019-05,1914226,13989,227127,1
Malaga,2019-06,2056254,14500,314229,1
Malaga,2019-07,2228464,15892,408596,1
Malaga,2019-08,2205899,15644,303581,1
Malaga,2019-09,2026920,14039,361753,1
Malaga,2019-10,1873246,13152,241229,1
Malaga,2019-11,1169845,9006,242792,1
Malaga,2019-12,1136687,9025,238313,1
Malaga,2020-01,1042347,8431,197852,1
Malaga,2020-02,1126766,8456,189470,1
Malaga,2020-03,613215,6288,127242,1
Malaga,2020-04,5107,580,80,1
Malaga,2020-05,6995,557,29555,1
Malaga,2020-06,52266,1572,60275,1
Malaga,2020-07,575723,6939,47433,1
Malaga,2020-08,677851,8931,53667,1
Malaga,2020-09,366312,6232,55589,1
Malaga,2020-10,329337,5044,61478,1
Malaga,2020-11,157089,3167,42926,1
Malaga,2020-12,208235,3473,46366,1
Malaga,2021-01,168111,2895,59210,1
Malaga,2021-02,105260,2195,43094,1
Malaga,2021-03,166889,3015,67672,1
Malaga,2021-04,209654,3593,58577,1
Malaga,2021-05,375716,5318,83655,1
Malaga,2021-06,645820,7917,70392,1
Malaga,2021-07,1139012,11801,342784,1
Malaga,2021-08,1400183,13034,248158,1
Malaga,2021-09,1338487,12097,211882,1
Malaga,2021-10,1521553,12757,84475,1
Malaga,2021-11,987322,8900,124981,1
Malaga,2021-12,816628,8726,105891,1
Malaga,2022-01,696049,7684,91008,1
Malaga,2022-02,871474,7808,98563,1
Malaga,2022-03,1178925,9678,120082,1
Malaga,2022-04,1660066,12976,109014,1
Malaga,2022-05,1852224,14150,107225,1
Malaga,2022-06,1907296,14064,261938,1
Malaga,2022-07,2065177,15462,356641,1
Malaga,2022-08,2053331,15162,242325,1
Malaga,2022-09,1889147,13731,351857,1
Malaga,2022-10,1891761,14110,225846,1
Malaga,2022-11,1202899,9558,118524,1
Malaga,2022-12,1189657,9740,110761,1
Malaga,2023-01,1120167,9023,126007,1
Malaga,2023-02,1123164,8572,125965,1
Malaga,2023-03,1475066,10910,136231,1
Malaga,2023-04,2020881,14503,202578,1
Malaga,2023-05,2151259,15230,181232,1
Malaga,2023-06,2179575,15452,271442,1
Malaga,2023-07,2432409,17325,308025,1
Malaga,2023-08,2419072,16953,536720,1
Malaga,2023-09,2267087,15847,440012,1
Malaga,2023-10,2215922,15592,142580,1
Malaga,2023-11,1474200,11003,150562,1
Malaga,2023-12,1465459,11306,184256,1
Malaga,2024-01,1344716,10330,176564,1
Malaga,2024-02,1423453,10120,176313,1
Malaga,2024-03,1752619,12117,226671,1
Malaga,2024-04,2162313,15196,214472,1
Malaga,2024-05,2378112,16344,228835,1
Malaga,2024-06,2433242,16677,428760,1
Malaga,2024-07,2659167,18401,421086,1
Malaga,2024-08,2652017,18087,447758,1
Malaga,2024-09,2502378,16892,336058,1
Malaga,2024-10,2429369,16765,286551,1
Malaga,2024-11,1612790,12068,342807,1
Malaga,2024-12,1574043,11922,302705,1
Melilla,2015-01,23232,675,10031,1
Melilla,2015-02,27073,714,11778,1
Melilla,2015-03,27073,714,11778,1
Melilla,2015-04,26639,708,10328,1
Melilla,2015-05,26804,725,11938,1
Melilla,2015-06,25725,722,11139,1
Melilla,2015-07,29452,778,12068,1
Melilla,2015-08,30428,705,8819,1
Melilla,2015-09,28330,718,9798,1
Melilla,2015-10,27193,737,11740,1
Melilla,2015-11,23926,679,12761,1
Melilla,2015-12,25095,628,14766,1
Melilla,2016-01,23221,673,11861,1
Melilla,2016-02,23046,627,11399,1
Melilla,2016-03,26075,706,11175,1
Melilla,2016-04,25973,697,11318,1
Melilla,2016-05,27939,754,13555,1
Melilla,2016-06,25888,724,12904,1
Melilla,2016-07,32628,750,11427,1
Melilla,2016-08,32417,747,10144,1
Melilla,2016-09,30957,767,10198,1
Melilla,2016-10,29137,722,12029,1
Melilla,2016-11,25618,695,12689,1
Melilla,2016-12,27217,673,12648,1
Melilla,2017-01,23251,623,14578,1
Melilla,2017-02,22674,583,11522,1
Melilla,2017-03,25942,659,11922,1
Melilla,2017-04,26763,659,9014,1
Melilla,2017-05,27346,706,11409,1
Melilla,2017-06,25545,673,11644,1
Melilla,2017-07,30040,705,10704,1
Melilla,2017-08,30779,721,9814,1
Melilla,2017-09,29714,704,8985,1
Melilla,2017-10,28689,683,10879,1
Melilla,2017-11,26824,625,13188,1
Melilla,2017-12,26799,616,11307,1
Melilla,2018-01,24513,653,9793,1
Melilla,2018-02,23939,598,10513,1
Melilla,2018-03,26498,605,9844,1
Melilla,2018-04,26864,604,10921,1
Melilla,2018-05,27630,687,11598,1
Melilla,2018-06,29229,688,10759,1
Melilla,2018-07,33442,750,11622,1
Melilla,2018-08,33814,752,9362,1
Melilla,2018-09,32848,761,11297,1
Melilla,2018-10,32668,767,11598,1
Melilla,2018-11,28338,602,10476,1
Melilla,2018-12,28340,618,10029,1
Melilla,2019-01,27538,655,12635,1
Melilla,2019-02,27137,588,11150,1
Melilla,2019-03,30542,658,10035,1
Melilla,2019-04,36423,798,10504,1
Melilla,2019-05,36235,968,11869,1
Melilla,2019-06,39886,931,10096,1
Melilla,2019-07,43375,946,16960,1
Melilla,2019-08,45448,977,8103,1
Melilla,2019-09,39364,907,8724,1
Melilla,2019-10,38468,886,12629,1
Melilla,2019-11,34249,708,11336,1
Melilla,2019-12,35991,746,10527,1
Melilla,2020-01,33033,730,12345,1
Melilla,2020-02,32500,698,10249,1
Melilla,2020-03,15630,457,4213,1
Melilla,2020-04,252,110,0,1
Melilla,2020-05,253,112,0,1
Melilla,2020-06,2787,166,117,1
Melilla,2020-07,19309,510,899,1
Melilla,2020-08,20722,517,822,1
Melilla,2020-09,19103,475,986,1
Melilla,2020-10,18798,487,958,1
Melilla,2020-11,12926,417,1007,1
Melilla,2020-12,20323,479,554,1
Melilla,2021-01,16811,452,213,1
Melilla,2021-02,17438,472,257,1
Melilla,2021-03,23867,526,138,1
Melilla,2021-04,20236,599,137,1
Melilla,2021-05,25069,689,573,1
Melilla,2021-06,30297,718,352,1
Melilla,2021-07,33411,706,1601,1
Melilla,2021-08,31657,696,1638,1
Melilla,2021-09,32280,763,1423,1
Melilla,2021-10,35715,828,1305,1
Melilla,2021-11,31787,664,1197,1
Melilla,2021-12,33878,716,1090,1
Melilla,2022-01,27858,667,1087,1
Melilla,2022-02,28673,636,978,1
Melilla,2022-03,31659,698,1384,1
Melilla,2022-04,35407,759,1076,1
Melilla,2022-05,34595,829,1050,1
Melilla,2022-06,39990,872,2743,1
Melilla,2022-07,42368,864,2011,1
Melilla,2022-08,43202,824,1988,1
Melilla,2022-09,42056,908,2690,1
Melilla,2022-10,40285,920,2391,1
Melilla,2022-11,38124,892,3036,1
Melilla,2022-12,43233,903,1669,1
Melilla,2023-01,36299,813,1859,1
Melilla,2023-02,35126,779,2073,1
Melilla,2023-03,41078,838,2429,1
Melilla,2023-04,40520,870,1476,1
Melilla,2023-05,42041,972,2487,1
Melilla,2023-06,43370,930,2348,1
Melilla,2023-07,48393,981,2751,1
Melilla,2023-08,46515,977,1528,1
Melilla,2023-09,42788,927,1847,1
Melilla,2023-10,42530,933,2101,1
Melilla,2023-11,38009,869,2079,1
Melilla,2023-12,44400,867,1696,1
Melilla,2024-01,37142,832,2182,1
Melilla,2024-02,35962,804,2251,1
Melilla,2024-03,39277,839,2052,1
Melilla,2024-04,41728,919,2641,1
Melilla,2024-05,43450,956,5057,1
Melilla,2024-06,45483,942,4477,1
Melilla,2024-07,47475,979,3046,1
Melilla,2024-08,48275,995,1753,1
Melilla,2024-09,43295,978,1966,1
Melilla,2024-10,42635,968,2936,1
Melilla,2024-11,37754,861,1900,1
Melilla,2024-12,45511,904,1673,1
Murcia,2015-01,19154,254,11,1
Murcia,2015-02,28563,314,18,1
Murcia,2015-03,28563,314,18,1
Murcia,2015-04,113588,869,141,1
Murcia,2015-05,130036,992,206,1
Murcia,2015-06,144619,1218,44,1
Murcia,2015-07,159598,1173,80,1
Murcia,2015-08,155806,1158,0,1
Murcia,2015-09,138693,1011,0,1
Murcia,2015-10,115981,846,0,1
Murcia,2015-11,25034,265,50,1
Murcia,2015-12,18207,217,0,1
Murcia,2016-01,19573,228,0,1
Murcia,2016-02,19483,223,0,1
Murcia,2016-03,51029,445,0,1
Murcia,2016-04,118058,894,0,1
Murcia,2016-05,129382,977,0,1
Murcia,2016-06,132507,993,0,1
Murcia,2016-07,150031,1051,0,1
Murcia,2016-08,144800,1000,0,1
Murcia,2016-09,134149,929,0,1
Murcia,2016-10,116520,825,40,1
Murcia,2016-11,44142,374,0,1
Murcia,2016-12,37374,334,0,1
Murcia,2017-01,39019,334,0,1
Murcia,2017-02,37265,295,0,1
Murcia,2017-03,53020,438,0,1
Murcia,2017-04,119805,837,0,1
Murcia,2017-05,133451,994,0,1
Murcia,2017-06,144521,1048,0,1
Murcia,2017-07,158773,1076,84,1
Murcia,2017-08,155361,1041,0,1
Murcia,2017-09,141442,976,0,1
Murcia,2017-10,123572,862,86,1
Murcia,2017-11,47065,390,0,1
Murcia,2017-12,43293,325,0,1
Murcia,2018-01,45200,374,0,1
Murcia,2018-02,44044,332,0,1
Murcia,2018-03,62179,520,0,1
Murcia,2018-04,131336,961,0,1
Murcia,2018-05,139775,980,0,1
Murcia,2018-06,154234,1078,0,1
Murcia,2018-07,163576,1118,0,1
Murcia,2018-08,157262,1046,0,1
Murcia,2018-09,148959,989,85,1
Murcia,2018-10,131896,966,0,1
Murcia,2018-11,48603,403,0,1
Murcia,2018-12,46710,412,0,1
Murcia,2019-01,41806,428,0,2
Murcia,2019-02,45149,362,0,2
Murcia,2019-03,56260,418,0,2
Murcia,2019-04,110822,791,0,2
Murcia,2019-05,121073,877,0,2
Murcia,2019-06,133920,971,0,2
Murcia,2019-07,145286,989,0,2
Murcia,2019-08,141399,932,0,2
Murcia,2019-09,130535,898,0,2
Murcia,2019-10,108502,804,0,2
Murcia,2019-11,40627,375,0,2
Murcia,2019-12,36896,353,0,2
Murcia,2020-01,67570,585,0,1
Murcia,2020-02,40508,346,0,1
Murcia,2020-03,19150,191,0,1
Murcia,2020-04,22,18,0,1
Murcia,2020-05,101,64,0,1
Murcia,2020-06,59,44,0,1
Murcia,2020-07,28623,355,0,1
Murcia,2020-08,29470,515,0,1
Murcia,2020-09,17164,346,0,1
Murcia,2020-10,10966,192,0,1
Murcia,2020-11,1966,76,0,1
Murcia,2020-12,2313,80,0,1
Murcia,2021-01,1658,76,0,1
Murcia,2021-02,802,69,0,1
Murcia,2021-03,1438,57,0,1
Murcia,2021-04,2153,79,0,1
Murcia,2021-05,5104,132,0,1
Murcia,2021-06,15348,309,0,1
Murcia,2021-07,42383,493,0,1
Murcia,2021-08,66369,611,0,1
Murcia,2021-09,58634,554,0,1
Murcia,2021-10,48681,448,0,1
Murcia,2021-11,21592,255,0,1
Murcia,2021-12,19326,282,0,1
Murcia,2022-01,13600,176,0,2
Murcia,2022-02,20377,214,0,1
Murcia,2022-03,32417,307,0,1
Murcia,2022-04,83241,666,0,1
Murcia,2022-05,92748,772,0,1
Murcia,2022-06,107220,815,0,1
Murcia,2022-07,120081,875,0,1
Murcia,2022-08,121307,819,0,1
Murcia,2022-09,105737,761,0,1
Murcia,2022-10,90608,699,0,1
Murcia,2022-11,27120,281,0,1
Murcia,2022-12,24710,278,0,1
Murcia,2023-01,22171,240,0,1
Murcia,2023-02,20910,180,0,1
Murcia,2023-03,33811,318,0,1
Murcia,2023-04,91557,688,0,1
Murcia,2023-05,102853,806,0,1
Murcia,2023-06,109450,788,0,1
Murcia,2023-07,117459,819,0,1
Murcia,2023-08,120958,793,0,1
Murcia,2023-09,111457,799,0,1
Murcia,2023-10,94914,701,0,1
Murcia,2023-11,23673,277,0,1
Murcia,2023-12,28980,291,0,1
Murcia,2024-01,26876,276,0,1
Murcia,2024-02,27561,250,0,1
Murcia,2024-03,37649,345,0,1
Murcia,2024-04,92065,685,0,1
Murcia,2024-05,101051,816,0,1
Murcia,2024-06,112136,801,0,1
Murcia,2024-07,120311,823,0,1
Murcia,2024-08,122247,822,0,1
Murcia,2024-09,109741,790,0,1
Murcia,2024-10,94361,709,0,1
Murcia,2024-11,31490,413,0,1
Murcia,2024-12,34333,410,0,1
Navarra,2015-01,9532,379,262,1
Navarra,2015-02,11931,407,0,1
Navarra,2015-03,11931,407,0,1
Navarra,2015-04,13787,518,1050,1
Navarra,2015-05,13415,550,1451,1
Navarra,2015-06,14565,791,1134,1
Navarra,2015-07,17260,526,0,1
Navarra,2015-08,11072,490,0,1
Navarra,2015-09,12441,465,152,1
Navarra,2015-10,13388,501,0,1
Navarra,2015-11,10536,386,6,1
Navarra,2015-12,9987,339,33,1
Navarra,2016-01,9474,324,1662,1
Navarra,2016-02,11292,354,8,1
Navarra,2016-03,12034,390,0,1
Navarra,2016-04,12547,414,0,1
Navarra,2016-05,13627,489,0,1
Navarra,2016-06,15038,583,0,1
Navarra,2016-07,16683,545,50,1
Navarra,2016-08,9659,463,0,1
Navarra,2016-09,13409,481,0,1
Navarra,2016-10,15283,574,286,1
Navarra,2016-11,12919,413,0,1
Navarra,2016-12,11504,342,0,1
Navarra,2017-01,10745,385,0,1
Navarra,2017-02,11470,370,5750,1
Navarra,2017-03,13567,451,0,1
Navarra,2017-04,14447,519,0,1
Navarra,2017-05,15545,500,0,1
Navarra,2017-06,14954,557,784,1
Navarra,2017-07,17337,586,0,1
Navarra,2017-08,9833,403,0,1
Navarra,2017-09,13176,478,0,1
Navarra,2017-10,14182,616,751,1
Navarra,2017-11,15452,449,0,1
Navarra,2017-12,14900,369,8,1
Navarra,2018-01,13446,396,0,1
Navarra,2018-02,13807,431,1698,1
Navarra,2018-03,17042,442,2180,1
Navarra,2018-04,19199,571,270,1
Navarra,2018-05,18766,595,1170,1
Navarra,2018-06,19906,843,23400,1
Navarra,2018-07,21540,601,5,1
Navarra,2018-08,14265,515,0,1
Navarra,2018-09,18478,623,0,1
Navarra,2018-10,18741,558,0,1
Navarra,2018-11,16063,435,0,1
Navarra,2018-12,14252,417,579,1
Navarra,2019-01,15329,423,387,1
Navarra,2019-02,15595,499,3041,1
Navarra,2019-03,17779,516,158,1
Navarra,2019-04,21911,485,305,1
Navarra,2019-05,22016,561,932,1
Navarra,2019-06,22537,592,10666,1
Navarra,2019-07,25047,615,3162,1
Navarra,2019-08,14141,480,3,1
Navarra,2019-09,23517,587,47,1
Navarra,2019-10,23850,542,92,1
Navarra,2019-11,22452,423,3396,1
Navarra,2019-12,19324,413,1,1
Navarra,2020-01,19973,424,3,1
Navarra,2020-02,20710,509,34,1
Navarra,2020-03,9247,221,7,1
Navarra,2020-04,3,28,0,1
Navarra,2020-05,49,95,0,1
Navarra,2020-06,326,120,0,1
Navarra,2020-07,4048,375,0,1
Navarra,2020-08,4470,288,0,1
Navarra,2020-09,8218,375,0,1
Navarra,2020-10,6581,391,0,1
Navarra,2020-11,4367,378,0,1
Navarra,2020-12,6067,334,0,1
Navarra,2021-01,5829,344,0,1
Navarra,2021-02,4922,373,600,1
Navarra,2021-03,5321,456,34,1
Navarra,2021-04,6060,433,0,1
Navarra,2021-05,7513,452,0,1
Navarra,2021-06,8553,429,718,1
Navarra,2021-07,11640,528,520,1
Navarra,2021-08,14524,626,360,1
Navarra,2021-09,12270,473,0,1
Navarra,2021-10,12514,534,0,1
Navarra,2021-11,11686,347,41,1
Navarra,2021-12,11704,249,0,1
Navarra,2022-01,10455,512,0,1
Navarra,2022-02,10891,402,0,1
Navarra,2022-03,12320,383,0,1
Navarra,2022-04,13016,444,0,1
Navarra,2022-05,13800,507,4506,1
Navarra,2022-06,13947,615,0,1
Navarra,2022-07,15903,552,0,1
Navarra,2022-08,15313,531,0,1
Navarra,2022-09,16554,516,2620,1
Navarra,2022-10,16354,529,80,1
Navarra,2022-11,17098,480,0,1
Navarra,2022-12,16895,398,0,1
Navarra,2023-01,14224,341,113,1
Navarra,2023-02,14656,365,0,1
Navarra,2023-03,14464,387,0,1
Navarra,2023-04,17054,440,0,1
Navarra,2023-05,17676,459,0,1
Navarra,2023-06,12635,405,0,1
Navarra,2023-07,17822,587,10,1
Navarra,2023-08,16582,486,25,1
Navarra,2023-09,17844,543,10,1
Navarra,2023-10,19354,507,0,1
Navarra,2023-11,17025,410,110,1
Navarra,2023-12,18274,430,0,1
Navarra,2024-01,16313,414,2,1
Navarra,2024-02,17230,386,0,1
Navarra,2024-03,18865,404,0,1
Navarra,2024-04,20085,455,0,1
Navarra,2024-05,19680,487,0,1
Navarra,2024-06,18338,468,0,1
Navarra,2024-07,20564,538,0,1
Navarra,2024-08,17052,605,0,1
Navarra,2024-09,18784,551,0,1
Navarra,2024-10,18384,577,0,1
Navarra,2024-11,17884,576,0,1
Navarra,2024-12,17215,378,0,1
Pontevedra,2015-01,43564,654,37870,1
Pontevedra,2015-02,51710,744,42040,1
Pontevedra,2015-03,51710,744,42040,1
Pontevedra,2015-04,52461,781,37323,1
Pontevedra,2015-05,53533,827,34602,1
Pontevedra,2015-06,66466,867,49131,1
Pontevedra,2015-07,79651,1021,94284,1
Pontevedra,2015-08,76883,923,28858,1
Pontevedra,2015-09,69360,933,29063,1
Pontevedra,2015-10,64302,835,54202,1
Pontevedra,2015-11,54150,701,32823,1
Pontevedra,2015-12,56772,703,43445,1
Pontevedra,2016-01,61875,762,47859,1
Pontevedra,2016-02,61208,765,95351,1
Pontevedra,2016-03,71076,832,45635,1
Pontevedra,2016-04,74788,894,26127,1
Pontevedra,2016-05,82470,947,27307,1
Pontevedra,2016-06,89080,1018,23188,1
Pontevedra,2016-07,101940,1217,39323,1
Pontevedra,2016-08,102230,1291,31079,1
Pontevedra,2016-09,94670,1154,35884,1
Pontevedra,2016-10,81944,991,37586,1
Pontevedra,2016-11,69364,855,28129,1
Pontevedra,2016-12,63361,831,38595,1
Pontevedra,2017-01,61253,813,40860,1
Pontevedra,2017-02,58239,715,29293,1
Pontevedra,2017-03,72649,879,40827,1
Pontevedra,2017-04,90606,1051,38740,1
Pontevedra,2017-05,99391,1105,57033,1
Pontevedra,2017-06,102087,1133,39867,1
Pontevedra,2017-07,113046,1258,59749,1
Pontevedra,2017-08,112718,1324,44455,1
Pontevedra,2017-09,105916,1248,93179,1
Pontevedra,2017-10,97488,1136,114442,1
Pontevedra,2017-11,80400,949,103955,1
Pontevedra,2017-12,71802,868,108915,1
Pontevedra,2018-01,68104,824,39397,1
Pontevedra,2018-02,66323,786,37187,1
Pontevedra,2018-03,84121,945,50867,1
Pontevedra,2018-04,98621,1099,48457,1
Pontevedra,2018-05,99319,1145,87333,1
Pontevedra,2018-06,87868,958,60658,1
Pontevedra,2018-07,117252,1301,344620,1
Pontevedra,2018-08,121939,1377,68964,1
Pontevedra,2018-09,112618,1260,47508,1
Pontevedra,2018-10,106827,1107,60539,1
Pontevedra,2018-11,85195,907,111929,1
Pontevedra,2018-12,81678,817,103186,1
Pontevedra,2019-01,71866,837,42163,1
Pontevedra,2019-02,71263,867,47833,1
Pontevedra,2019-03,84812,940,46773,1
Pontevedra,2019-04,87986,950,47780,1
Pontevedra,2019-05,89185,1077,34129,1
Pontevedra,2019-06,90194,938,28540,1
Pontevedra,2019-07,100611,1158,43009,1
Pontevedra,2019-08,95761,1088,58858,1
Pontevedra,2019-09,92813,1095,46161,1
Pontevedra,2019-10,88633,958,51742,1
Pontevedra,2019-11,71575,821,46285,1
Pontevedra,2019-12,67748,795,47998,1
Pontevedra,2020-01,64055,795,37035,1
Pontevedra,2020-02,65825,835,31696,1
Pontevedra,2020-03,28811,512,14189,1
Pontevedra,2020-04,302,54,857,1
Pontevedra,2020-05,521,63,1129,1
Pontevedra,2020-06,1714,123,5259,1
Pontevedra,2020-07,21686,649,19940,1
Pontevedra,2020-08,34916,629,25369,1
Pontevedra,2020-09,26139,575,24284,1
Pontevedra,2020-10,23092,477,30190,1
Pontevedra,2020-11,15203,453,41308,1
Pontevedra,2020-12,21202,432,45310,1
Pontevedra,2021-01,16306,395,28888,1
Pontevedra,2021-02,16138,444,34379,1
Pontevedra,2021-03,24116,568,83073,1
Pontevedra,2021-04,26427,611,77967,1
Pontevedra,2021-05,36031,732,72471,1
Pontevedra,2021-06,45164,799,48820,1
Pontevedra,2021-07,60490,859,59241,1
Pontevedra,2021-08,78009,1095,55866,1
Pontevedra,2021-09,67649,1057,149767,1
Pontevedra,2021-10,64914,894,109186,1
Pontevedra,2021-11,57298,930,36679,1
Pontevedra,2021-12,56552,807,49975,1
Pontevedra,2022-01,42423,868,132568,1
Pontevedra,2022-02,47949,936,86656,1
Pontevedra,2022-03,60821,1142,54548,1
Pontevedra,2022-04,68030,938,25585,1
Pontevedra,2022-05,75466,1077,30413,1
Pontevedra,2022-06,81518,1039,42936,1
Pontevedra,2022-07,104625,1521,28447,1
Pontevedra,2022-08,114227,1557,58894,1
Pontevedra,2022-09,96098,1436,55320,1
Pontevedra,2022-10,92264,1056,30084,1
Pontevedra,2022-11,83369,1099,73547,1
Pontevedra,2022-12,86380,1091,70696,1
Pontevedra,2023-01,74233,1220,30518,1
Pontevedra,2023-02,76149,1162,43740,1
Pontevedra,2023-03,84929,1122,52491,1
Pontevedra,2023-04,98756,1265,34910,1
Pontevedra,2023-05,98562,1189,66189,1
Pontevedra,2023-06,99641,1076,32933,1
Pontevedra,2023-07,111301,1371,108487,1
Pontevedra,2023-08,116292,1581,74659,1
Pontevedra,2023-09,107628,1454,200308,1
Pontevedra,2023-10,101395,1233,57937,1
Pontevedra,2023-11,79069,1066,53556,1
Pontevedra,2023-12,88204,1127,51552,1
Pontevedra,2024-01,76084,1068,35879,1
Pontevedra,2024-02,78767,1045,24954,1
Pontevedra,2024-03,92348,1027,28105,1
Pontevedra,2024-04,91655,970,19823,1
Pontevedra,2024-05,16429,167,2794,1
Pontevedra,2024-06,101255,1011,21963,1
Pontevedra,2024-07,111380,1108,23074,1
Pontevedra,2024-08,116760,1217,19786,1
Pontevedra,2024-09,100418,1058,30052,1
Pontevedra,2024-10,91149,946,39960,1
Pontevedra,2024-11,87434,936,27679,1
Pontevedra,2024-12,94850,962,40816,1
Salamanca,2015-01,1024,324,0,1
Salamanca,2015-02,1710,701,0,1
Salamanca,2015-03,1710,701,0,1
Salamanca,2015-04,2867,611,0,1
Salamanca,2015-05,4932,760,0,1
Salamanca,2015-06,842,784,0,1
Salamanca,2015-07,2457,926,0,1
Salamanca,2015-08,2115,991,0,1
Salamanca,2015-09,2917,726,0,1
Salamanca,2015-10,2865,692,0,1
Salamanca,2015-11,135,542,0,1
Salamanca,2015-12,141,409,0,1
Salamanca,2016-01,132,290,0,1
Salamanca,2016-02,334,416,0,1
Salamanca,2016-03,2635,711,114,1
Salamanca,2016-04,1616,713,0,1
Salamanca,2016-05,2896,1066,0,1
Salamanca,2016-06,2045,1063,0,1
Salamanca,2016-07,1549,866,0,1
Salamanca,2016-08,2390,1068,0,1
Salamanca,2016-09,741,976,0,1
Salamanca,2016-10,907,845,0,1
Salamanca,2016-11,186,916,0,1
Salamanca,2016-12,94,362,0,1
Salamanca,2017-01,177,671,0,1
Salamanca,2017-02,201,831,0,1
Salamanca,2017-03,1602,922,0,1
Salamanca,2017-04,3077,820,0,1
Salamanca,2017-05,2896,1039,0,1
Salamanca,2017-06,277,1032,0,1
Salamanca,2017-07,1435,880,0,1
Salamanca,2017-08,1845,991,0,1
Salamanca,2017-09,1290,844,0,1
Salamanca,2017-10,1829,812,0,1
Salamanca,2017-11,254,787,0,1
Salamanca,2017-12,147,481,0,1
Salamanca,2018-01,160,412,0,1
Salamanca,2018-02,201,744,0,1
Salamanca,2018-03,1485,815,0,1
Salamanca,2018-04,2526,915,0,1
Salamanca,2018-05,2327,1203,0,1
Salamanca,2018-06,258,841,0,1
Salamanca,2018-07,1657,982,0,1
Salamanca,2018-08,2772,908,0,1
Salamanca,2018-09,1243,956,0,1
Salamanca,2018-10,1680,729,0,1
Salamanca,2018-11,177,682,0,1
Salamanca,2018-12,160,399,0,1
Salamanca,2019-01,142,420,0,1
Salamanca,2019-02,169,869,0,1
Salamanca,2019-03,2338,1096,0,1
Salamanca,2019-04,3204,629,0,1
Salamanca,2019-05,2255,1126,0,1
Salamanca,2019-06,1684,1105,0,1
Salamanca,2019-07,2059,1035,0,1
Salamanca,2019-08,2075,981,0,1
Salamanca,2019-09,921,947,0,1
Salamanca,2019-10,1888,831,0,1
Salamanca,2019-11,532,670,0,1
Salamanca,2019-12,499,420,0,1
Salamanca,2020-01,245,466,0,1
Salamanca,2020-02,155,881,0,1
Salamanca,2020-03,191,345,0,1
Salamanca,2020-04,120,66,0,1
Salamanca,2020-05,138,110,0,1
Salamanca,2020-06,207,131,0,1
Salamanca,2020-07,262,1200,0,1
Salamanca,2020-08,251,1313,0,1
Salamanca,2020-09,179,973,0,1
Salamanca,2020-10,226,805,0,1
Salamanca,2020-11,162,788,0,1
Salamanca,2020-12,222,382,0,1
Salamanca,2021-01,90,284,0,1
Salamanca,2021-02,204,803,0,1
Salamanca,2021-03,320,804,0,1
Salamanca,2021-04,212,683,0,1
Salamanca,2021-05,245,1180,0,1
Salamanca,2021-06,774,1112,0,1
Salamanca,2021-07,3059,1155,0,1
Salamanca,2021-08,3246,1157,0,1
Salamanca,2021-09,1851,732,0,1
Salamanca,2021-10,346,957,0,1
Salamanca,2021-11,143,556,0,1
Salamanca,2021-12,240,383,0,1
Salamanca,2022-01,166,676,0,1
Salamanca,2022-02,229,797,0,1
Salamanca,2022-03,218,691,0,1
Salamanca,2022-04,359,645,0,1
Salamanca,2022-05,1138,1057,0,1
Salamanca,2022-06,2536,1107,0,1
Salamanca,2022-07,3037,1021,0,1
Salamanca,2022-08,3027,981,0,1
Salamanca,2022-09,1704,609,0,1
Salamanca,2022-10,246,549,0,1
Salamanca,2022-11,148,414,0,1
Salamanca,2022-12,225,169,0,1
Salamanca,2023-01,108,333,0,1
Salamanca,2023-02,179,636,0,1
Salamanca,2023-03,163,800,0,1
Salamanca,2023-04,1434,743,0,1
Salamanca,2023-05,1958,811,0,1
Salamanca,2023-06,3053,1061,0,1
Salamanca,2023-07,3500,1033,0,1
Salamanca,2023-08,4142,928,0,1
Salamanca,2023-09,3704,635,0,1
Salamanca,2023-10,2108,541,0,1
Salamanca,2023-11,629,418,0,1
Salamanca,2023-12,116,314,0,1
Salamanca,2024-01,333,346,0,1
Salamanca,2024-02,806,555,0,1
Salamanca,2024-03,957,661,0,1
Salamanca,2024-04,399,834,0,1
Salamanca,2024-05,1765,1009,0,1
Salamanca,2024-06,2949,785,0,1
Salamanca,2024-07,3424,1148,0,1
Salamanca,2024-08,3903,978,0,1
Salamanca,2024-09,3969,772,0,1
Salamanca,2024-10,1053,588,0,1
Salamanca,2024-11,112,371,0,1
Salamanca,2024-12,545,400,0,1
Santa Cruz de Tenerife,2015-01,1166701,11365,1145082,5
Santa Cruz de Tenerife,2015-02,1269629,11661,1353907,5
Santa Cruz de Tenerife,2015-03,1269629,11661,1353907,5
Santa Cruz de Tenerife,2015-04,1146963,10988,1249516,5
Santa Cruz de Tenerife,2015-05,1039987,10410,1303966,5
Santa Cruz de Tenerife,2015-06,1034590,10182,1496613,5
Santa Cruz de Tenerife,2015-07,1186833,11402,1406184,5
Santa Cruz de Tenerife,2015-08,1266457,11371,1416938,5
Santa Cruz de Tenerife,2015-09,1106278,10391,1603038,5
Santa Cruz de Tenerife,2015-10,1245984,11169,1485855,5
Santa Cruz de Tenerife,2015-11,1245013,11560,1343376,5
Santa Cruz de Tenerife,2015-12,1257394,11900,1338544,5
Santa Cruz de Tenerife,2016-01,1281246,11920,1226458,5
Santa Cruz de Tenerife,2016-02,1272023,11451,1139533,5
Santa Cruz de Tenerife,2016-03,1429932,12589,1491696,5
Santa Cruz de Tenerife,2016-04,1299111,11921,1324633,5
Santa Cruz de Tenerife,2016-05,1207132,11286,1508756,5
Santa Cruz de Tenerife,2016-06,1204281,11249,1519555,5
Santa Cruz de Tenerife,2016-07,1377555,12192,1145420,5
Santa Cruz de Tenerife,2016-08,1445476,13256,1230984,5
Santa Cruz de Tenerife,2016-09,1281942,11389,1354474,5
Santa Cruz de Tenerife,2016-10,1410415,12139,1354447,5
Santa Cruz de Tenerife,2016-11,1376466,12111,1266766,5
Santa Cruz de Tenerife,2016-12,1417397,12849,1329487,5
Santa Cruz de Tenerife,2017-01,1397500,12832,1254254,5
Santa Cruz de Tenerife,2017-02,1330930,11788,1392881,5
Santa Cruz de Tenerife,2017-03,1501777,13313,1747953,5
Santa Cruz de Tenerife,2017-04,1512857,12849,1310073,5
Santa Cruz de Tenerife,2017-05,1294634,11684,1467776,5
Santa Cruz de Tenerife,2017-06,1332124,11711,1449432,5
Santa Cruz de Tenerife,2017-07,1505662,12741,1322022,5
Santa Cruz de Tenerife,2017-08,1552795,13004,1335253,5
Santa Cruz de Tenerife,2017-09,1451461,12539,1370974,5
Santa Cruz de Tenerife,2017-10,1538531,13379,1422412,5
Santa Cruz de Tenerife,2017-11,1526235,14227,1310143,5
Santa Cruz de Tenerife,2017-12,1561779,14682,1332189,5
Santa Cruz de Tenerife,2018-01,1477326,13882,1293023,5
Santa Cruz de Tenerife,2018-02,1411476,12809,1336286,5
Santa Cruz de Tenerife,2018-03,1640122,14770,1574434,5
Santa Cruz de Tenerife,2018-04,1484038,14299,1167079,5
Santa Cruz de Tenerife,2018-05,1387527,13570,1213669,5
Santa Cruz de Tenerife,2018-06,1399023,13804,1359347,5
Santa Cruz de Tenerife,2018-07,1578938,14701,1132711,5
Santa Cruz de Tenerife,2018-08,1620939,15017,1208328,5
Santa Cruz de Tenerife,2018-09,1480217,14110,1272108,5
Santa Cruz de Tenerife,2018-10,1598710,14945,1640514,5
Santa Cruz de Tenerife,2018-11,1576873,15216,1346147,5
Santa Cruz de Tenerife,2018-12,1608971,15843,1261194,5
Santa Cruz de Tenerife,2019-01,1559965,15502,1455995,5
Santa Cruz de Tenerife,2019-02,1478538,13914,1212189,5
Santa Cruz de Tenerife,2019-03,1738118,15856,1588420,5
Santa Cruz de Tenerife,2019-04,1578757,14604,1392719,5
Santa Cruz de Tenerife,2019-05,1434191,13890,1421548,5
Santa Cruz de Tenerife,2019-06,1480108,13978,1227157,5
Santa Cruz de Tenerife,2019-07,1600001,15101,943260,5
Santa Cruz de Tenerife,2019-08,1652631,15075,1225079,5
Santa Cruz de Tenerife,2019-09,1498230,13911,1229640,5
Santa Cruz de Tenerife,2019-10,1577797,14540,1144391,5
Santa Cruz de Tenerife,2019-11,1604076,14792,1156213,5
Santa Cruz de Tenerife,2019-12,1636190,15332,1331337,5
Santa Cruz de Tenerife,2020-01,1540310,14482,1250028,5
Santa Cruz de Tenerife,2020-02,1503853,13745,1221464,5
Santa Cruz de Tenerife,2020-03,760826,9408,979294,5
Santa Cruz de Tenerife,2020-04,16913,1352,629831,5
Santa Cruz de Tenerife,2020-05,34408,1563,838008,5
Santa Cruz de Tenerife,2020-06,148479,3288,835027,5
Santa Cruz de Tenerife,2020-07,570840,8473,1010184,5
Santa Cruz de Tenerife,2020-08,736639,11443,727265,5
Santa Cruz de Tenerife,2020-09,499043,8834,767327,5
Santa Cruz de Tenerife,2020-10,469034,7858,811751,5
Santa Cruz de Tenerife,2020-11,418193,7375,760557,5
Santa Cruz de Tenerife,2020-12,446502,8243,961832,5
Santa Cruz de Tenerife,2021-01,288912,5788,714829,5
Santa Cruz de Tenerife,2021-02,283529,4836,894163,5
Santa Cruz de Tenerife,2021-03,380435,6437,1233643,5
Santa Cruz de Tenerife,2021-04,381470,7081,1019804,5
Santa Cruz de Tenerife,2021-05,527549,8408,1039461,5
Santa Cruz de Tenerife,2021-06,660234,9526,1177859,5
Santa Cruz de Tenerife,2021-07,941087,12255,1211182,5
Santa Cruz de Tenerife,2021-08,1178134,13191,1136820,5
Santa Cruz de Tenerife,2021-09,1077248,12078,1106579,5
Santa Cruz de Tenerife,2021-10,1267485,12124,1002577,5
Santa Cruz de Tenerife,2021-11,1291946,12343,1074106,5
Santa Cruz de Tenerife,2021-12,1246042,13817,1312434,5
Santa Cruz de Tenerife,2022-01,1112714,12805,1153550,5
Santa Cruz de Tenerife,2022-02,1272332,12499,1333707,5
Santa Cruz de Tenerife,2022-03,1534249,14677,1343581,5
Santa Cruz de Tenerife,2022-04,1573965,14689,1303214,5
Santa Cruz de Tenerife,2022-05,1386414,13695,1317338,5
Santa Cruz de Tenerife,2022-06,1437635,13685,1249582,5
Santa Cruz de Tenerife,2022-07,1600615,15599,1052773,5
Santa Cruz de Tenerife,2022-08,1630710,15357,1066296,5
Santa Cruz de Tenerife,2022-09,1463525,13947,1099685,5
Santa Cruz de Tenerife,2022-10,1646544,15528,1101344,5
Santa Cruz de Tenerife,2022-11,1678045,15863,1194497,5
Santa Cruz de Tenerife,2022-12,1726651,16401,1207716,5
Santa Cruz de Tenerife,2023-01,1657803,15083,1048009,5
Santa Cruz de Tenerife,2023-02,1611947,14570,961048,5
Santa Cruz de Tenerife,2023-03,1802711,16647,1282097,5
Santa Cruz de Tenerife,2023-04,1680257,15406,1156650,5
Santa Cruz de Tenerife,2023-05,1529359,14813,1063153,5
Santa Cruz de Tenerife,2023-06,1521788,14726,989072,5
Santa Cruz de Tenerife,2023-07,1692054,16614,987407,5
Santa Cruz de Tenerife,2023-08,1689369,17212,1031239,5
Santa Cruz de Tenerife,2023-09,1588680,15746,924962,5
Santa Cruz de Tenerife,2023-10,1757769,16848,1049495,5
Santa Cruz de Tenerife,2023-11,1822248,16941,1085793,5
Santa Cruz de Tenerife,2023-12,1887230,17468,1113252,5
Santa Cruz de Tenerife,2024-01,1822772,16336,1103072,5
Santa Cruz de Tenerife,2024-02,1857528,16515,1086615,5
Santa Cruz de Tenerife,2024-03,2084491,18375,1142994,5
Santa Cruz de Tenerife,2024-04,1791103,16652,1424120,5
Santa Cruz de Tenerife,2024-05,1704661,16331,1206138,5
Santa Cruz de Tenerife,2024-06,1718325,16127,1165578,5
Santa Cruz de Tenerife,2024-07,1861529,17348,1206038,5
Santa Cruz de Tenerife,2024-08,1908798,17550,989603,5
Santa Cruz de Tenerife,2024-09,1746924,16798,1071041,5
Santa Cruz de Tenerife,2024-10,1898037,17532,1247053,5
Santa Cruz de Tenerife,2024-11,2020821,18705,1139907,5
Santa Cruz de Tenerife,2024-12,2031007,18880,1232191,5
Sevilla,2015-01,250559,3025,443533,1
Sevilla,2015-02,346544,3691,525902,1
Sevilla,2015-03,346544,3691,525902,1
Sevilla,2015-04,409251,3969,613938,1
Sevilla,2015-05,414882,4744,438660,1
Sevilla,2015-06,378524,4235,496838,1
Sevilla,2015-07,395260,4073,508879,1
Sevilla,2015-08,407458,3824,413828,1
Sevilla,2015-09,405713,3958,483547,1
Sevilla,2015-10,395850,4059,519022,1
Sevilla,2015-11,318751,4056,521182,1
Sevilla,2015-12,317735,3326,619624,1
Sevilla,2016-01,288509,3179,436604,1
Sevilla,2016-02,311918,3178,497864,1
Sevilla,2016-03,381706,3768,592857,1
Sevilla,2016-04,426634,4113,903261,1
Sevilla,2016-05,439465,4287,527061,1
Sevilla,2016-06,407611,4262,540812,1
Sevilla,2016-07,410859,4069,523591,1
Sevilla,2016-08,419312,3937,461907,1
Sevilla,2016-09,419111,4124,511255,1
Sevilla,2016-10,425297,4014,541555,1
Sevilla,2016-11,353276,3483,570492,1
Sevilla,2016-12,341616,3426,519198,1
Sevilla,2017-01,320488,3203,495527,1
Sevilla,2017-02,327883,3201,588097,1
Sevilla,2017-03,419445,3883,674897,1
Sevilla,2017-04,459104,4042,1097537,1
Sevilla,2017-05,454884,4479,859746,1
Sevilla,2017-06,433830,4242,720670,1
Sevilla,2017-07,432483,4340,943806,1
Sevilla,2017-08,430085,3994,936105,1
Sevilla,2017-09,452001,4251,951693,1
Sevilla,2017-10,477041,4553,1133585,1
Sevilla,2017-11,456607,4318,1221993,1
Sevilla,2017-12,444966,4155,1092311,1
Sevilla,2018-01,424958,4077,1197966,1
Sevilla,2018-02,433622,4158,983395,1
Sevilla,2018-03,530032,4620,1213707,1
Sevilla,2018-04,562143,5002,1471724,1
Sevilla,2018-05,572960,5128,1105115,1
Sevilla,2018-06,541107,4987,1063450,1
Sevilla,2018-07,532099,4963,1077623,1
Sevilla,2018-08,525791,4616,840861,1
Sevilla,2018-09,563301,5104,901299,1
Sevilla,2018-10,603741,5418,986902,1
Sevilla,2018-11,548079,4922,972178,1
Sevilla,2018-12,542650,4918,702932,1
Sevilla,2019-01,522375,4929,773367,1
Sevilla,2019-02,521770,4908,649589,1
Sevilla,2019-03,641110,5480,690085,1
Sevilla,2019-04,682786,5680,1093261,1
Sevilla,2019-05,685045,5962,716680,1
Sevilla,2019-06,666903,5499,716920,1
Sevilla,2019-07,641440,5345,764084,1
Sevilla,2019-08,632775,5113,661099,1
Sevilla,2019-09,673466,5631,885964,1
Sevilla,2019-10,692643,5682,1073424,1
Sevilla,2019-11,597855,4968,968452,1
Sevilla,2019-12,586189,4915,898865,1
Sevilla,2020-01,546798,4728,952685,1
Sevilla,2020-02,564265,4763,867896,1
Sevilla,2020-03,257189,3238,784108,1
Sevilla,2020-04,2085,579,509820,1
Sevilla,2020-05,5269,692,621069,1
Sevilla,2020-06,23583,1589,820752,1
Sevilla,2020-07,185957,3457,897309,1
Sevilla,2020-08,255943,4044,746189,1
Sevilla,2020-09,178083,3381,707849,1
Sevilla,2020-10,157896,3111,906316,1
Sevilla,2020-11,50919,2037,931326,1
Sevilla,2020-12,87838,2021,888272,1
Sevilla,2021-01,66452,1740,695467,1
Sevilla,2021-02,37109,1554,669713,1
Sevilla,2021-03,52154,2370,805427,1
Sevilla,2021-04,79015,2326,722143,1
Sevilla,2021-05,156964,3330,759214,1
Sevilla,2021-06,293098,4120,792524,1
Sevilla,2021-07,412462,4833,739734,1
Sevilla,2021-08,466490,4479,691727,1
Sevilla,2021-09,461242,4818,754487,1
Sevilla,2021-10,523972,5141,729924,1
Sevilla,2021-11,460855,4607,844300,1
Sevilla,2021-12,434652,4523,921529,1
Sevilla,2022-01,321034,3881,733925,1
Sevilla,2022-02,402923,3918,763861,1
Sevilla,2022-03,542690,4764,832389,1
Sevilla,2022-04,598247,5381,797516,1
Sevilla,2022-05,635220,5890,824043,1
Sevilla,2022-06,619449,5714,898609,1
Sevilla,2022-07,608720,5306,825602,1
Sevilla,2022-08,616582,4876,775687,1
Sevilla,2022-09,625356,5419,863136,1
Sevilla,2022-10,665977,5724,842047,1
Sevilla,2022-11,575978,4898,891650,1
Sevilla,2022-12,567277,4592,917633,1
Sevilla,2023-01,554141,4792,826470,1
Sevilla,2023-02,543349,4572,843874,1
Sevilla,2023-03,653918,5319,1265110,1
Sevilla,2023-04,676804,5555,1115671,1
Sevilla,2023-05,742050,5984,924447,1
Sevilla,2023-06,673985,5479,930159,1
Sevilla,2023-07,677380,5317,826072,1
Sevilla,2023-08,717526,5290,747089,1
Sevilla,2023-09,740619,5805,784709,1
Sevilla,2023-10,770891,5978,882735,1
Sevilla,2023-11,652855,5365,911229,1
Sevilla,2023-12,668006,5318,856409,1
Sevilla,2024-01,620634,5057,941292,1
Sevilla,2024-02,656259,5022,842145,1
Sevilla,2024-03,773745,5749,799053,1
Sevilla,2024-04,848669,6801,911256,1
Sevilla,2024-05,852376,6632,878929,1
Sevilla,2024-06,777627,6079,877359,1
Sevilla,2024-07,760539,5962,916580,1
Sevilla,2024-08,764518,5718,812172,1
Sevilla,2024-09,796310,6105,892782,1
Sevilla,2024-10,839011,6415,1038077,1
Sevilla,2024-11,737396,6010,1001610,1
Sevilla,2024-12,748675,5890,1043754,1
Tarragona,2015-01,8807,776,0,1
Tarragona,2015-02,10511,688,0,1
Tarragona,2015-03,10511,688,0,1
Tarragona,2015-04,27540,915,0,1
Tarragona,2015-05,83647,1520,0,1
Tarragona,2015-06,123705,1677,10,1
Tarragona,2015-07,130409,1662,0,1
Tarragona,2015-08,130818,1427,0,1
Tarragona,2015-09,106555,1361,0,1
Tarragona,2015-10,59322,1291,0,1
Tarragona,2015-11,7980,870,0,1
Tarragona,2015-12,7869,727,0,1
Tarragona,2016-01,5549,761,0,1
Tarragona,2016-02,5561,885,0,1
Tarragona,2016-03,11148,758,0,1
Tarragona,2016-04,27692,954,0,1
Tarragona,2016-05,90687,1317,0,1
Tarragona,2016-06,135265,1656,0,1
Tarragona,2016-07,167641,1952,0,1
Tarragona,2016-08,156129,1709,0,1
Tarragona,2016-09,125757,1499,0,1
Tarragona,2016-10,74831,1381,0,1
Tarragona,2016-11,9730,868,0,1
Tarragona,2016-12,7775,733,0,1
Tarragona,2017-01,9483,663,0,1
Tarragona,2017-02,7315,711,0,1
Tarragona,2017-03,11613,979,0,1
Tarragona,2017-04,42323,1087,0,1
Tarragona,2017-05,116140,1825,0,1
Tarragona,2017-06,176627,1966,0,1
Tarragona,2017-07,192145,2182,0,1
Tarragona,2017-08,190940,1778,0,1
Tarragona,2017-09,159578,1750,0,1
Tarragona,2017-10,95663,1555,0,1
Tarragona,2017-11,8060,885,0,1
Tarragona,2017-12,9002,642,0,1
Tarragona,2018-01,6612,745,0,1
Tarragona,2018-02,6777,806,0,1
Tarragona,2018-03,16428,928,0,1
Tarragona,2018-04,43750,1274,0,1
Tarragona,2018-05,122969,1687,0,1
Tarragona,2018-06,185574,1970,0,1
Tarragona,2018-07,194422,2227,0,1
Tarragona,2018-08,185240,1687,0,1
Tarragona,2018-09,169108,1947,0,1
Tarragona,2018-10,90451,1493,0,1
Tarragona,2018-11,9671,1061,0,1
Tarragona,2018-12,6763,1030,0,1
Tarragona,2019-01,5834,756,0,1
Tarragona,2019-02,3895,1141,0,1
Tarragona,2019-03,4782,1155,0,1
Tarragona,2019-04,54356,1233,0,1
Tarragona,2019-05,135741,1909,0,1
Tarragona,2019-06,189263,2226,0,1
Tarragona,2019-07,193143,2214,0,1
Tarragona,2019-08,196893,1785,0,1
Tarragona,2019-09,160594,1897,0,1
Tarragona,2019-10,94385,1683,0,1
Tarragona,2019-11,4852,1052,0,1
Tarragona,2019-12,2511,628,0,1
Tarragona,2020-01,1669,1164,0,1
Tarragona,2020-02,2946,1103,0,1
Tarragona,2020-03,1301,368,0,1
Tarragona,2020-04,163,54,0,1
Tarragona,2020-05,226,336,0,1
Tarragona,2020-06,429,1256,0,1
Tarragona,2020-07,14513,1948,0,1
Tarragona,2020-08,9680,1532,0,1
Tarragona,2020-09,4774,1497,0,1
Tarragona,2020-10,2983,1350,0,1
Tarragona,2020-11,380,1201,0,1
Tarragona,2020-12,396,694,0,1
Tarragona,2021-01,313,977,0,1
Tarragona,2021-02,356,1081,0,1
Tarragona,2021-03,562,1575,0,1
Tarragona,2021-04,386,1124,0,1
Tarragona,2021-05,577,1039,0,1
Tarragona,2021-06,7857,1090,0,1
Tarragona,2021-07,25070,1535,0,1
Tarragona,2021-08,45476,1164,0,1
Tarragona,2021-09,40233,1286,0,1
Tarragona,2021-10,37491,1687,0,1
Tarragona,2021-11,317,1239,0,1
Tarragona,2021-12,249,809,0,1
Tarragona,2022-01,247,1215,0,1
Tarragona,2022-02,208,1134,0,1
Tarragona,2022-03,4350,1022,0,1
Tarragona,2022-04,58456,1423,0,1
Tarragona,2022-05,121465,2303,0,1
Tarragona,2022-06,154180,2428,0,1
Tarragona,2022-07,161662,2256,0,1
Tarragona,2022-08,162501,1717,0,1
Tarragona,2022-09,148341,2086,0,1
Tarragona,2022-10,98094,2305,0,1
Tarragona,2022-11,1928,1278,0,1
Tarragona,2022-12,390,878,0,1
Tarragona,2023-01,391,1272,0,1
Tarragona,2023-02,579,1520,0,1
Tarragona,2023-03,11142,1676,0,1
Tarragona,2023-04,77562,1660,0,1
Tarragona,2023-05,138170,1828,0,1
Tarragona,2023-06,165704,2170,0,1
Tarragona,2023-07,175480,2084,0,1
Tarragona,2023-08,178651,1703,0,1
Tarragona,2023-09,165815,2221,0,1
Tarragona,2023-10,126811,1969,0,1
Tarragona,2023-11,4176,1358,0,1
Tarragona,2023-12,944,1052,0,1
Tarragona,2024-01,766,1414,0,1
Tarragona,2024-02,793,1374,0,1
Tarragona,2024-03,6682,1460,0,1
Tarragona,2024-04,101970,2227,0,1
Tarragona,2024-05,161912,2374,0,1
Tarragona,2024-06,191340,2441,0,1
Tarragona,2024-07,199467,2526,0,1
Tarragona,2024-08,206763,1902,0,1
Tarragona,2024-09,179592,2150,0,1
Tarragona,2024-10,126809,1800,0,1
Tarragona,2024-11,4424,1276,0,1
Tarragona,2024-12,996,977,0,1
Valencia,2015-01,271120,3920,985686,1
Valencia,2015-02,360249,4457,1163577,1
Valencia,2015-03,360249,4457,1163577,1
Valencia,2015-04,447485,5192,1074669,1
Valencia,2015-05,446793,5330,1120666,1
Valencia,2015-06,479912,5432,1486453,1
Valencia,2015-07,548209,5932,1451338,1
Valencia,2015-08,599921,5887,767034,1
Valencia,2015-09,490990,5224,1033762,1
Valencia,2015-10,463152,5156,1269861,1
Valencia,2015-11,343126,4391,1145944,1
Valencia,2015-12,329570,4324,1057163,1
Valencia,2016-01,307717,4025,935923,1
Valencia,2016-02,328246,4217,1032610,1
Valencia,2016-03,421621,4717,1034815,1
Valencia,2016-04,468740,5149,1102664,1
Valencia,2016-05,515049,5536,1138669,1
Valencia,2016-06,535174,5845,1133057,1
Valencia,2016-07,628574,6547,1040288,1
Valencia,2016-08,680102,6542,803677,1
Valencia,2016-09,566433,5798,1010222,1
Valencia,2016-10,538207,5460,1020914,1
Valencia,2016-11,405482,4569,1266010,1
Valencia,2016-12,403508,4399,1062633,1
Valencia,2017-01,368737,4278,1032050,1
Valencia,2017-02,364755,4174,1016951,1
Valencia,2017-03,464526,4903,1373456,1
Valencia,2017-04,561842,5530,988809,1
Valencia,2017-05,589723,6105,1227064,1
Valencia,2017-06,624584,6238,1171523,1
Valencia,2017-07,719310,6871,1111713,1
Valencia,2017-08,754523,6942,828678,1
Valencia,2017-09,658642,6273,1049120,1
Valencia,2017-10,639587,6200,1084871,1
Valencia,2017-11,509629,5490,1190574,1
Valencia,2017-12,489373,5038,1050935,1
Valencia,2018-01,468909,5138,1357809,1
Valencia,2018-02,467522,4919,1026197,1
Valencia,2018-03,597146,5849,1193658,1
Valencia,2018-04,665947,6486,1090580,1
Valencia,2018-05,681743,6883,1179491,1
Valencia,2018-06,691772,6916,1340762,1
Valencia,2018-07,791662,7810,1343292,1
Valencia,2018-08,824392,7372,1065750,1
Valencia,2018-09,725610,6460,1134970,1
Valencia,2018-10,710921,6655,1213304,1
Valencia,2018-11,577686,5666,1441321,1
Valencia,2018-12,566494,5683,1112660,1
Valencia,2019-01,543595,5720,1359702,1
Valencia,2019-02,524073,5313,1056843,1
Valencia,2019-03,668421,6088,1134119,1
Valencia,2019-04,752055,6523,1170068,1
Valencia,2019-05,747036,6858,1636123,1
Valencia,2019-06,780180,6922,1066978,1
Valencia,2019-07,858784,7436,1279010,1
Valencia,2019-08,889748,7406,915471,1
Valencia,2019-09,791361,6999,1140123,1
Valencia,2019-10,768517,6976,1223570,1
Valencia,2019-11,619664,5854,1380531,1
Valencia,2019-12,596145,5607,1153304,1
Valencia,2020-01,561235,5474,1067230,1
Valencia,2020-02,553384,5442,1038102,1
Valencia,2020-03,236549,3322,989559,1
Valencia,2020-04,1253,500,1034386,1
Valencia,2020-05,1387,761,724555,1
Valencia,2020-06,24988,1431,865899,1
Valencia,2020-07,264319,3821,1157320,1
Valencia,2020-08,338430,4783,778967,1
Valencia,2020-09,187892,3361,972758,1
Valencia,2020-10,152644,2737,1044877,1
Valencia,2020-11,71816,2052,1059549,1
Valencia,2020-12,93598,2217,1130780,1
Valencia,2021-01,72481,2052,861319,1
Valencia,2021-02,46181,1784,984624,1
Valencia,2021-03,71357,2032,1070025,1
Valencia,2021-04,101348,2227,1172638,1
Valencia,2021-05,154483,2795,1001915,1
Valencia,2021-06,318263,4316,1128223,1
Valencia,2021-07,539755,6099,1071846,1
Valencia,2021-08,666894,6645,886406,1
Valencia,2021-09,567404,5857,1083439,1
Valencia,2021-10,598175,5817,1135943,1
Valencia,2021-11,484859,5021,1160319,1
Valencia,2021-12,457285,4986,1166354,1
Valencia,2022-01,338311,4188,1024189,1
Valencia,2022-02,391472,4147,1070464,1
Valencia,2022-03,540915,5163,1206565,1
Valencia,2022-04,716259,6426,1062410,1
Valencia,2022-05,739159,6850,1239645,1
Valencia,2022-06,800102,6957,1245055,1
Valencia,2022-07,878944,7660,1170710,1
Valencia,2022-08,903183,7434,1015329,1
Valencia,2022-09,811440,6917,1116164,1
Valencia,2022-10,794965,6845,1351102,1
Valencia,2022-11,588355,5387,1173708,1
Valencia,2022-12,611716,5527,1113472,1
Valencia,2023-01,586671,5328,1038922,1
Valencia,2023-02,555683,5031,1055922,1
Valencia,2023-03,705897,6085,1279681,1
Valencia,2023-04,863536,6967,994575,1
Valencia,2023-05,886980,7446,1202871,1
Valencia,2023-06,907956,7387,1287695,1
Valencia,2023-07,1035710,8311,1147073,1
Valencia,2023-08,1072418,8180,922542,1
Valencia,2023-09,949454,7657,1093272,1
Valencia,2023-10,967431,7782,1087013,1
Valencia,2023-11,691213,5972,1499333,1
Valencia,2023-12,725332,6091,1067060,1
Valencia,2024-01,654747,5699,1014225,1
Valencia,2024-02,648909,5536,1044865,1
Valencia,2024-03,824631,6402,1019511,1
Valencia,2024-04,945513,7549,1158707,1
Valencia,2024-05,982450,7936,1199506,1
Valencia,2024-06,991678,7847,1065658,1
Valencia,2024-07,1086705,8374,1153945,1
Valencia,2024-08,1118748,8307,865277,1
Valencia,2024-09,1058191,8208,1037907,1
Valencia,2024-10,1011367,8194,1094234,1
Valencia,2024-11,694507,6803,1094835,1
Valencia,2024-12,794517,6645,1144112,1
Valladolid,2015-01,9585,210,0,1
Valladolid,2015-02,15816,351,9271,1
Valladolid,2015-03,15816,351,9271,1
Valladolid,2015-04,19029,352,880,1
Valladolid,2015-05,24326,441,764,1
Valladolid,2015-06,19472,439,5939,1
Valladolid,2015-07,23102,505,2920,1
Valladolid,2015-08,26353,561,215,1
Valladolid,2015-09,21207,507,2162,1
Valladolid,2015-10,22770,511,30728,1
Valladolid,2015-11,12982,300,16268,1
Valladolid,2015-12,12517,256,250,1
Valladolid,2016-01,11487,195,3085,1
Valladolid,2016-02,12554,243,12857,1
Valladolid,2016-03,20703,362,4097,1
Valladolid,2016-04,27516,375,3956,1
Valladolid,2016-05,25680,409,60,1
Valladolid,2016-06,18470,441,2195,1
Valladolid,2016-07,21748,490,1878,1
Valladolid,2016-08,24418,491,0,1
Valladolid,2016-09,21313,550,0,1
Valladolid,2016-10,23062,452,820,1
Valladolid,2016-11,13291,241,884,1
Valladolid,2016-12,11626,172,30,1
Valladolid,2017-01,10706,252,1890,1
Valladolid,2017-02,11176,234,6149,1
Valladolid,2017-03,18902,345,0,1
Valladolid,2017-04,25496,508,180,1
Valladolid,2017-05,22739,406,0,1
Valladolid,2017-06,18065,447,200,1
Valladolid,2017-07,23931,600,0,1
Valladolid,2017-08,25269,534,845,1
Valladolid,2017-09,19371,572,10340,1
Valladolid,2017-10,21263,636,400,1
Valladolid,2017-11,13990,324,30,1
Valladolid,2017-12,16351,242,5511,1
Valladolid,2018-01,12835,266,0,1
Valladolid,2018-02,12263,268,210,1
Valladolid,2018-03,22133,306,1010,1
Valladolid,2018-04,26410,381,2220,1
Valladolid,2018-05,26196,444,4447,1
Valladolid,2018-06,19154,381,57,1
Valladolid,2018-07,22104,493,947,1
Valladolid,2018-08,27387,669,132,1
Valladolid,2018-09,23435,601,915,1
Valladolid,2018-10,24458,546,19382,1
Valladolid,2018-11,18290,376,107935,1
Valladolid,2018-12,18446,302,12432,1
Valladolid,2019-01,13977,223,0,1
Valladolid,2019-02,14721,385,4835,1
Valladolid,2019-03,22544,481,3360,1
Valladolid,2019-04,24521,422,0,1
Valladolid,2019-05,24741,592,160,1
Valladolid,2019-06,24093,663,0,1
Valladolid,2019-07,24270,602,260,1
Valladolid,2019-08,26323,726,0,1
Valladolid,2019-09,24592,723,0,1
Valladolid,2019-10,21359,487,0,1
Valladolid,2019-11,13656,176,0,1
Valladolid,2019-12,14427,190,2234,1
Valladolid,2020-01,12756,193,1000,1
Valladolid,2020-02,14746,360,0,1
Valladolid,2020-03,6643,183,0,1
Valladolid,2020-04,38,18,442,1
Valladolid,2020-05,97,32,0,1
Valladolid,2020-06,882,66,0,1
Valladolid,2020-07,7650,520,0,1
Valladolid,2020-08,11719,510,0,1
Valladolid,2020-09,7083,381,0,1
Valladolid,2020-10,5386,233,2400,1
Valladolid,2020-11,1785,210,745,1
Valladolid,2020-12,3063,138,964,1
Valladolid,2021-01,2179,116,0,1
Valladolid,2021-02,216,186,634,1
Valladolid,2021-03,355,372,0,1
Valladolid,2021-04,463,258,0,1
Valladolid,2021-05,4051,495,50,1
Valladolid,2021-06,6405,567,0,1
Valladolid,2021-07,16453,803,0,1
Valladolid,2021-08,22849,867,0,1
Valladolid,2021-09,14042,655,0,1
Valladolid,2021-10,12898,650,350,1
Valladolid,2021-11,9868,411,0,1
Valladolid,2021-12,12764,271,954,1
Valladolid,2022-01,6999,471,0,1
Valladolid,2022-02,5584,475,0,1
Valladolid,2022-03,11468,397,0,1
Valladolid,2022-04,13951,605,0,1
Valladolid,2022-05,12355,866,4692,1
Valladolid,2022-06,14068,700,900,1
Valladolid,2022-07,21000,956,0,1
Valladolid,2022-08,25399,926,0,1
Valladolid,2022-09,17044,703,0,1
Valladolid,2022-10,14567,552,650,1
Valladolid,2022-11,12372,343,75,1
Valladolid,2022-12,17199,284,0,1
Valladolid,2023-01,11263,298,440,1
Valladolid,2023-02,9036,427,800,1
Valladolid,2023-03,13718,523,0,1
Valladolid,2023-04,21466,683,0,1
Valladolid,2023-05,24795,609,1650,1
Valladolid,2023-06,18615,616,0,1
Valladolid,2023-07,21518,865,3200,1
Valladolid,2023-08,23031,777,0,1
Valladolid,2023-09,19972,636,0,1
Valladolid,2023-10,21705,489,0,1
Valladolid,2023-11,10368,294,30,1
Valladolid,2023-12,16403,318,0,1
Valladolid,2024-01,10075,376,0,1
Valladolid,2024-02,13437,414,0,1
Valladolid,2024-03,17933,486,0,1
Valladolid,2024-04,19149,637,0,1
Valladolid,2024-05,22026,536,170,1
Valladolid,2024-06,14677,581,55,1
Valladolid,2024-07,19321,893,0,1
Valladolid,2024-08,20835,868,0,1
Valladolid,2024-09,14558,621,0,1
Valladolid,2024-10,18104,458,0,1
Valladolid,2024-11,8603,418,0,1
Valladolid,2024-12,13320,314,0,1
Zaragoza,2015-01,26208,427,5460976,1
Zaragoza,2015-02,35852,611,7441597,1
Zaragoza,2015-03,35852,611,7441597,1
Zaragoza,2015-04,38966,587,6702473,1
Zaragoza,2015-05,30301,563,6147104,1
Zaragoza,2015-06,35597,672,5231899,1
Zaragoza,2015-07,47214,687,5911443,1
Zaragoza,2015-08,49287,661,8516364,1
Zaragoza,2015-09,40903,755,9980557,1
Zaragoza,2015-10,33051,596,9166018,1
Zaragoza,2015-11,23726,491,7968688,1
Zaragoza,2015-12,33019,528,6635925,1
Zaragoza,2016-01,27076,468,6867883,1
Zaragoza,2016-02,27089,496,7793446,1
Zaragoza,2016-03,39601,588,8547329,1
Zaragoza,2016-04,34878,588,9138393,1
Zaragoza,2016-05,33585,557,7503232,1
Zaragoza,2016-06,37161,652,6688761,1
Zaragoza,2016-07,44907,725,7940855,1
Zaragoza,2016-08,46776,747,11534527,1
Zaragoza,2016-09,36494,733,11735909,1
Zaragoza,2016-10,32757,621,11688945,1
Zaragoza,2016-11,26833,603,12054303,1
Zaragoza,2016-12,32372,491,8647769,1
Zaragoza,2017-01,26224,470,9008485,1
Zaragoza,2017-02,23080,472,8926947,1
Zaragoza,2017-03,37472,612,10709224,1
Zaragoza,2017-04,42289,634,10704718,1
Zaragoza,2017-05,33278,618,10489171,1
Zaragoza,2017-06,39316,700,7658326,1
Zaragoza,2017-07,50047,779,10069136,1
Zaragoza,2017-08,51923,793,16299716,1
Zaragoza,2017-09,42378,797,15983073,1
Zaragoza,2017-10,34877,835,17177516,1
Zaragoza,2017-11,25804,644,14525377,1
Zaragoza,2017-12,31347,611,10633518,1
Zaragoza,2018-01,27311,580,11493462,1
Zaragoza,2018-02,25705,551,12330551,1
Zaragoza,2018-03,35255,659,13936894,1
Zaragoza,2018-04,40035,755,14735865,1
Zaragoza,2018-05,34731,663,12571859,1
Zaragoza,2018-06,47797,825,9512460,1
Zaragoza,2018-07,62019,936,12449978,1
Zaragoza,2018-08,64373,940,15934398,1
Zaragoza,2018-09,52548,982,16908784,1
Zaragoza,2018-10,36939,804,19541515,1
Zaragoza,2018-11,28489,675,16448753,1
Zaragoza,2018-12,33862,621,10966374,1
Zaragoza,2019-01,29253,561,12420527,1
Zaragoza,2019-02,26871,615,13986608,1
Zaragoza,2019-03,35007,706,17327556,1
Zaragoza,2019-04,42210,707,15874297,1
Zaragoza,2019-05,34864,687,12859279,1
Zaragoza,2019-06,42148,695,7427827,1
Zaragoza,2019-07,54052,884,12826216,1
Zaragoza,2019-08,51147,784,15610688,1
Zaragoza,2019-09,45900,805,16604199,1
Zaragoza,2019-10,36897,800,20862168,1
Zaragoza,2019-11,32497,789,20911484,1
Zaragoza,2019-12,36937,739,15908219,1
Zaragoza,2020-01,34155,690,14976853,1
Zaragoza,2020-02,33464,701,13672141,1
Zaragoza,2020-03,14419,426,10292523,1
Zaragoza,2020-04,4,112,4301653,1
Zaragoza,2020-05,47,190,3895146,1
Zaragoza,2020-06,607,297,5343614,1
Zaragoza,2020-07,22490,665,10144824,1
Zaragoza,2020-08,32539,757,14717757,1
Zaragoza,2020-09,17159,832,18796047,1
Zaragoza,2020-10,8470,781,19939757,1
Zaragoza,2020-11,2606,584,15270604,1
Zaragoza,2020-12,6384,523,12026762,1
Zaragoza,2021-01,4714,506,15462047,1
Zaragoza,2021-02,1581,455,13460648,1
Zaragoza,2021-03,3159,565,17996651,1
Zaragoza,2021-04,5197,540,16207798,1
Zaragoza,2021-05,8954,664,12812722,1
Zaragoza,2021-06,20097,693,12643391,1
Zaragoza,2021-07,40248,909,14327592,1
Zaragoza,2021-08,49831,877,16243191,1
Zaragoza,2021-09,37845,1081,18793173,1
Zaragoza,2021-10,31490,997,20755592,1
Zaragoza,2021-11,35852,963,20044341,1
Zaragoza,2021-12,39481,918,15745975,1
Zaragoza,2022-01,26274,763,12027585,1
Zaragoza,2022-02,29622,685,11239517,1
Zaragoza,2022-03,44619,812,13348682,1
Zaragoza,2022-04,52954,861,12801302,1
Zaragoza,2022-05,51083,889,8943953,1
Zaragoza,2022-06,62259,882,7629400,1
Zaragoza,2022-07,69483,954,7669082,1
Zaragoza,2022-08,72152,890,10069528,1
Zaragoza,2022-09,61279,920,10410728,1
Zaragoza,2022-10,58851,917,12098911,1
Zaragoza,2022-11,44920,773,11523598,1
Zaragoza,2022-12,54341,736,9205679,1
Zaragoza,2023-01,51341,646,8095244,1
Zaragoza,2023-02,46212,706,9182514,1
Zaragoza,2023-03,54031,820,12035624,1
Zaragoza,2023-04,64548,835,11378579,1
Zaragoza,2023-05,54427,783,7806551,1
Zaragoza,2023-06,58447,823,5922965,1
Zaragoza,2023-07,71367,918,8718597,1
Zaragoza,2023-08,72996,913,13341544,1
Zaragoza,2023-09,62002,938,14327423,1
Zaragoza,2023-10,59721,869,13753039,1
Zaragoza,2023-11,40534,738,14004256,1
Zaragoza,2023-12,50064,727,11290163,1
Zaragoza,2024-01,45451,658,10791212,1
Zaragoza,2024-02,41923,664,11317126,1
Zaragoza,2024-03,54570,755,13341503,1
Zaragoza,2024-04,59529,866,13940238,1
Zaragoza,2024-05,60579,958,16200617,1
Zaragoza,2024-06,65005,905,12904346,1
Zaragoza,2024-07,66492,952,13028065,1
Zaragoza,2024-08,71136,929,17782232,1
Zaragoza,2024-09,64624,957,16802374,1
Zaragoza,2024-10,61961,991,20999934,1
Zaragoza,2024-11,48343,931,21091421,1
Zaragoza,2024-12,54624,813,13154128,1
