year,month,year_month,airport_name,airport_normalized,province,passengers,operations,cargo_kg,source_file,source_sheet
2015,1,2015-01,A Coruna,A CORUNA,A Coruna,68847,1005,10918,01.Enero-Definitivo-2015.xls,ENERO
2015,1,2015-01,Adolfo Suarez Madrid-Barajas,ADOLFO SUAREZ MADRID-BARAJAS,Madrid,3148894,27257,27619855,01.Enero-Definitivo-2015.xls,ENERO
2015,1,2015-01,Albacete,ALBACETE,Albacete,182,46,0,01.Enero-Definitivo-2015.xls,ENERO
2015,1,2015-01,Alicante-Elche,ALICANTE-ELCHE,Alicante,498596,3879,179583,01.Enero-Definitivo-2015.xls,ENERO
2015,1,2015-01,Almeria,ALMERIA,Almeria,24992,568,647,01.Enero-Definitivo-2015.xls,ENERO
2015,1,2015-01,Asturias,ASTURIAS,Asturias,61476,630,3908,01.Enero-Definitivo-2015.xls,ENERO
2015,1,2015-01,Badajoz,BADAJOZ,Badajoz,2307,140,0,01.Enero-Definitivo-2015.xls,ENERO
2015,1,2015-01,Barcelona-El Prat,BARCELONA-EL PRAT,Barcelona,2203277,18317,7804990,01.Enero-Definitivo-2015.xls,ENERO
2015,1,2015-01,Bilbao,BILBAO,Bizkaia,230303,2736,208615,01.Enero-Definitivo-2015.xls,ENERO
2015,1,2015-01,Burgos,BURGOS,Burgos,738,124,0,01.Enero-Definitivo-2015.xls,ENERO
2015,1,2015-01,Ceuta-Helipuerto,CEUTA-HELIPUERTO,Ceuta,166,48,0,01.Enero-Definitivo-2015.xls,ENERO
2015,1,2015-01,Cordoba,CORDOBA,Cordoba,477,484,0,01.Enero-Definitivo-2015.xls,ENERO
2015,1,2015-01,El Hierro,EL HIERRO,Santa Cruz de Tenerife,10373,284,5749,01.Enero-Definitivo-2015.xls,ENERO
2015,1,2015-01,Fgl Granada-Jaen,FGL GRANADA-JAEN,Granada,46904,807,0,01.Enero-Definitivo-2015.xls,ENERO
2015,1,2015-01,Fuerteventura,FUERTEVENTURA,Las Palmas,369743,3214,76565,01.Enero-Definitivo-2015.xls,ENERO
2015,1,2015-01,Girona,GIRONA,Girona,49333,801,3470,01.Enero-Definitivo-2015.xls,ENERO
2015,1,2015-01,Gran Canaria,GRAN CANARIA,Las Palmas,981267,9243,1415647,01.Enero-Definitivo-2015.xls,ENERO
2015,1,2015-01,Huesca-Pirineos,HUESCA-PIRINEOS,Huesca,0,60,0,01.Enero-Definitivo-2015.xls,ENERO
2015,1,2015-01,Ibiza,IBIZA,Illes Balears,106430,1425,97599,01.Enero-Definitivo-2015.xls,ENERO
2015,1,2015-01,Jerez De La Frontera,JEREZ DE LA FRONTERA,Cadiz,22334,2684,4039,01.Enero-Definitivo-2015.xls,ENERO
2015,1,2015-01,La Gomera,LA GOMERA,Santa Cruz de Tenerife,2248,140,61,01.Enero-Definitivo-2015.xls,ENERO
2015,1,2015-01,La Palma,LA PALMA,Santa Cruz de Tenerife,73905,1246,54881,01.Enero-Definitivo-2015.xls,ENERO
2015,1,2015-01,Lanzarote,LANZAROTE,Las Palmas,451791,4046,149049,01.Enero-Definitivo-2015.xls,ENERO
2015,1,2015-01,Leon,LEON,Leon,1304,97,0,01.Enero-Definitivo-2015.xls,ENERO
2015,1,2015-01,Logrono,LOGRONO,La Rioja,795,92,0,01.Enero-Definitivo-2015.xls,ENERO
2015,1,2015-01,Madrid-Cuatro Vientos,MADRID-CUATRO VIENTOS,Madrid,141,2536,0,01.Enero-Definitivo-2015.xls,ENERO
2015,1,2015-01,Malaga-Costa Del Sol,MALAGA-COSTA DEL SOL,Malaga,644750,5776,180614,01.Enero-Definitivo-2015.xls,ENERO
2015,1,2015-01,Melilla,MELILLA,Melilla,23232,675,10031,01.Enero-Definitivo-2015.xls,ENERO
2015,1,2015-01,Menorca,MENORCA,Illes Balears,45693,800,111934,01.Enero-Definitivo-2015.xls,ENERO
2015,1,2015-01,Murcia-San Javier,MURCIA-SAN JAVIER,Murcia,19154,254,11,01.Enero-Definitivo-2015.xls,ENERO
2015,1,2015-01,Palma De Mallorca,PALMA DE MALLORCA,Illes Balears,565027,5952,689401,01.Enero-Definitivo-2015.xls,ENERO
2015,1,2015-01,Pamplona,PAMPLONA,Navarra,9532,379,262,01.Enero-Definitivo-2015.xls,ENERO
2015,1,2015-01,Reus,REUS,Tarragona,8807,776,0,01.Enero-Definitivo-2015.xls,ENERO
2015,1,2015-01,Sabadell,SABADELL,Barcelona,200,2039,0,01.Enero-Definitivo-2015.xls,ENERO
2015,1,2015-01,Salamanca,SALAMANCA,Salamanca,1024,324,0,01.Enero-Definitivo-2015.xls,ENERO
2015,1,2015-01,San Sebastian,SAN SEBASTIAN,Gipuzkoa,15064,447,0,01.Enero-Definitivo-2015.xls,ENERO
2015,1,2015-01,Santiago,SANTIAGO,A Coruna,126832,1322,175403,01.Enero-Definitivo-2015.xls,ENERO
2015,1,2015-01,Seve Ballesteros-Santander,SEVE BALLESTEROS-SANTANDER,Cantabria,39240,585,63,01.Enero-Definitivo-2015.xls,ENERO
2015,1,2015-01,Sevilla,SEVILLA,Sevilla,250559,3025,443533,01.Enero-Definitivo-2015.xls,ENERO
2015,1,2015-01,Son Bonet,SON BONET,Illes Balears,68,683,0,01.Enero-Definitivo-2015.xls,ENERO
2015,1,2015-01,Tenerife Norte,TENERIFE NORTE,Santa Cruz de Tenerife,262627,4076,804373,01.Enero-Definitivo-2015.xls,ENERO
2015,1,2015-01,Tenerife Sur,TENERIFE SUR,Santa Cruz de Tenerife,817548,5619,280018,01.Enero-Definitivo-2015.xls,ENERO
2015,1,2015-01,Valencia,VALENCIA,Valencia,271120,3920,985686,01.Enero-Definitivo-2015.xls,ENERO
2015,1,2015-01,Valladolid,VALLADOLID,Valladolid,9585,210,0,01.Enero-Definitivo-2015.xls,ENERO
2015,1,2015-01,Vigo,VIGO,Pontevedra,43564,654,37870,01.Enero-Definitivo-2015.xls,ENERO
2015,1,2015-01,Vitoria,VITORIA,Alava,673,461,3355146,01.Enero-Definitivo-2015.xls,ENERO
2015,1,2015-01,Zaragoza,ZARAGOZA,Zaragoza,26208,427,5460976,01.Enero-Definitivo-2015.xls,ENERO
2016,1,2016-01,A Coruna,A CORUNA,A Coruna,71956,1007,11519,01.Enero_Definitivo_2016.xls,ENERO 2016
2016,1,2016-01,Adolfo Suarez Madrid-Barajas,ADOLFO SUAREZ MADRID-BARAJAS,Madrid,3516501,28709,30196727,01.Enero_Definitivo_2016.xls,ENERO 2016
2016,1,2016-01,Albacete,ALBACETE,Albacete,189,46,0,01.Enero_Definitivo_2016.xls,ENERO 2016
2016,1,2016-01,Algeciras-Helipuerto,ALGECIRAS-HELIPUERTO,Cadiz,12,8,0,01.Enero_Definitivo_2016.xls,ENERO 2016
2016,1,2016-01,Alicante-Elche,ALICANTE-ELCHE,Alicante,593149,4618,380707,01.Enero_Definitivo_2016.xls,ENERO 2016
2016,1,2016-01,Almeria,ALMERIA,Almeria,30159,593,290,01.Enero_Definitivo_2016.xls,ENERO 2016
2016,1,2016-01,Asturias,ASTURIAS,Asturias,70804,747,4290,01.Enero_Definitivo_2016.xls,ENERO 2016
2016,1,2016-01,Badajoz,BADAJOZ,Badajoz,138,48,0,01.Enero_Definitivo_2016.xls,ENERO 2016
2016,1,2016-01,Barcelona-El Prat,BARCELONA-EL PRAT,Barcelona,2517214,19332,9323556,01.Enero_Definitivo_2016.xls,ENERO 2016
2016,1,2016-01,Bilbao,BILBAO,Bizkaia,260236,2926,214420,01.Enero_Definitivo_2016.xls,ENERO 2016
2016,1,2016-01,Burgos,BURGOS,Burgos,110,44,0,01.Enero_Definitivo_2016.xls,ENERO 2016
2016,1,2016-01,Ceuta-Helipuerto,CEUTA-HELIPUERTO,Ceuta,78,18,0,01.Enero_Definitivo_2016.xls,ENERO 2016
2016,1,2016-01,Cordoba,CORDOBA,Cordoba,503,434,0,01.Enero_Definitivo_2016.xls,ENERO 2016
2016,1,2016-01,El Hierro,EL HIERRO,Santa Cruz de Tenerife,11711,295,6220,01.Enero_Definitivo_2016.xls,ENERO 2016
2016,1,2016-01,Fgl Granada-Jaen,FGL GRANADA-JAEN,Granada,53599,786,326,01.Enero_Definitivo_2016.xls,ENERO 2016
2016,1,2016-01,Fuerteventura,FUERTEVENTURA,Las Palmas,422516,3445,75786,01.Enero_Definitivo_2016.xls,ENERO 2016
2016,1,2016-01,Girona,GIRONA,Girona,47284,796,0,01.Enero_Definitivo_2016.xls,ENERO 2016
2016,1,2016-01,Gran Canaria,GRAN CANARIA,Las Palmas,1080215,9807,1499969,01.Enero_Definitivo_2016.xls,ENERO 2016
2016,1,2016-01,Huesca-Pirineos,HUESCA-PIRINEOS,Huesca,4,307,0,01.Enero_Definitivo_2016.xls,ENERO 2016
2016,1,2016-01,Ibiza,IBIZA,Illes Balears,126758,1995,100458,01.Enero_Definitivo_2016.xls,ENERO 2016
2016,1,2016-01,Jerez De La Frontera,JEREZ DE LA FRONTERA,Cadiz,26435,2819,0,01.Enero_Definitivo_2016.xls,ENERO 2016
2016,1,2016-01,La Gomera,LA GOMERA,Santa Cruz de Tenerife,2788,152,85,01.Enero_Definitivo_2016.xls,ENERO 2016
2016,1,2016-01,La Palma,LA PALMA,Santa Cruz de Tenerife,82400,1244,61440,01.Enero_Definitivo_2016.xls,ENERO 2016
2016,1,2016-01,Lanzarote,LANZAROTE,Las Palmas,494164,4131,134315,01.Enero_Definitivo_2016.xls,ENERO 2016
2016,1,2016-01,Leon,LEON,Leon,1678,82,0,01.Enero_Definitivo_2016.xls,ENERO 2016
2016,1,2016-01,Logrono,LOGRONO,La Rioja,923,77,0,01.Enero_Definitivo_2016.xls,ENERO 2016
2016,1,2016-01,Madrid-Cuatro Vientos,MADRID-CUATRO VIENTOS,Madrid,141,1756,0,01.Enero_Definitivo_2016.xls,ENERO 2016
2016,1,2016-01,Malaga-Costa Del Sol,MALAGA-COSTA DEL SOL,Malaga,732499,6321,153854,01.Enero_Definitivo_2016.xls,ENERO 2016
2016,1,2016-01,Melilla,MELILLA,Melilla,23221,673,11861,01.Enero_Definitivo_2016.xls,ENERO 2016
2016,1,2016-01,Menorca,MENORCA,Illes Balears,53795,1120,83932,01.Enero_Definitivo_2016.xls,ENERO 2016
2016,1,2016-01,Murcia-San Javier,MURCIA-SAN JAVIER,Murcia,19573,228,0,01.Enero_Definitivo_2016.xls,ENERO 2016
2016,1,2016-01,Palma De Mallorca,PALMA DE MALLORCA,Illes Balears,613548,6509,680524,01.Enero_Definitivo_2016.xls,ENERO 2016
2016,1,2016-01,Pamplona,PAMPLONA,Navarra,9474,324,1662,01.Enero_Definitivo_2016.xls,ENERO 2016
2016,1,2016-01,Reus,REUS,Tarragona,5549,761,0,01.Enero_Definitivo_2016.xls,ENERO 2016
2016,1,2016-01,Sabadell,SABADELL,Barcelona,330,2401,0,01.Enero_Definitivo_2016.xls,ENERO 2016
2016,1,2016-01,Salamanca,SALAMANCA,Salamanca,132,290,0,01.Enero_Definitivo_2016.xls,ENERO 2016
2016,1,2016-01,San Sebastian,SAN SEBASTIAN,Gipuzkoa,15859,452,0,01.Enero_Definitivo_2016.xls,ENERO 2016
2016,1,2016-01,Santiago,SANTIAGO,A Coruna,148250,1400,163935,01.Enero_Definitivo_2016.xls,ENERO 2016
2016,1,2016-01,Seve Ballesteros-Santander,SEVE BALLESTEROS-SANTANDER,Cantabria,42815,580,0,01.Enero_Definitivo_2016.xls,ENERO 2016
2016,1,2016-01,Sevilla,SEVILLA,Sevilla,288509,3179,436604,01.Enero_Definitivo_2016.xls,ENERO 2016
2016,1,2016-01,Son Bonet,SON BONET,Illes Balears,122,670,0,01.Enero_Definitivo_2016.xls,ENERO 2016
2016,1,2016-01,Tenerife-Norte,TENERIFE-NORTE,Santa Cruz de Tenerife,304249,4434,895962,01.Enero_Definitivo_2016.xls,ENERO 2016
2016,1,2016-01,Tenerife-Sur,TENERIFE-SUR,Santa Cruz de Tenerife,880098,5795,262751,01.Enero_Definitivo_2016.xls,ENERO 2016
2016,1,2016-01,Valencia,VALENCIA,Valencia,307717,4025,935923,01.Enero_Definitivo_2016.xls,ENERO 2016
2016,1,2016-01,Valladolid,VALLADOLID,Valladolid,11487,195,3085,01.Enero_Definitivo_2016.xls,ENERO 2016
2016,1,2016-01,Vigo,VIGO,Pontevedra,61875,762,47859,01.Enero_Definitivo_2016.xls,ENERO 2016
2016,1,2016-01,Vitoria,VITORIA,Alava,1124,481,3705652,01.Enero_Definitivo_2016.xls,ENERO 2016
2016,1,2016-01,Zaragoza,ZARAGOZA,Zaragoza,27076,468,6867883,01.Enero_Definitivo_2016.xls,ENERO 2016
2017,1,2017-01,A Coruna,A CORUNA,A Coruna,76517,1121,11406,01.Enero_Definitivo_2017.xls,ENERO 2017
2017,1,2017-01,Adolfo Suarez Madrid-Barajas,ADOLFO SUAREZ MADRID-BARAJAS,Madrid,3843112,29678,32353125,01.Enero_Definitivo_2017.xls,ENERO 2017
2017,1,2017-01,Albacete,ALBACETE,Albacete,183,45,0,01.Enero_Definitivo_2017.xls,ENERO 2017
2017,1,2017-01,Algeciras-Helipuerto,ALGECIRAS-HELIPUERTO,Cadiz,0,0,0,01.Enero_Definitivo_2017.xls,ENERO 2017
2017,1,2017-01,Alicante-Elche,ALICANTE-ELCHE,Alicante,684967,5524,455447,01.Enero_Definitivo_2017.xls,ENERO 2017
2017,1,2017-01,Almeria,ALMERIA,Almeria,34759,626,32,01.Enero_Definitivo_2017.xls,ENERO 2017
2017,1,2017-01,Asturias,ASTURIAS,Asturias,83039,818,4616,01.Enero_Definitivo_2017.xls,ENERO 2017
2017,1,2017-01,Badajoz,BADAJOZ,Badajoz,2544,133,0,01.Enero_Definitivo_2017.xls,ENERO 2017
2017,1,2017-01,Barcelona-El Prat,BARCELONA-EL PRAT,Barcelona,2803847,20846,10330162,01.Enero_Definitivo_2017.xls,ENERO 2017
2017,1,2017-01,Bilbao,BILBAO,Bizkaia,285200,3132,226287,01.Enero_Definitivo_2017.xls,ENERO 2017
2017,1,2017-01,Burgos,BURGOS,Burgos,178,68,0,01.Enero_Definitivo_2017.xls,ENERO 2017
2017,1,2017-01,Ceuta-Helipuerto,CEUTA-HELIPUERTO,Ceuta,116,30,0,01.Enero_Definitivo_2017.xls,ENERO 2017
2017,1,2017-01,Cordoba,CORDOBA,Cordoba,628,552,0,01.Enero_Definitivo_2017.xls,ENERO 2017
2017,1,2017-01,El Hierro,EL HIERRO,Santa Cruz de Tenerife,11963,318,5176,01.Enero_Definitivo_2017.xls,ENERO 2017
2017,1,2017-01,Fgl Granada-Jaen,FGL GRANADA-JAEN,Granada,56001,1027,215,01.Enero_Definitivo_2017.xls,ENERO 2017
2017,1,2017-01,Fuerteventura,FUERTEVENTURA,Las Palmas,454739,3772,76127,01.Enero_Definitivo_2017.xls,ENERO 2017
2017,1,2017-01,Girona,GIRONA,Girona,40742,751,2564,01.Enero_Definitivo_2017.xls,ENERO 2017
2017,1,2017-01,Gran Canaria,GRAN CANARIA,Las Palmas,1109416,10250,1474469,01.Enero_Definitivo_2017.xls,ENERO 2017
2017,1,2017-01,Huesca-Pirineos,HUESCA-PIRINEOS,Huesca,0,340,0,01.Enero_Definitivo_2017.xls,ENERO 2017
2017,1,2017-01,Ibiza,IBIZA,Illes Balears,140559,2029,93854,01.Enero_Definitivo_2017.xls,ENERO 2017
2017,1,2017-01,Jerez De La Frontera,JEREZ DE LA FRONTERA,Cadiz,32849,3839,40,01.Enero_Definitivo_2017.xls,ENERO 2017
2017,1,2017-01,La Gomera,LA GOMERA,Santa Cruz de Tenerife,2820,144,141,01.Enero_Definitivo_2017.xls,ENERO 2017
2017,1,2017-01,La Palma,LA PALMA,Santa Cruz de Tenerife,106510,1488,62836,01.Enero_Definitivo_2017.xls,ENERO 2017
2017,1,2017-01,Lanzarote,LANZAROTE,Las Palmas,536085,4690,148841,01.Enero_Definitivo_2017.xls,ENERO 2017
2017,1,2017-01,Leon,LEON,Leon,1831,121,0,01.Enero_Definitivo_2017.xls,ENERO 2017
2017,1,2017-01,Logrono,LOGRONO,La Rioja,1084,75,0,01.Enero_Definitivo_2017.xls,ENERO 2017
2017,1,2017-01,Madrid-Cuatro Vientos,MADRID-CUATRO VIENTOS,Madrid,169,3114,0,01.Enero_Definitivo_2017.xls,ENERO 2017
2017,1,2017-01,Malaga-Costa Del Sol,MALAGA-COSTA DEL SOL,Malaga,867386,7288,161179,01.Enero_Definitivo_2017.xls,ENERO 2017
2017,1,2017-01,Melilla,MELILLA,Melilla,23251,623,14578,01.Enero_Definitivo_2017.xls,ENERO 2017
2017,1,2017-01,Menorca,MENORCA,Illes Balears,60332,1121,110242,01.Enero_Definitivo_2017.xls,ENERO 2017
2017,1,2017-01,Murcia-San Javier,MURCIA-SAN JAVIER,Murcia,39019,334,0,01.Enero_Definitivo_2017.xls,ENERO 2017
2017,1,2017-01,Palma De Mallorca,PALMA DE MALLORCA,Illes Balears,642413,6931,677366,01.Enero_Definitivo_2017.xls,ENERO 2017
2017,1,2017-01,Pamplona,PAMPLONA,Navarra,10745,385,0,01.Enero_Definitivo_2017.xls,ENERO 2017
2017,1,2017-01,Reus,REUS,Tarragona,9483,663,0,01.Enero_Definitivo_2017.xls,ENERO 2017
2017,1,2017-01,Sabadell,SABADELL,Barcelona,195,2112,0,01.Enero_Definitivo_2017.xls,ENERO 2017
2017,1,2017-01,Salamanca,SALAMANCA,Salamanca,177,671,0,01.Enero_Definitivo_2017.xls,ENERO 2017
2017,1,2017-01,San Sebastian,SAN SEBASTIAN,Gipuzkoa,17895,467,0,01.Enero_Definitivo_2017.xls,ENERO 2017
2017,1,2017-01,Santiago,SANTIAGO,A Coruna,158998,1421,177515,01.Enero_Definitivo_2017.xls,ENERO 2017
2017,1,2017-01,Seve Ballesteros-Santander,SEVE BALLESTEROS-SANTANDER,Cantabria,47829,612,0,01.Enero_Definitivo_2017.xls,ENERO 2017
2017,1,2017-01,Sevilla,SEVILLA,Sevilla,320488,3203,495527,01.Enero_Definitivo_2017.xls,ENERO 2017
2017,1,2017-01,Son Bonet,SON BONET,Illes Balears,24,589,0,01.Enero_Definitivo_2017.xls,ENERO 2017
2017,1,2017-01,Tenerife Norte,TENERIFE NORTE,Santa Cruz de Tenerife,313655,4398,930074,01.Enero_Definitivo_2017.xls,ENERO 2017
2017,1,2017-01,Tenerife Sur,TENERIFE SUR,Santa Cruz de Tenerife,962552,6484,256027,01.Enero_Definitivo_2017.xls,ENERO 2017
2017,1,2017-01,Valencia,VALENCIA,Valencia,368737,4278,1032050,01.Enero_Definitivo_2017.xls,ENERO 2017
2017,1,2017-01,Valladolid,VALLADOLID,Valladolid,10706,252,1890,01.Enero_Definitivo_2017.xls,ENERO 2017
2017,1,2017-01,Vigo,VIGO,Pontevedra,61253,813,40860,01.Enero_Definitivo_2017.xls,ENERO 2017
2017,1,2017-01,Vitoria,VITORIA,Alava,492,512,4389154,01.Enero_Definitivo_2017.xls,ENERO 2017
2017,1,2017-01,Zaragoza,ZARAGOZA,Zaragoza,26224,470,9008485,01.Enero_Definitivo_2017.xls,ENERO 2017
2018,1,2018-01,A Coruna,A CORUNA,A Coruna,83794,1142,13266,01.Enero_Definitivo_2018.xls,ENERO 2018
2018,1,2018-01,Adolfo Suarez Madrid-Barajas,ADOLFO SUAREZ MADRID-BARAJAS,Madrid,4130547,31369,37867285,01.Enero_Definitivo_2018.xls,ENERO 2018
2018,1,2018-01,Albacete,ALBACETE,Albacete,190,49,0,01.Enero_Definitivo_2018.xls,ENERO 2018
2018,1,2018-01,Algeciras-Helipuerto,ALGECIRAS-HELIPUERTO,Cadiz,2326,242,0,01.Enero_Definitivo_2018.xls,ENERO 2018
2018,1,2018-01,Alicante-Elche,ALICANTE-ELCHE,Alicante,705773,5376,345158,01.Enero_Definitivo_2018.xls,ENERO 2018
2018,1,2018-01,Almeria,ALMERIA,Almeria,30349,551,5,01.Enero_Definitivo_2018.xls,ENERO 2018
2018,1,2018-01,Asturias,ASTURIAS,Asturias,91015,820,2652,01.Enero_Definitivo_2018.xls,ENERO 2018
2018,1,2018-01,Badajoz,BADAJOZ,Badajoz,3195,131,0,01.Enero_Definitivo_2018.xls,ENERO 2018
2018,1,2018-01,Barcelona-El Prat J.T.,BARCELONA-EL PRAT J.T.,Barcelona,3058260,22403,12255902,01.Enero_Definitivo_2018.xls,ENERO 2018
2018,1,2018-01,Bilbao,BILBAO,Bizkaia,300116,3133,70652,01.Enero_Definitivo_2018.xls,ENERO 2018
2018,1,2018-01,Burgos,BURGOS,Burgos,212,73,0,01.Enero_Definitivo_2018.xls,ENERO 2018
2018,1,2018-01,Ceuta-Helipuerto,CEUTA-HELIPUERTO,Ceuta,3457,386,0,01.Enero_Definitivo_2018.xls,ENERO 2018
2018,1,2018-01,Cordoba,CORDOBA,Cordoba,486,442,0,01.Enero_Definitivo_2018.xls,ENERO 2018
2018,1,2018-01,El Hierro,EL HIERRO,Santa Cruz de Tenerife,17145,426,5717,01.Enero_Definitivo_2018.xls,ENERO 2018
2018,1,2018-01,Fgl Granada-Jaen,FGL GRANADA-JAEN,Granada,73652,1074,74,01.Enero_Definitivo_2018.xls,ENERO 2018
2018,1,2018-01,Fuerteventura,FUERTEVENTURA,Las Palmas,475748,4225,76590,01.Enero_Definitivo_2018.xls,ENERO 2018
2018,1,2018-01,Girona,GIRONA,Girona,41718,726,655,01.Enero_Definitivo_2018.xls,ENERO 2018
2018,1,2018-01,Gran Canaria,GRAN CANARIA,Las Palmas,1180757,11315,1604115,01.Enero_Definitivo_2018.xls,ENERO 2018
2018,1,2018-01,Huesca-Pirineos,HUESCA-PIRINEOS,Huesca,1,310,0,01.Enero_Definitivo_2018.xls,ENERO 2018
2018,1,2018-01,Ibiza,IBIZA,Illes Balears,164320,2203,95249,01.Enero_Definitivo_2018.xls,ENERO 2018
2018,1,2018-01,Jerez De La Frontera,JEREZ DE LA FRONTERA,Cadiz,40384,3361,100,01.Enero_Definitivo_2018.xls,ENERO 2018
2018,1,2018-01,La Gomera,LA GOMERA,Santa Cruz de Tenerife,3223,108,76,01.Enero_Definitivo_2018.xls,ENERO 2018
2018,1,2018-01,La Palma,LA PALMA,Santa Cruz de Tenerife,113947,1615,70670,01.Enero_Definitivo_2018.xls,ENERO 2018
2018,1,2018-01,Lanzarote Cesar Manrique,LANZAROTE CESAR MANRIQUE,Las Palmas,558771,4921,144451,01.Enero_Definitivo_2018.xls,ENERO 2018
2018,1,2018-01,Leon,LEON,Leon,2659,125,0,01.Enero_Definitivo_2018.xls,ENERO 2018
2018,1,2018-01,Logrono,LOGRONO,La Rioja,1218,79,0,01.Enero_Definitivo_2018.xls,ENERO 2018
2018,1,2018-01,Madrid-Cuatro Vientos,MADRID-CUATRO VIENTOS,Madrid,217,3019,0,01.Enero_Definitivo_2018.xls,ENERO 2018
2018,1,2018-01,Malaga-Costa Del Sol,MALAGA-COSTA DEL SOL,Malaga,935155,7786,172713,01.Enero_Definitivo_2018.xls,ENERO 2018
2018,1,2018-01,Melilla,MELILLA,Melilla,24513,653,9793,01.Enero_Definitivo_2018.xls,ENERO 2018
2018,1,2018-01,Menorca,MENORCA,Illes Balears,63700,956,74818,01.Enero_Definitivo_2018.xls,ENERO 2018
2018,1,2018-01,Murcia-San Javier,MURCIA-SAN JAVIER,Murcia,45200,374,0,01.Enero_Definitivo_2018.xls,ENERO 2018
2018,1,2018-01,Palma De Mallorca,PALMA DE MALLORCA,Illes Balears,704996,7047,693158,01.Enero_Definitivo_2018.xls,ENERO 2018
2018,1,2018-01,Pamplona,PAMPLONA,Navarra,13446,396,0,01.Enero_Definitivo_2018.xls,ENERO 2018
2018,1,2018-01,Reus,REUS,Tarragona,6612,745,0,01.Enero_Definitivo_2018.xls,ENERO 2018
2018,1,2018-01,Sabadell,SABADELL,Barcelona,292,2902,0,01.Enero_Definitivo_2018.xls,ENERO 2018
2018,1,2018-01,Salamanca,SALAMANCA,Salamanca,160,412,0,01.Enero_Definitivo_2018.xls,ENERO 2018
2018,1,2018-01,San Sebastian,SAN SEBASTIAN,Gipuzkoa,20140,485,0,01.Enero_Definitivo_2018.xls,ENERO 2018
2018,1,2018-01,Santiago,SANTIAGO,A Coruna,177009,1467,260799,01.Enero_Definitivo_2018.xls,ENERO 2018
2018,1,2018-01,Seve Ballesteros-Santander,SEVE BALLESTEROS-SANTANDER,Cantabria,65228,757,0,01.Enero_Definitivo_2018.xls,ENERO 2018
2018,1,2018-01,Sevilla,SEVILLA,Sevilla,424958,4077,1197966,01.Enero_Definitivo_2018.xls,ENERO 2018
2018,1,2018-01,Son Bonet,SON BONET,Illes Balears,35,664,0,01.Enero_Definitivo_2018.xls,ENERO 2018
2018,1,2018-01,Tenerife Norte,TENERIFE NORTE,Santa Cruz de Tenerife,375317,5560,991381,01.Enero_Definitivo_2018.xls,ENERO 2018
2018,1,2018-01,Tenerife Sur,TENERIFE SUR,Santa Cruz de Tenerife,967694,6173,225179,01.Enero_Definitivo_2018.xls,ENERO 2018
2018,1,2018-01,Valencia,VALENCIA,Valencia,468909,5138,1357809,01.Enero_Definitivo_2018.xls,ENERO 2018
2018,1,2018-01,Valladolid,VALLADOLID,Valladolid,12835,266,0,01.Enero_Definitivo_2018.xls,ENERO 2018
2018,1,2018-01,Vigo,VIGO,Pontevedra,68104,824,39397,01.Enero_Definitivo_2018.xls,ENERO 2018
2018,1,2018-01,Vitoria,VITORIA,Alava,11885,797,5374753,01.Enero_Definitivo_2018.xls,ENERO 2018
2018,1,2018-01,Zaragoza,ZARAGOZA,Zaragoza,27311,580,11493462,01.Enero_Definitivo_2018.xls,ENERO 2018
2019,1,2019-01,A Coruna,A CORUNA,A Coruna,91143,1225,12250,01.Enero_Definitivo_2019.xls,ENERO 2019
2019,1,2019-01,Adolfo Suarez Madrid-Barajas,ADOLFO SUAREZ MADRID-BARAJAS,Madrid,4386862,32905,39723732,01.Enero_Definitivo_2019.xls,ENERO 2019
2019,1,2019-01,Aeropuerto Intl. Region Murcia,AEROPUERTO INTL. REGION MURCIA,Murcia,20243,206,0,01.Enero_Definitivo_2019.xls,ENERO 2019
2019,1,2019-01,Albacete,ALBACETE,Albacete,203,69,0,01.Enero_Definitivo_2019.xls,ENERO 2019
2019,1,2019-01,Algeciras-Helipuerto,ALGECIRAS-HELIPUERTO,Cadiz,2782,292,0,01.Enero_Definitivo_2019.xls,ENERO 2019
2019,1,2019-01,Alicante-Elche,ALICANTE-ELCHE,Alicante,784938,6012,312453,01.Enero_Definitivo_2019.xls,ENERO 2019
2019,1,2019-01,Almeria,ALMERIA,Almeria,34176,640,0,01.Enero_Definitivo_2019.xls,ENERO 2019
2019,1,2019-01,Asturias,ASTURIAS,Asturias,81601,702,1241,01.Enero_Definitivo_2019.xls,ENERO 2019
2019,1,2019-01,Badajoz,BADAJOZ,Badajoz,5205,221,0,01.Enero_Definitivo_2019.xls,ENERO 2019
2019,1,2019-01,Barcelona-El Prat J.T.,BARCELONA-EL PRAT J.T.,Barcelona,3274938,24005,12978258,01.Enero_Definitivo_2019.xls,ENERO 2019
2019,1,2019-01,Bilbao,BILBAO,Bizkaia,334070,3486,80809,01.Enero_Definitivo_2019.xls,ENERO 2019
2019,1,2019-01,Burgos,BURGOS,Burgos,732,89,0,01.Enero_Definitivo_2019.xls,ENERO 2019
2019,1,2019-01,Ceuta-Helipuerto,CEUTA-HELIPUERTO,Ceuta,5418,590,0,01.Enero_Definitivo_2019.xls,ENERO 2019
2019,1,2019-01,Cordoba,CORDOBA,Cordoba,672,654,0,01.Enero_Definitivo_2019.xls,ENERO 2019
2019,1,2019-01,El Hierro,EL HIERRO,Santa Cruz de Tenerife,18375,462,5761,01.Enero_Definitivo_2019.xls,ENERO 2019
2019,1,2019-01,Fgl Granada-Jaen,FGL GRANADA-JAEN,Granada,90185,1011,0,01.Enero_Definitivo_2019.xls,ENERO 2019
2019,1,2019-01,Fuerteventura,FUERTEVENTURA,Las Palmas,442911,4006,73457,01.Enero_Definitivo_2019.xls,ENERO 2019
2019,1,2019-01,Girona-Costa Brava,GIRONA-COSTA BRAVA,Girona,37413,556,23960,01.Enero_Definitivo_2019.xls,ENERO 2019
2019,1,2019-01,Gran Canaria,GRAN CANARIA,Las Palmas,1180490,11402,1500609,01.Enero_Definitivo_2019.xls,ENERO 2019
2019,1,2019-01,Huesca-Pirineos,HUESCA-PIRINEOS,Huesca,35,610,0,01.Enero_Definitivo_2019.xls,ENERO 2019
2019,1,2019-01,Ibiza,IBIZA,Illes Balears,172848,2317,86985,01.Enero_Definitivo_2019.xls,ENERO 2019
2019,1,2019-01,Jerez De La Frontera,JEREZ DE LA FRONTERA,Cadiz,44546,3885,0,01.Enero_Definitivo_2019.xls,ENERO 2019
2019,1,2019-01,La Gomera,LA GOMERA,Santa Cruz de Tenerife,4754,256,184,01.Enero_Definitivo_2019.xls,ENERO 2019
2019,1,2019-01,La Palma,LA PALMA,Santa Cruz de Tenerife,117624,1993,48578,01.Enero_Definitivo_2019.xls,ENERO 2019
2019,1,2019-01,Lanzarote-Cesar Manrique,LANZAROTE-CESAR MANRIQUE,Las Palmas,569292,5108,128768,01.Enero_Definitivo_2019.xls,ENERO 2019
2019,1,2019-01,Leon,LEON,Leon,2950,140,0,01.Enero_Definitivo_2019.xls,ENERO 2019
2019,1,2019-01,Logrono,LOGRONO,La Rioja,1164,65,0,01.Enero_Definitivo_2019.xls,ENERO 2019
2019,1,2019-01,Madrid-Cuatro Vientos,MADRID-CUATRO VIENTOS,Madrid,243,3592,0,01.Enero_Definitivo_2019.xls,ENERO 2019
2019,1,2019-01,Malaga-Costa Del Sol,MALAGA-COSTA DEL SOL,Malaga,1013422,8526,166553,01.Enero_Definitivo_2019.xls,ENERO 2019
2019,1,2019-01,Melilla,MELILLA,Melilla,27538,655,12635,01.Enero_Definitivo_2019.xls,ENERO 2019
2019,1,2019-01,Menorca,MENORCA,Illes Balears,70838,1158,115237,01.Enero_Definitivo_2019.xls,ENERO 2019
2019,1,2019-01,Murcia-San Javier,MURCIA-SAN JAVIER,Murcia,21563,222,0,01.Enero_Definitivo_2019.xls,ENERO 2019
2019,1,2019-01,Palma De Mallorca,PALMA DE MALLORCA,Illes Balears,839130,8468,663362,01.Enero_Definitivo_2019.xls,ENERO 2019
2019,1,2019-01,Pamplona,PAMPLONA,Navarra,15329,423,387,01.Enero_Definitivo_2019.xls,ENERO 2019
2019,1,2019-01,Reus,REUS,Tarragona,5834,756,0,01.Enero_Definitivo_2019.xls,ENERO 2019
2019,1,2019-01,Sabadell,SABADELL,Barcelona,262,3289,0,01.Enero_Definitivo_2019.xls,ENERO 2019
2019,1,2019-01,Salamanca,SALAMANCA,Salamanca,142,420,0,01.Enero_Definitivo_2019.xls,ENERO 2019
2019,1,2019-01,San Sebastian,SAN SEBASTIAN,Gipuzkoa,19129,407,0,01.Enero_Definitivo_2019.xls,ENERO 2019
2019,1,2019-01,Santiago-Rosalia De Castro,SANTIAGO-ROSALIA DE CASTRO,A Coruna,178825,1483,250222,01.Enero_Definitivo_2019.xls,ENERO 2019
2019,1,2019-01,Seve Ballesteros-Santander,SEVE BALLESTEROS-SANTANDER,Cantabria,75022,703,0,01.Enero_Definitivo_2019.xls,ENERO 2019
2019,1,2019-01,Sevilla,SEVILLA,Sevilla,522375,4929,773367,01.Enero_Definitivo_2019.xls,ENERO 2019
2019,1,2019-01,Son Bonet,SON BONET,Illes Balears,199,724,0,01.Enero_Definitivo_2019.xls,ENERO 2019
2019,1,2019-01,Tenerife Norte-C. La Laguna,TENERIFE NORTE-C. LA LAGUNA,Santa Cruz de Tenerife,400182,6016,1154010,01.Enero_Definitivo_2019.xls,ENERO 2019
2019,1,2019-01,Tenerife-Sur,TENERIFE-SUR,Santa Cruz de Tenerife,1019030,6775,247462,01.Enero_Definitivo_2019.xls,ENERO 2019
2019,1,2019-01,Valencia,VALENCIA,Valencia,543595,5720,1359702,01.Enero_Definitivo_2019.xls,ENERO 2019
2019,1,2019-01,Valladolid,VALLADOLID,Valladolid,13977,223,0,01.Enero_Definitivo_2019.xls,ENERO 2019
2019,1,2019-01,Vigo,VIGO,Pontevedra,71866,837,42163,01.Enero_Definitivo_2019.xls,ENERO 2019
2019,1,2019-01,Vitoria,VITORIA,Alava,9891,776,5145427,01.Enero_Definitivo_2019.xls,ENERO 2019
2019,1,2019-01,Zaragoza,ZARAGOZA,Zaragoza,29253,561,12420527,01.Enero_Definitivo_2019.xls,ENERO 2019
2020,1,2020-01,A Coruna,A CORUNA,A Coruna,104792,1326,12154,01.Enero_Definitivo_2020.xls,ENERO 2020
2020,1,2020-01,Adolfo Suarez Madrid-Barajas,ADOLFO SUAREZ MADRID-BARAJAS,Madrid,4663349,33294,46213830,01.Enero_Definitivo_2020.xls,ENERO 2020
2020,1,2020-01,Aeropuerto Intl. Region Murcia,AEROPUERTO INTL. REGION MURCIA,Murcia,67570,585,0,01.Enero_Definitivo_2020.xls,ENERO 2020
2020,1,2020-01,Albacete,ALBACETE,Albacete,174,58,0,01.Enero_Definitivo_2020.xls,ENERO 2020
2020,1,2020-01,Algeciras-Helipuerto,ALGECIRAS-HELIPUERTO,Cadiz,3266,324,0,01.Enero_Definitivo_2020.xls,ENERO 2020
2020,1,2020-01,Alicante-Elche Miguel Hdez.,ALICANTE-ELCHE MIGUEL HDEZ.,Alicante,743713,5409,306472,01.Enero_Definitivo_2020.xls,ENERO 2020
2020,1,2020-01,Almeria,ALMERIA,Almeria,31846,619,0,01.Enero_Definitivo_2020.xls,ENERO 2020
2020,1,2020-01,Asturias,ASTURIAS,Asturias,92699,946,3367,01.Enero_Definitivo_2020.xls,ENERO 2020
2020,1,2020-01,Badajoz,BADAJOZ,Badajoz,7189,264,0,01.Enero_Definitivo_2020.xls,ENERO 2020
2020,1,2020-01,Barcelona-El Prat J.T.,BARCELONA-EL PRAT J.T.,Barcelona,3396470,23445,13768977,01.Enero_Definitivo_2020.xls,ENERO 2020
2020,1,2020-01,Bilbao,BILBAO,Bizkaia,350837,3429,83035,01.Enero_Definitivo_2020.xls,ENERO 2020
2020,1,2020-01,Burgos,BURGOS,Burgos,1699,528,0,01.Enero_Definitivo_2020.xls,ENERO 2020
2020,1,2020-01,Ceuta-Helipuerto,CEUTA-HELIPUERTO,Ceuta,6049,680,0,01.Enero_Definitivo_2020.xls,ENERO 2020
2020,1,2020-01,Cordoba,CORDOBA,Cordoba,998,896,0,01.Enero_Definitivo_2020.xls,ENERO 2020
2020,1,2020-01,El Hierro,EL HIERRO,Santa Cruz de Tenerife,21471,464,5329,01.Enero_Definitivo_2020.xls,ENERO 2020
2020,1,2020-01,Fgl Granada-Jaen,FGL GRANADA-JAEN,Granada,91714,1037,0,01.Enero_Definitivo_2020.xls,ENERO 2020
2020,1,2020-01,Fuerteventura,FUERTEVENTURA,Las Palmas,419216,3635,48333,01.Enero_Definitivo_2020.xls,ENERO 2020
2020,1,2020-01,Girona-Costa Brava,GIRONA-COSTA BRAVA,Girona,36126,922,40551,01.Enero_Definitivo_2020.xls,ENERO 2020
2020,1,2020-01,Gran Canaria,GRAN CANARIA,Las Palmas,1166735,10584,1629065,01.Enero_Definitivo_2020.xls,ENERO 2020
2020,1,2020-01,Huesca-Pirineos,HUESCA-PIRINEOS,Huesca,1,467,0,01.Enero_Definitivo_2020.xls,ENERO 2020
2020,1,2020-01,Ibiza,IBIZA,Illes Balears,181608,2253,150133,01.Enero_Definitivo_2020.xls,ENERO 2020
2020,1,2020-01,Jerez De La Frontera,JEREZ DE LA FRONTERA,Cadiz,40599,3450,90,01.Enero_Definitivo_2020.xls,ENERO 2020
2020,1,2020-01,La Gomera,LA GOMERA,Santa Cruz de Tenerife,5060,166,95,01.Enero_Definitivo_2020.xls,ENERO 2020
2020,1,2020-01,La Palma,LA PALMA,Santa Cruz de Tenerife,120836,1875,43028,01.Enero_Definitivo_2020.xls,ENERO 2020
2020,1,2020-01,Lanzarote-Cesar Manrique,LANZAROTE-CESAR MANRIQUE,Las Palmas,528770,4518,104908,01.Enero_Definitivo_2020.xls,ENERO 2020
2020,1,2020-01,Leon,LEON,Leon,2676,70,0,01.Enero_Definitivo_2020.xls,ENERO 2020
2020,1,2020-01,Logrono,LOGRONO,La Rioja,625,68,0,01.Enero_Definitivo_2020.xls,ENERO 2020
2020,1,2020-01,Madrid-Cuatro Vientos,MADRID-CUATRO VIENTOS,Madrid,270,3319,0,01.Enero_Definitivo_2020.xls,ENERO 2020
2020,1,2020-01,Malaga-Costa Del Sol,MALAGA-COSTA DEL SOL,Malaga,1042347,8431,197852,01.Enero_Definitivo_2020.xls,ENERO 2020
2020,1,2020-01,Melilla,MELILLA,Melilla,33033,730,12345,01.Enero_Definitivo_2020.xls,ENERO 2020
2020,1,2020-01,Menorca,MENORCA,Illes Balears,75382,1099,138757,01.Enero_Definitivo_2020.xls,ENERO 2020
2020,1,2020-01,Palma De Mallorca,PALMA DE MALLORCA,Illes Balears,820661,7660,811612,01.Enero_Definitivo_2020.xls,ENERO 2020
2020,1,2020-01,Pamplona,PAMPLONA,Navarra,19973,424,3,01.Enero_Definitivo_2020.xls,ENERO 2020
2020,1,2020-01,Reus,REUS,Tarragona,1669,1164,0,01.Enero_Definitivo_2020.xls,ENERO 2020
2020,1,2020-01,Sabadell,SABADELL,Barcelona,252,3736,0,01.Enero_Definitivo_2020.xls,ENERO 2020
2020,1,2020-01,Salamanca,SALAMANCA,Salamanca,245,466,0,01.Enero_Definitivo_2020.xls,ENERO 2020
2020,1,2020-01,San Sebastian,SAN SEBASTIAN,Gipuzkoa,20063,399,21,01.Enero_Definitivo_2020.xls,ENERO 2020
2020,1,2020-01,Santiago-Rosalia De Castro,SANTIAGO-ROSALIA DE CASTRO,A Coruna,179454,1427,278753,01.Enero_Definitivo_2020.xls,ENERO 2020
2020,1,2020-01,Seve Ballesteros-Santander,SEVE BALLESTEROS-SANTANDER,Cantabria,83192,793,0,01.Enero_Definitivo_2020.xls,ENERO 2020
2020,1,2020-01,Sevilla,SEVILLA,Sevilla,546798,4728,952685,01.Enero_Definitivo_2020.xls,ENERO 2020
2020,1,2020-01,Son Bonet,SON BONET,Illes Balears,132,947,0,01.Enero_Definitivo_2020.xls,ENERO 2020
2020,1,2020-01,Tenerife Norte-C. La Laguna,TENERIFE NORTE-C. LA LAGUNA,Santa Cruz de Tenerife,443657,5995,1012735,01.Enero_Definitivo_2020.xls,ENERO 2020
2020,1,2020-01,Tenerife-Sur,TENERIFE-SUR,Santa Cruz de Tenerife,949286,5982,188841,01.Enero_Definitivo_2020.xls,ENERO 2020
2020,1,2020-01,Valencia,VALENCIA,Valencia,561235,5474,1067230,01.Enero_Definitivo_2020.xls,ENERO 2020
2020,1,2020-01,Valladolid,VALLADOLID,Valladolid,12756,193,1000,01.Enero_Definitivo_2020.xls,ENERO 2020
2020,1,2020-01,Vigo,VIGO,Pontevedra,64055,795,37035,01.Enero_Definitivo_2020.xls,ENERO 2020
2020,1,2020-01,Vitoria,VITORIA,Alava,7473,799,5252000,01.Enero_Definitivo_2020.xls,ENERO 2020
2020,1,2020-01,Zaragoza,ZARAGOZA,Zaragoza,34155,690,14976853,01.Enero_Definitivo_2020.xls,ENERO 2020
2021,1,2021-01,A Coruna,A CORUNA,A Coruna,19232,748,4500,01_Enero_Definitivo_2021.xls,ENERO 2021
2021,1,2021-01,Adolfo Suarez Madrid-Barajas,ADOLFO SUAREZ MADRID-BARAJAS,Madrid,845071,10138,26969744,01_Enero_Definitivo_2021.xls,ENERO 2021
2021,1,2021-01,Aeropuerto Intl. Region Murcia,AEROPUERTO INTL. REGION MURCIA,Murcia,1658,76,0,01_Enero_Definitivo_2021.xls,ENERO 2021
2021,1,2021-01,Albacete,ALBACETE,Albacete,183,14,0,01_Enero_Definitivo_2021.xls,ENERO 2021
2021,1,2021-01,Algeciras-Helipuerto,ALGECIRAS-HELIPUERTO,Cadiz,1407,176,0,01_Enero_Definitivo_2021.xls,ENERO 2021
2021,1,2021-01,Alicante-Elche Miguel Hdez.,ALICANTE-ELCHE MIGUEL HDEZ.,Alicante,77325,1301,269861,01_Enero_Definitivo_2021.xls,ENERO 2021
2021,1,2021-01,Almeria,ALMERIA,Almeria,8852,459,0,01_Enero_Definitivo_2021.xls,ENERO 2021
2021,1,2021-01,Asturias,ASTURIAS,Asturias,17747,316,1767,01_Enero_Definitivo_2021.xls,ENERO 2021
2021,1,2021-01,Badajoz,BADAJOZ,Badajoz,1566,90,0,01_Enero_Definitivo_2021.xls,ENERO 2021
2021,1,2021-01,Barcelona-El Prat J.T.,BARCELONA-EL PRAT J.T.,Barcelona,411486,5572,9485490,01_Enero_Definitivo_2021.xls,ENERO 2021
2021,1,2021-01,Bilbao,BILBAO,Bizkaia,57539,986,22179,01_Enero_Definitivo_2021.xls,ENERO 2021
2021,1,2021-01,Burgos,BURGOS,Burgos,473,425,0,01_Enero_Definitivo_2021.xls,ENERO 2021
2021,1,2021-01,Ceuta-Helipuerto,CEUTA-HELIPUERTO,Ceuta,2758,389,0,01_Enero_Definitivo_2021.xls,ENERO 2021
2021,1,2021-01,Cordoba,CORDOBA,Cordoba,166,690,0,01_Enero_Definitivo_2021.xls,ENERO 2021
2021,1,2021-01,El Hierro,EL HIERRO,Santa Cruz de Tenerife,10680,288,4734,01_Enero_Definitivo_2021.xls,ENERO 2021
2021,1,2021-01,Fgl Granada-Jaen,FGL GRANADA-JAEN,Granada,13293,427,0,01_Enero_Definitivo_2021.xls,ENERO 2021
2021,1,2021-01,Fuerteventura,FUERTEVENTURA,Las Palmas,90111,1528,27800,01_Enero_Definitivo_2021.xls,ENERO 2021
2021,1,2021-01,Girona-Costa Brava,GIRONA-COSTA BRAVA,Girona,763,725,16062,01_Enero_Definitivo_2021.xls,ENERO 2021
2021,1,2021-01,Gran Canaria,GRAN CANARIA,Las Palmas,234990,4382,913528,01_Enero_Definitivo_2021.xls,ENERO 2021
2021,1,2021-01,Huesca-Pirineos,HUESCA-PIRINEOS,Huesca,162,60,0,01_Enero_Definitivo_2021.xls,ENERO 2021
2021,1,2021-01,Ibiza,IBIZA,Illes Balears,51312,1360,58354,01_Enero_Definitivo_2021.xls,ENERO 2021
2021,1,2021-01,Jerez De La Frontera,JEREZ DE LA FRONTERA,Cadiz,8026,2786,0,01_Enero_Definitivo_2021.xls,ENERO 2021
2021,1,2021-01,La Gomera,LA GOMERA,Santa Cruz de Tenerife,3163,172,20,01_Enero_Definitivo_2021.xls,ENERO 2021
2021,1,2021-01,La Palma,LA PALMA,Santa Cruz de Tenerife,39282,781,25589,01_Enero_Definitivo_2021.xls,ENERO 2021
2021,1,2021-01,Lanzarote-Cesar Manrique,LANZAROTE-CESAR MANRIQUE,Las Palmas,84735,1701,32504,01_Enero_Definitivo_2021.xls,ENERO 2021
2021,1,2021-01,Leon,LEON,Leon,1424,134,0,01_Enero_Definitivo_2021.xls,ENERO 2021
2021,1,2021-01,Logrono,LOGRONO,La Rioja,0,22,0,01_Enero_Definitivo_2021.xls,ENERO 2021
2021,1,2021-01,Madrid-Cuatro Vientos,MADRID-CUATRO VIENTOS,Madrid,48,1404,0,01_Enero_Definitivo_2021.xls,ENERO 2021
2021,1,2021-01,Malaga-Costa Del Sol,MALAGA-COSTA DEL SOL,Malaga,168111,2895,59210,01_Enero_Definitivo_2021.xls,ENERO 2021
2021,1,2021-01,Melilla,MELILLA,Melilla,16811,452,213,01_Enero_Definitivo_2021.xls,ENERO 2021
2021,1,2021-01,Menorca,MENORCA,Illes Balears,24204,642,65724,01_Enero_Definitivo_2021.xls,ENERO 2021
2021,1,2021-01,Palma De Mallorca,PALMA DE MALLORCA,Illes Balears,165533,3333,378249,01_Enero_Definitivo_2021.xls,ENERO 2021
2021,1,2021-01,Pamplona,PAMPLONA,Navarra,5829,344,0,01_Enero_Definitivo_2021.xls,ENERO 2021
2021,1,2021-01,Reus,REUS,Tarragona,313,977,0,01_Enero_Definitivo_2021.xls,ENERO 2021
2021,1,2021-01,Sabadell,SABADELL,Barcelona,170,3594,0,01_Enero_Definitivo_2021.xls,ENERO 2021
2021,1,2021-01,Salamanca,SALAMANCA,Salamanca,90,284,0,01_Enero_Definitivo_2021.xls,ENERO 2021
2021,1,2021-01,San Sebastian,SAN SEBASTIAN,Gipuzkoa,2743,76,0,01_Enero_Definitivo_2021.xls,ENERO 2021
2021,1,2021-01,Santiago-Rosalia De Castro,SANTIAGO-ROSALIA DE CASTRO,A Coruna,37667,568,343679,01_Enero_Definitivo_2021.xls,ENERO 2021
2021,1,2021-01,Seve Ballesteros-Santander,SEVE BALLESTEROS-SANTANDER,Cantabria,8049,278,0,01_Enero_Definitivo_2021.xls,ENERO 2021
2021,1,2021-01,Sevilla,SEVILLA,Sevilla,66452,1740,695467,01_Enero_Definitivo_2021.xls,ENERO 2021
2021,1,2021-01,Son Bonet,SON BONET,Illes Balears,207,692,0,01_Enero_Definitivo_2021.xls,ENERO 2021
2021,1,2021-01,Tenerife Norte-C. La Laguna,TENERIFE NORTE-C. LA LAGUNA,Santa Cruz de Tenerife,137861,2940,627290,01_Enero_Definitivo_2021.xls,ENERO 2021
2021,1,2021-01,Tenerife-Sur,TENERIFE-SUR,Santa Cruz de Tenerife,97926,1607,57196,01_Enero_Definitivo_2021.xls,ENERO 2021
2021,1,2021-01,Valencia,VALENCIA,Valencia,72481,2052,861319,01_Enero_Definitivo_2021.xls,ENERO 2021
2021,1,2021-01,Valladolid,VALLADOLID,Valladolid,2179,116,0,01_Enero_Definitivo_2021.xls,ENERO 2021
2021,1,2021-01,Vigo,VIGO,Pontevedra,16306,395,28888,01_Enero_Definitivo_2021.xls,ENERO 2021
2021,1,2021-01,Vitoria,VITORIA,Alava,1809,809,5695057,01_Enero_Definitivo_2021.xls,ENERO 2021
2021,1,2021-01,Zaragoza,ZARAGOZA,Zaragoza,4714,506,15462047,01_Enero_Definitivo_2021.xls,ENERO 2021
2015,2,2015-02,A Coruna,A CORUNA,A Coruna,86020,1325,10546,02.Febrero-Definitivo-2015.xls,MARZO
2015,2,2015-02,Adolfo Suarez Madrid-Barajas,ADOLFO SUAREZ MADRID-BARAJAS,Madrid,3659969,29346,33494553,02.Febrero-Definitivo-2015.xls,MARZO
2015,2,2015-02,Albacete,ALBACETE,Albacete,14,8,0,02.Febrero-Definitivo-2015.xls,MARZO
2015,2,2015-02,Algeciras-Helipuerto,ALGECIRAS-HELIPUERTO,Cadiz,11,2,0,02.Febrero-Definitivo-2015.xls,MARZO
2015,2,2015-02,Alicante-Elche,ALICANTE-ELCHE,Alicante,669004,4737,218912,02.Febrero-Definitivo-2015.xls,MARZO
2015,2,2015-02,Almeria,ALMERIA,Almeria,50025,714,536,02.Febrero-Definitivo-2015.xls,MARZO
2015,2,2015-02,Asturias,ASTURIAS,Asturias,86583,780,4717,02.Febrero-Definitivo-2015.xls,MARZO
2015,2,2015-02,Badajoz,BADAJOZ,Badajoz,2846,162,0,02.Febrero-Definitivo-2015.xls,MARZO
2015,2,2015-02,Barcelona-El Prat,BARCELONA-EL PRAT,Barcelona,2892410,21697,10171928,02.Febrero-Definitivo-2015.xls,MARZO
2015,2,2015-02,Bilbao,BILBAO,Bizkaia,318598,3431,243437,02.Febrero-Definitivo-2015.xls,MARZO
2015,2,2015-02,Burgos,BURGOS,Burgos,1426,163,0,02.Febrero-Definitivo-2015.xls,MARZO
2015,2,2015-02,Ceuta-Helipuerto,CEUTA-HELIPUERTO,Ceuta,123,28,0,02.Febrero-Definitivo-2015.xls,MARZO
2015,2,2015-02,Cordoba,CORDOBA,Cordoba,815,644,0,02.Febrero-Definitivo-2015.xls,MARZO
2015,2,2015-02,El Hierro,EL HIERRO,Santa Cruz de Tenerife,11784,294,6094,02.Febrero-Definitivo-2015.xls,MARZO
2015,2,2015-02,Fgl Granada-Jaen,FGL GRANADA-JAEN,Granada,59680,852,0,02.Febrero-Definitivo-2015.xls,MARZO
2015,2,2015-02,Fuerteventura,FUERTEVENTURA,Las Palmas,418998,3175,85799,02.Febrero-Definitivo-2015.xls,MARZO
2015,2,2015-02,Girona,GIRONA,Girona,69776,1149,3322,02.Febrero-Definitivo-2015.xls,MARZO
2015,2,2015-02,Gran Canaria,GRAN CANARIA,Las Palmas,1007858,9204,1648355,02.Febrero-Definitivo-2015.xls,MARZO
2015,2,2015-02,Huesca-Pirineos,HUESCA-PIRINEOS,Huesca,0,104,0,02.Febrero-Definitivo-2015.xls,MARZO
2015,2,2015-02,Ibiza,IBIZA,Illes Balears,164527,1939,136438,02.Febrero-Definitivo-2015.xls,MARZO
2015,2,2015-02,Jerez De La Frontera,JEREZ DE LA FRONTERA,Cadiz,48496,3362,11,02.Febrero-Definitivo-2015.xls,MARZO
2015,2,2015-02,La Gomera,LA GOMERA,Santa Cruz de Tenerife,2414,156,36,02.Febrero-Definitivo-2015.xls,MARZO
2015,2,2015-02,La Palma,LA PALMA,Santa Cruz de Tenerife,83445,1333,57356,02.Febrero-Definitivo-2015.xls,MARZO
2015,2,2015-02,Lanzarote,LANZAROTE,Las Palmas,516020,4223,171647,02.Febrero-Definitivo-2015.xls,MARZO
2015,2,2015-02,Leon,LEON,Leon,1726,124,0,02.Febrero-Definitivo-2015.xls,MARZO
2015,2,2015-02,Logrono,LOGRONO,La Rioja,1090,113,0,02.Febrero-Definitivo-2015.xls,MARZO
2015,2,2015-02,Madrid-Cuatro Vientos,MADRID-CUATRO VIENTOS,Madrid,343,3524,0,02.Febrero-Definitivo-2015.xls,MARZO
2015,2,2015-02,Malaga-Costa Del Sol,MALAGA-COSTA DEL SOL,Malaga,900453,6965,177218,02.Febrero-Definitivo-2015.xls,MARZO
2015,2,2015-02,Melilla,MELILLA,Melilla,27073,714,11778,02.Febrero-Definitivo-2015.xls,MARZO
2015,2,2015-02,Menorca,MENORCA,Illes Balears,74968,995,139960,02.Febrero-Definitivo-2015.xls,MARZO
2015,2,2015-02,Murcia-San Javier,MURCIA-SAN JAVIER,Murcia,28563,314,18,02.Febrero-Definitivo-2015.xls,MARZO
2015,2,2015-02,Palma De Mallorca,PALMA DE MALLORCA,Illes Balears,951227,8108,870641,02.Febrero-Definitivo-2015.xls,MARZO
2015,2,2015-02,Pamplona,PAMPLONA,Navarra,11931,407,0,02.Febrero-Definitivo-2015.xls,MARZO
2015,2,2015-02,Reus,REUS,Tarragona,10511,688,0,02.Febrero-Definitivo-2015.xls,MARZO
2015,2,2015-02,Sabadell,SABADELL,Barcelona,301,2269,0,02.Febrero-Definitivo-2015.xls,MARZO
2015,2,2015-02,Salamanca,SALAMANCA,Salamanca,1710,701,0,02.Febrero-Definitivo-2015.xls,MARZO
2015,2,2015-02,San Sebastian,SAN SEBASTIAN,Gipuzkoa,20850,529,313,02.Febrero-Definitivo-2015.xls,MARZO
2015,2,2015-02,Santiago,SANTIAGO,A Coruna,157723,1504,188862,02.Febrero-Definitivo-2015.xls,MARZO
2015,2,2015-02,Seve Ballesteros-Santander,SEVE BALLESTEROS-SANTANDER,Cantabria,52521,729,0,02.Febrero-Definitivo-2015.xls,MARZO
2015,2,2015-02,Sevilla,SEVILLA,Sevilla,346544,3691,525902,02.Febrero-Definitivo-2015.xls,MARZO
2015,2,2015-02,Son Bonet,SON BONET,Illes Balears,120,697,0,02.Febrero-Definitivo-2015.xls,MARZO
2015,2,2015-02,Tenerife Norte,TENERIFE NORTE,Santa Cruz de Tenerife,292838,4289,1008808,02.Febrero-Definitivo-2015.xls,MARZO
2015,2,2015-02,Tenerife Sur,TENERIFE SUR,Santa Cruz de Tenerife,879148,5589,281613,02.Febrero-Definitivo-2015.xls,MARZO
2015,2,2015-02,Valencia,VALENCIA,Valencia,360249,4457,1163577,02.Febrero-Definitivo-2015.xls,MARZO
2015,2,2015-02,Valladolid,VALLADOLID,Valladolid,15816,351,9271,02.Febrero-Definitivo-2015.xls,MARZO
2015,2,2015-02,Vigo,VIGO,Pontevedra,51710,744,42040,02.Febrero-Definitivo-2015.xls,MARZO
2015,2,2015-02,Vitoria,VITORIA,Alava,192,518,3785808,02.Febrero-Definitivo-2015.xls,MARZO
2015,2,2015-02,Zaragoza,ZARAGOZA,Zaragoza,35852,611,7441597,02.Febrero-Definitivo-2015.xls,MARZO
2016,2,2016-02,A Coruna,A CORUNA,A Coruna,73096,1063,13820,02.Febrero_Definitivo_2016.xls,FEBRERO 2016
2016,2,2016-02,Adolfo Suarez Madrid-Barajas,ADOLFO SUAREZ MADRID-BARAJAS,Madrid,3463758,27878,32430104,02.Febrero_Definitivo_2016.xls,FEBRERO 2016
2016,2,2016-02,Albacete,ALBACETE,Albacete,209,61,0,02.Febrero_Definitivo_2016.xls,FEBRERO 2016
2016,2,2016-02,Algeciras-Helipuerto,ALGECIRAS-HELIPUERTO,Cadiz,34,16,0,02.Febrero_Definitivo_2016.xls,FEBRERO 2016
2016,2,2016-02,Alicante-Elche,ALICANTE-ELCHE,Alicante,610441,4496,472500,02.Febrero_Definitivo_2016.xls,FEBRERO 2016
2016,2,2016-02,Almeria,ALMERIA,Almeria,48325,765,216,02.Febrero_Definitivo_2016.xls,FEBRERO 2016
2016,2,2016-02,Asturias,ASTURIAS,Asturias,71311,662,2820,02.Febrero_Definitivo_2016.xls,FEBRERO 2016
2016,2,2016-02,Badajoz,BADAJOZ,Badajoz,991,66,0,02.Febrero_Definitivo_2016.xls,FEBRERO 2016
2016,2,2016-02,Barcelona-El Prat,BARCELONA-EL PRAT,Barcelona,2672189,19843,10428610,02.Febrero_Definitivo_2016.xls,FEBRERO 2016
2016,2,2016-02,Bilbao,BILBAO,Bizkaia,281768,3135,215210,02.Febrero_Definitivo_2016.xls,FEBRERO 2016
2016,2,2016-02,Burgos,BURGOS,Burgos,189,72,0,02.Febrero_Definitivo_2016.xls,FEBRERO 2016
2016,2,2016-02,Ceuta-Helipuerto,CEUTA-HELIPUERTO,Ceuta,301,91,0,02.Febrero_Definitivo_2016.xls,FEBRERO 2016
2016,2,2016-02,Cordoba,CORDOBA,Cordoba,449,388,0,02.Febrero_Definitivo_2016.xls,FEBRERO 2016
2016,2,2016-02,El Hierro,EL HIERRO,Santa Cruz de Tenerife,11353,278,6123,02.Febrero_Definitivo_2016.xls,FEBRERO 2016
2016,2,2016-02,Fgl Granada-Jaen,FGL GRANADA-JAEN,Granada,54135,864,1373,02.Febrero_Definitivo_2016.xls,FEBRERO 2016
2016,2,2016-02,Fuerteventura,FUERTEVENTURA,Las Palmas,433162,3325,75415,02.Febrero_Definitivo_2016.xls,FEBRERO 2016
2016,2,2016-02,Girona,GIRONA,Girona,51681,915,9658,02.Febrero_Definitivo_2016.xls,FEBRERO 2016
2016,2,2016-02,Gran Canaria,GRAN CANARIA,Las Palmas,1036754,9230,1467696,02.Febrero_Definitivo_2016.xls,FEBRERO 2016
2016,2,2016-02,Huesca-Pirineos,HUESCA-PIRINEOS,Huesca,8,336,0,02.Febrero_Definitivo_2016.xls,FEBRERO 2016
2016,2,2016-02,Ibiza,IBIZA,Illes Balears,128862,1815,105383,02.Febrero_Definitivo_2016.xls,FEBRERO 2016
2016,2,2016-02,Jerez De La Frontera,JEREZ DE LA FRONTERA,Cadiz,33771,3240,0,02.Febrero_Definitivo_2016.xls,FEBRERO 2016
2016,2,2016-02,La Gomera,LA GOMERA,Santa Cruz de Tenerife,2242,114,3,02.Febrero_Definitivo_2016.xls,FEBRERO 2016
2016,2,2016-02,La Palma,LA PALMA,Santa Cruz de Tenerife,84511,1309,56000,02.Febrero_Definitivo_2016.xls,FEBRERO 2016
2016,2,2016-02,Lanzarote,LANZAROTE,Las Palmas,489353,3954,134082,02.Febrero_Definitivo_2016.xls,FEBRERO 2016
2016,2,2016-02,Leon,LEON,Leon,1319,88,0,02.Febrero_Definitivo_2016.xls,FEBRERO 2016
2016,2,2016-02,Logrono,LOGRONO,La Rioja,1039,72,0,02.Febrero_Definitivo_2016.xls,FEBRERO 2016
2016,2,2016-02,Madrid-Cuatro Vientos,MADRID-CUATRO VIENTOS,Madrid,112,2207,0,02.Febrero_Definitivo_2016.xls,FEBRERO 2016
2016,2,2016-02,Malaga-Costa Del Sol,MALAGA-COSTA DEL SOL,Malaga,794683,6326,170855,02.Febrero_Definitivo_2016.xls,FEBRERO 2016
2016,2,2016-02,Melilla,MELILLA,Melilla,23046,627,11399,02.Febrero_Definitivo_2016.xls,FEBRERO 2016
2016,2,2016-02,Menorca,MENORCA,Illes Balears,63855,1174,105777,02.Febrero_Definitivo_2016.xls,FEBRERO 2016
2016,2,2016-02,Murcia-San Javier,MURCIA-SAN JAVIER,Murcia,19483,223,0,02.Febrero_Definitivo_2016.xls,FEBRERO 2016
2016,2,2016-02,Palma De Mallorca,PALMA DE MALLORCA,Illes Balears,709107,6817,731927,02.Febrero_Definitivo_2016.xls,FEBRERO 2016
2016,2,2016-02,Pamplona,PAMPLONA,Navarra,11292,354,8,02.Febrero_Definitivo_2016.xls,FEBRERO 2016
2016,2,2016-02,Reus,REUS,Tarragona,5561,885,0,02.Febrero_Definitivo_2016.xls,FEBRERO 2016
2016,2,2016-02,Sabadell,SABADELL,Barcelona,310,2341,0,02.Febrero_Definitivo_2016.xls,FEBRERO 2016
2016,2,2016-02,Salamanca,SALAMANCA,Salamanca,334,416,0,02.Febrero_Definitivo_2016.xls,FEBRERO 2016
2016,2,2016-02,San Sebastian,SAN SEBASTIAN,Gipuzkoa,18281,476,140,02.Febrero_Definitivo_2016.xls,FEBRERO 2016
2016,2,2016-02,Santiago,SANTIAGO,A Coruna,152852,1401,178861,02.Febrero_Definitivo_2016.xls,FEBRERO 2016
2016,2,2016-02,Seve Ballesteros-Santander,SEVE BALLESTEROS-SANTANDER,Cantabria,47292,643,0,02.Febrero_Definitivo_2016.xls,FEBRERO 2016
2016,2,2016-02,Sevilla,SEVILLA,Sevilla,311918,3178,497864,02.Febrero_Definitivo_2016.xls,FEBRERO 2016
2016,2,2016-02,Son Bonet,SON BONET,Illes Balears,152,691,0,02.Febrero_Definitivo_2016.xls,FEBRERO 2016
2016,2,2016-02,Tenerife-Norte,TENERIFE-NORTE,Santa Cruz de Tenerife,304700,4209,848053,02.Febrero_Definitivo_2016.xls,FEBRERO 2016
2016,2,2016-02,Tenerife-Sur,TENERIFE-SUR,Santa Cruz de Tenerife,869217,5541,229354,02.Febrero_Definitivo_2016.xls,FEBRERO 2016
2016,2,2016-02,Valencia,VALENCIA,Valencia,328246,4217,1032610,02.Febrero_Definitivo_2016.xls,FEBRERO 2016
2016,2,2016-02,Valladolid,VALLADOLID,Valladolid,12554,243,12857,02.Febrero_Definitivo_2016.xls,FEBRERO 2016
2016,2,2016-02,Vigo,VIGO,Pontevedra,61208,765,95351,02.Febrero_Definitivo_2016.xls,FEBRERO 2016
2016,2,2016-02,Vitoria,VITORIA,Alava,668,524,4237707,02.Febrero_Definitivo_2016.xls,FEBRERO 2016
2016,2,2016-02,Zaragoza,ZARAGOZA,Zaragoza,27089,496,7793446,02.Febrero_Definitivo_2016.xls,FEBRERO 2016
2017,2,2017-02,A Coruna,A CORUNA,A Coruna,79243,1171,14498,02.Febrero_Definitivo_2017.xls,FEBRERO 2017
2017,2,2017-02,Adolfo Suarez Madrid-Barajas,ADOLFO SUAREZ MADRID-BARAJAS,Madrid,3584304,27522,34889690,02.Febrero_Definitivo_2017.xls,FEBRERO 2017
2017,2,2017-02,Albacete,ALBACETE,Albacete,177,60,0,02.Febrero_Definitivo_2017.xls,FEBRERO 2017
2017,2,2017-02,Algeciras-Helipuerto,ALGECIRAS-HELIPUERTO,Cadiz,42,14,0,02.Febrero_Definitivo_2017.xls,FEBRERO 2017
2017,2,2017-02,Alicante-Elche,ALICANTE-ELCHE,Alicante,687107,5245,534987,02.Febrero_Definitivo_2017.xls,FEBRERO 2017
2017,2,2017-02,Almeria,ALMERIA,Almeria,39146,648,20,02.Febrero_Definitivo_2017.xls,FEBRERO 2017
2017,2,2017-02,Asturias,ASTURIAS,Asturias,81732,779,4431,02.Febrero_Definitivo_2017.xls,FEBRERO 2017
2017,2,2017-02,Badajoz,BADAJOZ,Badajoz,2672,125,0,02.Febrero_Definitivo_2017.xls,FEBRERO 2017
2017,2,2017-02,Barcelona-El Prat,BARCELONA-EL PRAT,Barcelona,2801585,20175,10681993,02.Febrero_Definitivo_2017.xls,FEBRERO 2017
2017,2,2017-02,Bilbao,BILBAO,Bizkaia,296266,3215,233903,02.Febrero_Definitivo_2017.xls,FEBRERO 2017
2017,2,2017-02,Burgos,BURGOS,Burgos,266,98,0,02.Febrero_Definitivo_2017.xls,FEBRERO 2017
2017,2,2017-02,Ceuta-Helipuerto,CEUTA-HELIPUERTO,Ceuta,154,38,0,02.Febrero_Definitivo_2017.xls,FEBRERO 2017
2017,2,2017-02,Cordoba,CORDOBA,Cordoba,458,415,0,02.Febrero_Definitivo_2017.xls,FEBRERO 2017
2017,2,2017-02,El Hierro,EL HIERRO,Santa Cruz de Tenerife,11125,258,5215,02.Febrero_Definitivo_2017.xls,FEBRERO 2017
2017,2,2017-02,Fgl Granada-Jaen,FGL GRANADA-JAEN,Granada,57596,908,284,02.Febrero_Definitivo_2017.xls,FEBRERO 2017
2017,2,2017-02,Fuerteventura,FUERTEVENTURA,Las Palmas,439555,3461,71460,02.Febrero_Definitivo_2017.xls,FEBRERO 2017
2017,2,2017-02,Girona,GIRONA,Girona,39552,914,5835,02.Febrero_Definitivo_2017.xls,FEBRERO 2017
2017,2,2017-02,Gran Canaria,GRAN CANARIA,Las Palmas,1050741,9351,1366049,02.Febrero_Definitivo_2017.xls,FEBRERO 2017
2017,2,2017-02,Huesca-Pirineos,HUESCA-PIRINEOS,Huesca,0,228,0,02.Febrero_Definitivo_2017.xls,FEBRERO 2017
2017,2,2017-02,Ibiza,IBIZA,Illes Balears,142426,1966,96521,02.Febrero_Definitivo_2017.xls,FEBRERO 2017
2017,2,2017-02,Jerez De La Frontera,JEREZ DE LA FRONTERA,Cadiz,38683,2997,0,02.Febrero_Definitivo_2017.xls,FEBRERO 2017
2017,2,2017-02,La Gomera,LA GOMERA,Santa Cruz de Tenerife,2330,128,447,02.Febrero_Definitivo_2017.xls,FEBRERO 2017
2017,2,2017-02,La Palma,LA PALMA,Santa Cruz de Tenerife,101113,1418,71130,02.Febrero_Definitivo_2017.xls,FEBRERO 2017
2017,2,2017-02,Lanzarote,LANZAROTE,Las Palmas,532968,4314,137296,02.Febrero_Definitivo_2017.xls,FEBRERO 2017
2017,2,2017-02,Leon,LEON,Leon,2161,133,0,02.Febrero_Definitivo_2017.xls,FEBRERO 2017
2017,2,2017-02,Logrono,LOGRONO,La Rioja,1393,100,0,02.Febrero_Definitivo_2017.xls,FEBRERO 2017
2017,2,2017-02,Madrid-Cuatro Vientos,MADRID-CUATRO VIENTOS,Madrid,103,2780,0,02.Febrero_Definitivo_2017.xls,FEBRERO 2017
2017,2,2017-02,Malaga-Costa Del Sol,MALAGA-COSTA DEL SOL,Malaga,914000,7367,171980,02.Febrero_Definitivo_2017.xls,FEBRERO 2017
2017,2,2017-02,Melilla,MELILLA,Melilla,22674,583,11522,02.Febrero_Definitivo_2017.xls,FEBRERO 2017
2017,2,2017-02,Menorca,MENORCA,Illes Balears,68078,1114,116139,02.Febrero_Definitivo_2017.xls,FEBRERO 2017
2017,2,2017-02,Murcia-San Javier,MURCIA-SAN JAVIER,Murcia,37265,295,0,02.Febrero_Definitivo_2017.xls,FEBRERO 2017
2017,2,2017-02,Palma De Mallorca,PALMA DE MALLORCA,Illes Balears,720486,7070,680600,02.Febrero_Definitivo_2017.xls,FEBRERO 2017
2017,2,2017-02,Pamplona,PAMPLONA,Navarra,11470,370,5750,02.Febrero_Definitivo_2017.xls,FEBRERO 2017
2017,2,2017-02,Reus,REUS,Tarragona,7315,711,0,02.Febrero_Definitivo_2017.xls,FEBRERO 2017
2017,2,2017-02,Sabadell,SABADELL,Barcelona,185,2457,0,02.Febrero_Definitivo_2017.xls,FEBRERO 2017
2017,2,2017-02,Salamanca,SALAMANCA,Salamanca,201,831,0,02.Febrero_Definitivo_2017.xls,FEBRERO 2017
2017,2,2017-02,San Sebastian,SAN SEBASTIAN,Gipuzkoa,18034,425,786,02.Febrero_Definitivo_2017.xls,FEBRERO 2017
2017,2,2017-02,Santiago,SANTIAGO,A Coruna,148801,1265,180189,02.Febrero_Definitivo_2017.xls,FEBRERO 2017
2017,2,2017-02,Seve Ballesteros-Santander,SEVE BALLESTEROS-SANTANDER,Cantabria,48373,626,0,02.Febrero_Definitivo_2017.xls,FEBRERO 2017
2017,2,2017-02,Sevilla,SEVILLA,Sevilla,327883,3201,588097,02.Febrero_Definitivo_2017.xls,FEBRERO 2017
2017,2,2017-02,Son Bonet,SON BONET,Illes Balears,35,212,0,02.Febrero_Definitivo_2017.xls,FEBRERO 2017
2017,2,2017-02,Tenerife Norte,TENERIFE NORTE,Santa Cruz de Tenerife,296707,4094,1075807,02.Febrero_Definitivo_2017.xls,FEBRERO 2017
2017,2,2017-02,Tenerife Sur,TENERIFE SUR,Santa Cruz de Tenerife,919655,5890,240282,02.Febrero_Definitivo_2017.xls,FEBRERO 2017
2017,2,2017-02,Valencia,VALENCIA,Valencia,364755,4174,1016951,02.Febrero_Definitivo_2017.xls,FEBRERO 2017
2017,2,2017-02,Valladolid,VALLADOLID,Valladolid,11176,234,6149,02.Febrero_Definitivo_2017.xls,FEBRERO 2017
2017,2,2017-02,Vigo,VIGO,Pontevedra,58239,715,29293,02.Febrero_Definitivo_2017.xls,FEBRERO 2017
2017,2,2017-02,Vitoria,VITORIA,Alava,454,461,4314050,02.Febrero_Definitivo_2017.xls,FEBRERO 2017
2017,2,2017-02,Zaragoza,ZARAGOZA,Zaragoza,23080,472,8926947,02.Febrero_Definitivo_2017.xls,FEBRERO 2017
2018,2,2018-02,A Coruna,A CORUNA,A Coruna,86596,1232,8336,02.Febrero_Definitivo_2018.xls,FEBRERO 2018
2018,2,2018-02,Adolfo Suarez Madrid-Barajas,ADOLFO SUAREZ MADRID-BARAJAS,Madrid,3918001,29073,39139066,02.Febrero_Definitivo_2018.xls,FEBRERO 2018
2018,2,2018-02,Albacete,ALBACETE,Albacete,232,73,0,02.Febrero_Definitivo_2018.xls,FEBRERO 2018
2018,2,2018-02,Algeciras-Helipuerto,ALGECIRAS-HELIPUERTO,Cadiz,2265,226,0,02.Febrero_Definitivo_2018.xls,FEBRERO 2018
2018,2,2018-02,Alicante-Elche,ALICANTE-ELCHE,Alicante,711893,5181,283226,02.Febrero_Definitivo_2018.xls,FEBRERO 2018
2018,2,2018-02,Almeria,ALMERIA,Almeria,34835,612,0,02.Febrero_Definitivo_2018.xls,FEBRERO 2018
2018,2,2018-02,Asturias,ASTURIAS,Asturias,87405,783,1615,02.Febrero_Definitivo_2018.xls,FEBRERO 2018
2018,2,2018-02,Badajoz,BADAJOZ,Badajoz,3006,137,0,02.Febrero_Definitivo_2018.xls,FEBRERO 2018
2018,2,2018-02,Barcelona-El Prat J.T.,BARCELONA-EL PRAT J.T.,Barcelona,3034097,21348,11799097,02.Febrero_Definitivo_2018.xls,FEBRERO 2018
2018,2,2018-02,Bilbao,BILBAO,Bizkaia,323977,3202,74429,02.Febrero_Definitivo_2018.xls,FEBRERO 2018
2018,2,2018-02,Burgos,BURGOS,Burgos,251,80,0,02.Febrero_Definitivo_2018.xls,FEBRERO 2018
2018,2,2018-02,Ceuta-Helipuerto,CEUTA-HELIPUERTO,Ceuta,3391,380,0,02.Febrero_Definitivo_2018.xls,FEBRERO 2018
2018,2,2018-02,Cordoba,CORDOBA,Cordoba,667,535,0,02.Febrero_Definitivo_2018.xls,FEBRERO 2018
2018,2,2018-02,El Hierro,EL HIERRO,Santa Cruz de Tenerife,15856,368,4708,02.Febrero_Definitivo_2018.xls,FEBRERO 2018
2018,2,2018-02,Fgl Granada-Jaen,FGL GRANADA-JAEN,Granada,76261,946,193,02.Febrero_Definitivo_2018.xls,FEBRERO 2018
2018,2,2018-02,Fuerteventura,FUERTEVENTURA,Las Palmas,476887,3958,71273,02.Febrero_Definitivo_2018.xls,FEBRERO 2018
2018,2,2018-02,Girona,GIRONA,Girona,40719,588,8784,02.Febrero_Definitivo_2018.xls,FEBRERO 2018
2018,2,2018-02,Gran Canaria,GRAN CANARIA,Las Palmas,1125271,10401,1441769,02.Febrero_Definitivo_2018.xls,FEBRERO 2018
2018,2,2018-02,Huesca-Pirineos,HUESCA-PIRINEOS,Huesca,0,578,0,02.Febrero_Definitivo_2018.xls,FEBRERO 2018
2018,2,2018-02,Ibiza,IBIZA,Illes Balears,170497,2098,99450,02.Febrero_Definitivo_2018.xls,FEBRERO 2018
2018,2,2018-02,Jerez De La Frontera,JEREZ DE LA FRONTERA,Cadiz,47939,3391,48,02.Febrero_Definitivo_2018.xls,FEBRERO 2018
2018,2,2018-02,La Gomera,LA GOMERA,Santa Cruz de Tenerife,2531,146,164,02.Febrero_Definitivo_2018.xls,FEBRERO 2018
2018,2,2018-02,La Palma,LA PALMA,Santa Cruz de Tenerife,104754,1521,49220,02.Febrero_Definitivo_2018.xls,FEBRERO 2018
2018,2,2018-02,Lanzarote Cesar Manrique,LANZAROTE CESAR MANRIQUE,Las Palmas,547211,4613,131344,02.Febrero_Definitivo_2018.xls,FEBRERO 2018
2018,2,2018-02,Leon,LEON,Leon,3932,184,0,02.Febrero_Definitivo_2018.xls,FEBRERO 2018
2018,2,2018-02,Logrono,LOGRONO,La Rioja,1389,93,0,02.Febrero_Definitivo_2018.xls,FEBRERO 2018
2018,2,2018-02,Madrid-Cuatro Vientos,MADRID-CUATRO VIENTOS,Madrid,256,3249,0,02.Febrero_Definitivo_2018.xls,FEBRERO 2018
2018,2,2018-02,Malaga-Costa Del Sol,MALAGA-COSTA DEL SOL,Malaga,963939,7673,179106,02.Febrero_Definitivo_2018.xls,FEBRERO 2018
2018,2,2018-02,Melilla,MELILLA,Melilla,23939,598,10513,02.Febrero_Definitivo_2018.xls,FEBRERO 2018
2018,2,2018-02,Menorca,MENORCA,Illes Balears,70500,1015,75888,02.Febrero_Definitivo_2018.xls,FEBRERO 2018
2018,2,2018-02,Murcia-San Javier,MURCIA-SAN JAVIER,Murcia,44044,332,0,02.Febrero_Definitivo_2018.xls,FEBRERO 2018
2018,2,2018-02,Palma De Mallorca,PALMA DE MALLORCA,Illes Balears,781602,7216,691613,02.Febrero_Definitivo_2018.xls,FEBRERO 2018
2018,2,2018-02,Pamplona,PAMPLONA,Navarra,13807,431,1698,02.Febrero_Definitivo_2018.xls,FEBRERO 2018
2018,2,2018-02,Reus,REUS,Tarragona,6777,806,0,02.Febrero_Definitivo_2018.xls,FEBRERO 2018
2018,2,2018-02,Sabadell,SABADELL,Barcelona,275,2854,0,02.Febrero_Definitivo_2018.xls,FEBRERO 2018
2018,2,2018-02,Salamanca,SALAMANCA,Salamanca,201,744,0,02.Febrero_Definitivo_2018.xls,FEBRERO 2018
2018,2,2018-02,San Sebastian,SAN SEBASTIAN,Gipuzkoa,21151,450,684,02.Febrero_Definitivo_2018.xls,FEBRERO 2018
2018,2,2018-02,Santiago,SANTIAGO,A Coruna,167146,1428,224077,02.Febrero_Definitivo_2018.xls,FEBRERO 2018
2018,2,2018-02,Seve Ballesteros-Santander,SEVE BALLESTEROS-SANTANDER,Cantabria,64052,711,0,02.Febrero_Definitivo_2018.xls,FEBRERO 2018
2018,2,2018-02,Sevilla,SEVILLA,Sevilla,433622,4158,983395,02.Febrero_Definitivo_2018.xls,FEBRERO 2018
2018,2,2018-02,Son Bonet,SON BONET,Illes Balears,57,529,0,02.Febrero_Definitivo_2018.xls,FEBRERO 2018
2018,2,2018-02,Tenerife Norte,TENERIFE NORTE,Santa Cruz de Tenerife,359425,5041,1086526,02.Febrero_Definitivo_2018.xls,FEBRERO 2018
2018,2,2018-02,Tenerife Sur,TENERIFE SUR,Santa Cruz de Tenerife,928910,5733,195668,02.Febrero_Definitivo_2018.xls,FEBRERO 2018
2018,2,2018-02,Valencia,VALENCIA,Valencia,467522,4919,1026197,02.Febrero_Definitivo_2018.xls,FEBRERO 2018
2018,2,2018-02,Valladolid,VALLADOLID,Valladolid,12263,268,210,02.Febrero_Definitivo_2018.xls,FEBRERO 2018
2018,2,2018-02,Vigo,VIGO,Pontevedra,66323,786,37187,02.Febrero_Definitivo_2018.xls,FEBRERO 2018
2018,2,2018-02,Vitoria,VITORIA,Alava,12083,752,4794557,02.Febrero_Definitivo_2018.xls,FEBRERO 2018
2018,2,2018-02,Zaragoza,ZARAGOZA,Zaragoza,25705,551,12330551,02.Febrero_Definitivo_2018.xls,FEBRERO 2018
2019,2,2019-02,A Coruna,A CORUNA,A Coruna,90967,1312,13317,02.Febrero_Definitivo_2019.xls,FEBRERO 2019
2019,2,2019-02,Adolfo Suarez Madrid-Barajas,ADOLFO SUAREZ MADRID-BARAJAS,Madrid,4149603,30187,41196095,02.Febrero_Definitivo_2019.xls,FEBRERO 2019
2019,2,2019-02,Aeropuerto Intl. Region Murcia,AEROPUERTO INTL. REGION MURCIA,Murcia,45149,362,0,02.Febrero_Definitivo_2019.xls,FEBRERO 2019
2019,2,2019-02,Albacete,ALBACETE,Albacete,220,56,0,02.Febrero_Definitivo_2019.xls,FEBRERO 2019
2019,2,2019-02,Algeciras-Helipuerto,ALGECIRAS-HELIPUERTO,Cadiz,2903,248,0,02.Febrero_Definitivo_2019.xls,FEBRERO 2019
2019,2,2019-02,Alicante-Elche,ALICANTE-ELCHE,Alicante,782721,5645,269220,02.Febrero_Definitivo_2019.xls,FEBRERO 2019
2019,2,2019-02,Almeria,ALMERIA,Almeria,38125,677,62,02.Febrero_Definitivo_2019.xls,FEBRERO 2019
2019,2,2019-02,Asturias,ASTURIAS,Asturias,79872,709,4495,02.Febrero_Definitivo_2019.xls,FEBRERO 2019
2019,2,2019-02,Badajoz,BADAJOZ,Badajoz,5557,193,0,02.Febrero_Definitivo_2019.xls,FEBRERO 2019
2019,2,2019-02,Barcelona-El Prat J.T.,BARCELONA-EL PRAT J.T.,Barcelona,3267695,22696,12353762,02.Febrero_Definitivo_2019.xls,FEBRERO 2019
2019,2,2019-02,Bilbao,BILBAO,Bizkaia,345890,3491,74368,02.Febrero_Definitivo_2019.xls,FEBRERO 2019
2019,2,2019-02,Burgos,BURGOS,Burgos,923,198,10395,02.Febrero_Definitivo_2019.xls,FEBRERO 2019
2019,2,2019-02,Ceuta-Helipuerto,CEUTA-HELIPUERTO,Ceuta,5420,528,0,02.Febrero_Definitivo_2019.xls,FEBRERO 2019
2019,2,2019-02,Cordoba,CORDOBA,Cordoba,785,767,0,02.Febrero_Definitivo_2019.xls,FEBRERO 2019
2019,2,2019-02,El Hierro,EL HIERRO,Santa Cruz de Tenerife,17831,426,5525,02.Febrero_Definitivo_2019.xls,FEBRERO 2019
2019,2,2019-02,Fgl Granada-Jaen,FGL GRANADA-JAEN,Granada,89652,1097,0,02.Febrero_Definitivo_2019.xls,FEBRERO 2019
2019,2,2019-02,Fuerteventura,FUERTEVENTURA,Las Palmas,429480,3591,58420,02.Febrero_Definitivo_2019.xls,FEBRERO 2019
2019,2,2019-02,Girona-Costa Brava,GIRONA-COSTA BRAVA,Girona,34374,663,4982,02.Febrero_Definitivo_2019.xls,FEBRERO 2019
2019,2,2019-02,Gran Canaria,GRAN CANARIA,Las Palmas,1125524,10361,1287347,02.Febrero_Definitivo_2019.xls,FEBRERO 2019
2019,2,2019-02,Huesca-Pirineos,HUESCA-PIRINEOS,Huesca,41,1080,0,02.Febrero_Definitivo_2019.xls,FEBRERO 2019
2019,2,2019-02,Ibiza,IBIZA,Illes Balears,179606,2106,89949,02.Febrero_Definitivo_2019.xls,FEBRERO 2019
2019,2,2019-02,Jerez De La Frontera,JEREZ DE LA FRONTERA,Cadiz,48240,4566,24,02.Febrero_Definitivo_2019.xls,FEBRERO 2019
2019,2,2019-02,La Gomera,LA GOMERA,Santa Cruz de Tenerife,4469,250,137,02.Febrero_Definitivo_2019.xls,FEBRERO 2019
2019,2,2019-02,La Palma,LA PALMA,Santa Cruz de Tenerife,111007,1730,58412,02.Febrero_Definitivo_2019.xls,FEBRERO 2019
2019,2,2019-02,Lanzarote-Cesar Manrique,LANZAROTE-CESAR MANRIQUE,Las Palmas,552119,4647,121859,02.Febrero_Definitivo_2019.xls,FEBRERO 2019
2019,2,2019-02,Leon,LEON,Leon,4228,220,0,02.Febrero_Definitivo_2019.xls,FEBRERO 2019
2019,2,2019-02,Logrono,LOGRONO,La Rioja,1646,122,0,02.Febrero_Definitivo_2019.xls,FEBRERO 2019
2019,2,2019-02,Madrid-Cuatro Vientos,MADRID-CUATRO VIENTOS,Madrid,143,4313,0,02.Febrero_Definitivo_2019.xls,FEBRERO 2019
2019,2,2019-02,Malaga-Costa Del Sol,MALAGA-COSTA DEL SOL,Malaga,1052776,8142,179287,02.Febrero_Definitivo_2019.xls,FEBRERO 2019
2019,2,2019-02,Melilla,MELILLA,Melilla,27137,588,11150,02.Febrero_Definitivo_2019.xls,FEBRERO 2019
2019,2,2019-02,Menorca,MENORCA,Illes Balears,75728,1046,67212,02.Febrero_Definitivo_2019.xls,FEBRERO 2019
2019,2,2019-02,Murcia-San Javier,MURCIA-SAN JAVIER,Murcia,0,0,0,02.Febrero_Definitivo_2019.xls,FEBRERO 2019
2019,2,2019-02,Palma De Mallorca,PALMA DE MALLORCA,Illes Balears,896042,7934,669319,02.Febrero_Definitivo_2019.xls,FEBRERO 2019
2019,2,2019-02,Pamplona,PAMPLONA,Navarra,15595,499,3041,02.Febrero_Definitivo_2019.xls,FEBRERO 2019
2019,2,2019-02,Reus,REUS,Tarragona,3895,1141,0,02.Febrero_Definitivo_2019.xls,FEBRERO 2019
2019,2,2019-02,Sabadell,SABADELL,Barcelona,327,3805,0,02.Febrero_Definitivo_2019.xls,FEBRERO 2019
2019,2,2019-02,Salamanca,SALAMANCA,Salamanca,169,869,0,02.Febrero_Definitivo_2019.xls,FEBRERO 2019
2019,2,2019-02,San Sebastian,SAN SEBASTIAN,Gipuzkoa,20117,539,10,02.Febrero_Definitivo_2019.xls,FEBRERO 2019
2019,2,2019-02,Santiago-Rosalia De Castro,SANTIAGO-ROSALIA DE CASTRO,A Coruna,165167,1359,236841,02.Febrero_Definitivo_2019.xls,FEBRERO 2019
2019,2,2019-02,Seve Ballesteros-Santander,SEVE BALLESTEROS-SANTANDER,Cantabria,74131,799,0,02.Febrero_Definitivo_2019.xls,FEBRERO 2019
2019,2,2019-02,Sevilla,SEVILLA,Sevilla,521770,4908,649589,02.Febrero_Definitivo_2019.xls,FEBRERO 2019
2019,2,2019-02,Son Bonet,SON BONET,Illes Balears,174,892,0,02.Febrero_Definitivo_2019.xls,FEBRERO 2019
2019,2,2019-02,Tenerife Norte-C. La Laguna,TENERIFE NORTE-C. LA LAGUNA,Santa Cruz de Tenerife,391617,5533,955259,02.Febrero_Definitivo_2019.xls,FEBRERO 2019
2019,2,2019-02,Tenerife-Sur,TENERIFE-SUR,Santa Cruz de Tenerife,953614,5975,192856,02.Febrero_Definitivo_2019.xls,FEBRERO 2019
2019,2,2019-02,Valencia,VALENCIA,Valencia,524073,5313,1056843,02.Febrero_Definitivo_2019.xls,FEBRERO 2019
2019,2,2019-02,Valladolid,VALLADOLID,Valladolid,14721,385,4835,02.Febrero_Definitivo_2019.xls,FEBRERO 2019
2019,2,2019-02,Vigo,VIGO,Pontevedra,71263,867,47833,02.Febrero_Definitivo_2019.xls,FEBRERO 2019
2019,2,2019-02,Vitoria,VITORIA,Alava,8873,814,4914607,02.Febrero_Definitivo_2019.xls,FEBRERO 2019
2019,2,2019-02,Zaragoza,ZARAGOZA,Zaragoza,26871,615,13986608,02.Febrero_Definitivo_2019.xls,FEBRERO 2019
2020,2,2020-02,A Coruna,A CORUNA,A Coruna,104964,1397,11621,02.Febrero_Definitivo_2020.xls,FEBRERO 2020
2020,2,2020-02,Adolfo Suarez Madrid-Barajas,ADOLFO SUAREZ MADRID-BARAJAS,Madrid,4396804,31477,45586089,02.Febrero_Definitivo_2020.xls,FEBRERO 2020
2020,2,2020-02,Aeropuerto Intl. Region Murcia,AEROPUERTO INTL. REGION MURCIA,Murcia,40508,346,0,02.Febrero_Definitivo_2020.xls,FEBRERO 2020
2020,2,2020-02,Albacete,ALBACETE,Albacete,147,50,0,02.Febrero_Definitivo_2020.xls,FEBRERO 2020
2020,2,2020-02,Algeciras-Helipuerto,ALGECIRAS-HELIPUERTO,Cadiz,3220,304,0,02.Febrero_Definitivo_2020.xls,FEBRERO 2020
2020,2,2020-02,Alicante-Elche Miguel Hdez.,ALICANTE-ELCHE MIGUEL HDEZ.,Alicante,847526,5947,298043,02.Febrero_Definitivo_2020.xls,FEBRERO 2020
2020,2,2020-02,Almeria,ALMERIA,Almeria,39343,791,0,02.Febrero_Definitivo_2020.xls,FEBRERO 2020
2020,2,2020-02,Asturias,ASTURIAS,Asturias,95333,894,3424,02.Febrero_Definitivo_2020.xls,FEBRERO 2020
2020,2,2020-02,Badajoz,BADAJOZ,Badajoz,6501,235,0,02.Febrero_Definitivo_2020.xls,FEBRERO 2020
2020,2,2020-02,Barcelona-El Prat J.T.,BARCELONA-EL PRAT J.T.,Barcelona,3280932,22992,13509196,02.Febrero_Definitivo_2020.xls,FEBRERO 2020
2020,2,2020-02,Bilbao,BILBAO,Bizkaia,371193,3501,68286,02.Febrero_Definitivo_2020.xls,FEBRERO 2020
2020,2,2020-02,Burgos,BURGOS,Burgos,3025,1051,0,02.Febrero_Definitivo_2020.xls,FEBRERO 2020
2020,2,2020-02,Ceuta-Helipuerto,CEUTA-HELIPUERTO,Ceuta,5899,602,0,02.Febrero_Definitivo_2020.xls,FEBRERO 2020
2020,2,2020-02,Cordoba,CORDOBA,Cordoba,1222,1253,0,02.Febrero_Definitivo_2020.xls,FEBRERO 2020
2020,2,2020-02,El Hierro,EL HIERRO,Santa Cruz de Tenerife,19264,420,5121,02.Febrero_Definitivo_2020.xls,FEBRERO 2020
2020,2,2020-02,Fgl Granada-Jaen,FGL GRANADA-JAEN,Granada,92237,1090,0,02.Febrero_Definitivo_2020.xls,FEBRERO 2020
2020,2,2020-02,Fuerteventura,FUERTEVENTURA,Las Palmas,466674,3690,49397,02.Febrero_Definitivo_2020.xls,FEBRERO 2020
2020,2,2020-02,Girona-Costa Brava,GIRONA-COSTA BRAVA,Girona,35090,1274,9484,02.Febrero_Definitivo_2020.xls,FEBRERO 2020
2020,2,2020-02,Gran Canaria,GRAN CANARIA,Las Palmas,1123320,9824,1456178,02.Febrero_Definitivo_2020.xls,FEBRERO 2020
2020,2,2020-02,Huesca-Pirineos,HUESCA-PIRINEOS,Huesca,79,573,0,02.Febrero_Definitivo_2020.xls,FEBRERO 2020
2020,2,2020-02,Ibiza,IBIZA,Illes Balears,191893,2206,84203,02.Febrero_Definitivo_2020.xls,FEBRERO 2020
2020,2,2020-02,Jerez De La Frontera,JEREZ DE LA FRONTERA,Cadiz,42836,4858,0,02.Febrero_Definitivo_2020.xls,FEBRERO 2020
2020,2,2020-02,La Gomera,LA GOMERA,Santa Cruz de Tenerife,4847,144,160,02.Febrero_Definitivo_2020.xls,FEBRERO 2020
2020,2,2020-02,La Palma,LA PALMA,Santa Cruz de Tenerife,117682,1828,34724,02.Febrero_Definitivo_2020.xls,FEBRERO 2020
2020,2,2020-02,Lanzarote-Cesar Manrique,LANZAROTE-CESAR MANRIQUE,Las Palmas,542320,4378,83014,02.Febrero_Definitivo_2020.xls,FEBRERO 2020
2020,2,2020-02,Leon,LEON,Leon,5291,177,0,02.Febrero_Definitivo_2020.xls,FEBRERO 2020
2020,2,2020-02,Logrono,LOGRONO,La Rioja,754,82,0,02.Febrero_Definitivo_2020.xls,FEBRERO 2020
2020,2,2020-02,Madrid-Cuatro Vientos,MADRID-CUATRO VIENTOS,Madrid,265,4633,0,02.Febrero_Definitivo_2020.xls,FEBRERO 2020
2020,2,2020-02,Malaga-Costa Del Sol,MALAGA-COSTA DEL SOL,Malaga,1126766,8456,189470,02.Febrero_Definitivo_2020.xls,FEBRERO 2020
2020,2,2020-02,Melilla,MELILLA,Melilla,32500,698,10249,02.Febrero_Definitivo_2020.xls,FEBRERO 2020
2020,2,2020-02,Menorca,MENORCA,Illes Balears,89068,1116,76195,02.Febrero_Definitivo_2020.xls,FEBRERO 2020
2020,2,2020-02,Palma De Mallorca,PALMA DE MALLORCA,Illes Balears,917291,7951,623169,02.Febrero_Definitivo_2020.xls,FEBRERO 2020
2020,2,2020-02,Pamplona,PAMPLONA,Navarra,20710,509,34,02.Febrero_Definitivo_2020.xls,FEBRERO 2020
2020,2,2020-02,Reus,REUS,Tarragona,2946,1103,0,02.Febrero_Definitivo_2020.xls,FEBRERO 2020
2020,2,2020-02,Sabadell,SABADELL,Barcelona,354,4067,0,02.Febrero_Definitivo_2020.xls,FEBRERO 2020
2020,2,2020-02,Salamanca,SALAMANCA,Salamanca,155,881,0,02.Febrero_Definitivo_2020.xls,FEBRERO 2020
2020,2,2020-02,San Sebastian,SAN SEBASTIAN,Gipuzkoa,22271,393,3,02.Febrero_Definitivo_2020.xls,FEBRERO 2020
2020,2,2020-02,Santiago-Rosalia De Castro,SANTIAGO-ROSALIA DE CASTRO,A Coruna,175669,1380,221963,02.Febrero_Definitivo_2020.xls,FEBRERO 2020
2020,2,2020-02,Seve Ballesteros-Santander,SEVE BALLESTEROS-SANTANDER,Cantabria,77086,723,0,02.Febrero_Definitivo_2020.xls,FEBRERO 2020
2020,2,2020-02,Sevilla,SEVILLA,Sevilla,564265,4763,867896,02.Febrero_Definitivo_2020.xls,FEBRERO 2020
2020,2,2020-02,Son Bonet,SON BONET,Illes Balears,138,993,0,02.Febrero_Definitivo_2020.xls,FEBRERO 2020
2020,2,2020-02,Tenerife Norte-C. La Laguna,TENERIFE NORTE-C. LA LAGUNA,Santa Cruz de Tenerife,438311,5579,1024524,02.Febrero_Definitivo_2020.xls,FEBRERO 2020
2020,2,2020-02,Tenerife-Sur,TENERIFE-SUR,Santa Cruz de Tenerife,923749,5774,156935,02.Febrero_Definitivo_2020.xls,FEBRERO 2020
2020,2,2020-02,Valencia,VALENCIA,Valencia,553384,5442,1038102,02.Febrero_Definitivo_2020.xls,FEBRERO 2020
2020,2,2020-02,Valladolid,VALLADOLID,Valladolid,14746,360,0,02.Febrero_Definitivo_2020.xls,FEBRERO 2020
2020,2,2020-02,Vigo,VIGO,Pontevedra,65825,835,31696,02.Febrero_Definitivo_2020.xls,FEBRERO 2020
2020,2,2020-02,Vitoria,VITORIA,Alava,6652,842,4999479,02.Febrero_Definitivo_2020.xls,FEBRERO 2020
2020,2,2020-02,Zaragoza,ZARAGOZA,Zaragoza,33464,701,13672141,02.Febrero_Definitivo_2020.xls,FEBRERO 2020
2021,2,2021-02,A Coruna,A CORUNA,A Coruna,15703,754,6237,02_Febrero_Definitivo_2021.xls,FEBRERO 2021
2021,2,2021-02,Adolfo Suarez Madrid-Barajas,ADOLFO SUAREZ MADRID-BARAJAS,Madrid,752969,9741,36683935,02_Febrero_Definitivo_2021.xls,FEBRERO 2021
2021,2,2021-02,Aeropuerto Intl. Region Murcia,AEROPUERTO INTL. REGION MURCIA,Murcia,802,69,0,02_Febrero_Definitivo_2021.xls,FEBRERO 2021
2021,2,2021-02,Albacete,ALBACETE,Albacete,294,44,0,02_Febrero_Definitivo_2021.xls,FEBRERO 2021
2021,2,2021-02,Algeciras-Helipuerto,ALGECIRAS-HELIPUERTO,Cadiz,2087,202,0,02_Febrero_Definitivo_2021.xls,FEBRERO 2021
2021,2,2021-02,Alicante-Elche Miguel Hdez.,ALICANTE-ELCHE MIGUEL HDEZ.,Alicante,37703,685,261070,02_Febrero_Definitivo_2021.xls,FEBRERO 2021
2021,2,2021-02,Almeria,ALMERIA,Almeria,7640,457,5,02_Febrero_Definitivo_2021.xls,FEBRERO 2021
2021,2,2021-02,Asturias,ASTURIAS,Asturias,11181,270,169,02_Febrero_Definitivo_2021.xls,FEBRERO 2021
2021,2,2021-02,Badajoz,BADAJOZ,Badajoz,1210,88,0,02_Febrero_Definitivo_2021.xls,FEBRERO 2021
2021,2,2021-02,Barcelona-El Prat J.T.,BARCELONA-EL PRAT J.T.,Barcelona,286489,3984,9007669,02_Febrero_Definitivo_2021.xls,FEBRERO 2021
2021,2,2021-02,Bilbao,BILBAO,Bizkaia,37198,674,23294,02_Febrero_Definitivo_2021.xls,FEBRERO 2021
2021,2,2021-02,Burgos,BURGOS,Burgos,360,1287,0,02_Febrero_Definitivo_2021.xls,FEBRERO 2021
2021,2,2021-02,Ceuta-Helipuerto,CEUTA-HELIPUERTO,Ceuta,3600,444,0,02_Febrero_Definitivo_2021.xls,FEBRERO 2021
2021,2,2021-02,Cordoba,CORDOBA,Cordoba,191,1009,0,02_Febrero_Definitivo_2021.xls,FEBRERO 2021
2021,2,2021-02,El Hierro,EL HIERRO,Santa Cruz de Tenerife,10998,270,4686,02_Febrero_Definitivo_2021.xls,FEBRERO 2021
2021,2,2021-02,Fgl Granada-Jaen,FGL GRANADA-JAEN,Granada,9201,502,0,02_Febrero_Definitivo_2021.xls,FEBRERO 2021
2021,2,2021-02,Fuerteventura,FUERTEVENTURA,Las Palmas,73957,1101,46840,02_Febrero_Definitivo_2021.xls,FEBRERO 2021
2021,2,2021-02,Girona-Costa Brava,GIRONA-COSTA BRAVA,Girona,382,505,7289,02_Febrero_Definitivo_2021.xls,FEBRERO 2021
2021,2,2021-02,Gran Canaria,GRAN CANARIA,Las Palmas,183170,3286,1002032,02_Febrero_Definitivo_2021.xls,FEBRERO 2021
2021,2,2021-02,Huesca-Pirineos,HUESCA-PIRINEOS,Huesca,282,152,0,02_Febrero_Definitivo_2021.xls,FEBRERO 2021
2021,2,2021-02,Ibiza,IBIZA,Illes Balears,37112,958,69157,02_Febrero_Definitivo_2021.xls,FEBRERO 2021
2021,2,2021-02,Jerez De La Frontera,JEREZ DE LA FRONTERA,Cadiz,6208,3902,0,02_Febrero_Definitivo_2021.xls,FEBRERO 2021
2021,2,2021-02,La Gomera,LA GOMERA,Santa Cruz de Tenerife,3506,150,55,02_Febrero_Definitivo_2021.xls,FEBRERO 2021
2021,2,2021-02,La Palma,LA PALMA,Santa Cruz de Tenerife,40370,736,27904,02_Febrero_Definitivo_2021.xls,FEBRERO 2021
2021,2,2021-02,Lanzarote-Cesar Manrique,LANZAROTE-CESAR MANRIQUE,Las Palmas,54278,1008,42322,02_Febrero_Definitivo_2021.xls,FEBRERO 2021
2021,2,2021-02,Leon,LEON,Leon,562,170,0,02_Febrero_Definitivo_2021.xls,FEBRERO 2021
2021,2,2021-02,Logrono,LOGRONO,La Rioja,131,34,0,02_Febrero_Definitivo_2021.xls,FEBRERO 2021
2021,2,2021-02,Madrid-Cuatro Vientos,MADRID-CUATRO VIENTOS,Madrid,55,4859,0,02_Febrero_Definitivo_2021.xls,FEBRERO 2021
2021,2,2021-02,Malaga-Costa Del Sol,MALAGA-COSTA DEL SOL,Malaga,105260,2195,43094,02_Febrero_Definitivo_2021.xls,FEBRERO 2021
2021,2,2021-02,Melilla,MELILLA,Melilla,17438,472,257,02_Febrero_Definitivo_2021.xls,FEBRERO 2021
2021,2,2021-02,Menorca,MENORCA,Illes Balears,23036,530,58439,02_Febrero_Definitivo_2021.xls,FEBRERO 2021
2021,2,2021-02,Palma De Mallorca,PALMA DE MALLORCA,Illes Balears,141657,2493,443055,02_Febrero_Definitivo_2021.xls,FEBRERO 2021
2021,2,2021-02,Pamplona,PAMPLONA,Navarra,4922,373,600,02_Febrero_Definitivo_2021.xls,FEBRERO 2021
2021,2,2021-02,Reus,REUS,Tarragona,356,1081,0,02_Febrero_Definitivo_2021.xls,FEBRERO 2021
2021,2,2021-02,Sabadell,SABADELL,Barcelona,229,3667,0,02_Febrero_Definitivo_2021.xls,FEBRERO 2021
2021,2,2021-02,Salamanca,SALAMANCA,Salamanca,204,803,0,02_Febrero_Definitivo_2021.xls,FEBRERO 2021
2021,2,2021-02,San Sebastian,SAN SEBASTIAN,Gipuzkoa,2796,90,0,02_Febrero_Definitivo_2021.xls,FEBRERO 2021
2021,2,2021-02,Santiago-Rosalia De Castro,SANTIAGO-ROSALIA DE CASTRO,A Coruna,18800,423,344495,02_Febrero_Definitivo_2021.xls,FEBRERO 2021
2021,2,2021-02,Seve Ballesteros-Santander,SEVE BALLESTEROS-SANTANDER,Cantabria,5212,262,4,02_Febrero_Definitivo_2021.xls,FEBRERO 2021
2021,2,2021-02,Sevilla,SEVILLA,Sevilla,37109,1554,669713,02_Febrero_Definitivo_2021.xls,FEBRERO 2021
2021,2,2021-02,Son Bonet,SON BONET,Illes Balears,360,863,0,02_Febrero_Definitivo_2021.xls,FEBRERO 2021
2021,2,2021-02,Tenerife Norte-C. La Laguna,TENERIFE NORTE-C. LA LAGUNA,Santa Cruz de Tenerife,147473,2602,813758,02_Febrero_Definitivo_2021.xls,FEBRERO 2021
2021,2,2021-02,Tenerife-Sur,TENERIFE-SUR,Santa Cruz de Tenerife,81182,1078,47760,02_Febrero_Definitivo_2021.xls,FEBRERO 2021
2021,2,2021-02,Valencia,VALENCIA,Valencia,46181,1784,984624,02_Febrero_Definitivo_2021.xls,FEBRERO 2021
2021,2,2021-02,Valladolid,VALLADOLID,Valladolid,216,186,634,02_Febrero_Definitivo_2021.xls,FEBRERO 2021
2021,2,2021-02,Vigo,VIGO,Pontevedra,16138,444,34379,02_Febrero_Definitivo_2021.xls,FEBRERO 2021
2021,2,2021-02,Vitoria,VITORIA,Alava,770,889,5585795,02_Febrero_Definitivo_2021.xls,FEBRERO 2021
2021,2,2021-02,Zaragoza,ZARAGOZA,Zaragoza,1581,455,13460648,02_Febrero_Definitivo_2021.xls,FEBRERO 2021
2015,3,2015-03,A Coruna,A CORUNA,A Coruna,86020,1325,10546,03.Marzo-Definitivo-2015.xls,MARZO
2015,3,2015-03,Adolfo Suarez Madrid-Barajas,ADOLFO SUAREZ MADRID-BARAJAS,Madrid,3659969,29346,33494553,03.Marzo-Definitivo-2015.xls,MARZO
2015,3,2015-03,Albacete,ALBACETE,Albacete,14,8,0,03.Marzo-Definitivo-2015.xls,MARZO
2015,3,2015-03,Algeciras-Helipuerto,ALGECIRAS-HELIPUERTO,Cadiz,11,2,0,03.Marzo-Definitivo-2015.xls,MARZO
2015,3,2015-03,Alicante-Elche,ALICANTE-ELCHE,Alicante,669004,4737,218912,03.Marzo-Definitivo-2015.xls,MARZO
2015,3,2015-03,Almeria,ALMERIA,Almeria,50025,714,536,03.Marzo-Definitivo-2015.xls,MARZO
2015,3,2015-03,Asturias,ASTURIAS,Asturias,86583,780,4717,03.Marzo-Definitivo-2015.xls,MARZO
2015,3,2015-03,Badajoz,BADAJOZ,Badajoz,2846,162,0,03.Marzo-Definitivo-2015.xls,MARZO
2015,3,2015-03,Barcelona-El Prat,BARCELONA-EL PRAT,Barcelona,2892410,21697,10171928,03.Marzo-Definitivo-2015.xls,MARZO
2015,3,2015-03,Bilbao,BILBAO,Bizkaia,318598,3431,243437,03.Marzo-Definitivo-2015.xls,MARZO
2015,3,2015-03,Burgos,BURGOS,Burgos,1426,163,0,03.Marzo-Definitivo-2015.xls,MARZO
2015,3,2015-03,Ceuta-Helipuerto,CEUTA-HELIPUERTO,Ceuta,123,28,0,03.Marzo-Definitivo-2015.xls,MARZO
2015,3,2015-03,Cordoba,CORDOBA,Cordoba,815,644,0,03.Marzo-Definitivo-2015.xls,MARZO
2015,3,2015-03,El Hierro,EL HIERRO,Santa Cruz de Tenerife,11784,294,6094,03.Marzo-Definitivo-2015.xls,MARZO
2015,3,2015-03,Fgl Granada-Jaen,FGL GRANADA-JAEN,Granada,59680,852,0,03.Marzo-Definitivo-2015.xls,MARZO
2015,3,2015-03,Fuerteventura,FUERTEVENTURA,Las Palmas,418998,3175,85799,03.Marzo-Definitivo-2015.xls,MARZO
2015,3,2015-03,Girona,GIRONA,Girona,69776,1149,3322,03.Marzo-Definitivo-2015.xls,MARZO
2015,3,2015-03,Gran Canaria,GRAN CANARIA,Las Palmas,1007858,9204,1648355,03.Marzo-Definitivo-2015.xls,MARZO
2015,3,2015-03,Huesca-Pirineos,HUESCA-PIRINEOS,Huesca,0,104,0,03.Marzo-Definitivo-2015.xls,MARZO
2015,3,2015-03,Ibiza,IBIZA,Illes Balears,164527,1939,136438,03.Marzo-Definitivo-2015.xls,MARZO
2015,3,2015-03,Jerez De La Frontera,JEREZ DE LA FRONTERA,Cadiz,48496,3362,11,03.Marzo-Definitivo-2015.xls,MARZO
2015,3,2015-03,La Gomera,LA GOMERA,Santa Cruz de Tenerife,2414,156,36,03.Marzo-Definitivo-2015.xls,MARZO
2015,3,2015-03,La Palma,LA PALMA,Santa Cruz de Tenerife,83445,1333,57356,03.Marzo-Definitivo-2015.xls,MARZO
2015,3,2015-03,Lanzarote,LANZAROTE,Las Palmas,516020,4223,171647,03.Marzo-Definitivo-2015.xls,MARZO
2015,3,2015-03,Leon,LEON,Leon,1726,124,0,03.Marzo-Definitivo-2015.xls,MARZO
2015,3,2015-03,Logrono,LOGRONO,La Rioja,1090,113,0,03.Marzo-Definitivo-2015.xls,MARZO
2015,3,2015-03,Madrid-Cuatro Vientos,MADRID-CUATRO VIENTOS,Madrid,343,3524,0,03.Marzo-Definitivo-2015.xls,MARZO
2015,3,2015-03,Malaga-Costa Del Sol,MALAGA-COSTA DEL SOL,Malaga,900453,6965,177218,03.Marzo-Definitivo-2015.xls,MARZO
2015,3,2015-03,Melilla,MELILLA,Melilla,27073,714,11778,03.Marzo-Definitivo-2015.xls,MARZO
2015,3,2015-03,Menorca,MENORCA,Illes Balears,74968,995,139960,03.Marzo-Definitivo-2015.xls,MARZO
2015,3,2015-03,Murcia-San Javier,MURCIA-SAN JAVIER,Murcia,28563,314,18,03.Marzo-Definitivo-2015.xls,MARZO
2015,3,2015-03,Palma De Mallorca,PALMA DE MALLORCA,Illes Balears,951227,8108,870641,03.Marzo-Definitivo-2015.xls,MARZO
2015,3,2015-03,Pamplona,PAMPLONA,Navarra,11931,407,0,03.Marzo-Definitivo-2015.xls,MARZO
2015,3,2015-03,Reus,REUS,Tarragona,10511,688,0,03.Marzo-Definitivo-2015.xls,MARZO
2015,3,2015-03,Sabadell,SABADELL,Barcelona,301,2269,0,03.Marzo-Definitivo-2015.xls,MARZO
2015,3,2015-03,Salamanca,SALAMANCA,Salamanca,1710,701,0,03.Marzo-Definitivo-2015.xls,MARZO
2015,3,2015-03,San Sebastian,SAN SEBASTIAN,Gipuzkoa,20850,529,313,03.Marzo-Definitivo-2015.xls,MARZO
2015,3,2015-03,Santiago,SANTIAGO,A Coruna,157723,1504,188862,03.Marzo-Definitivo-2015.xls,MARZO
2015,3,2015-03,Seve Ballesteros-Santander,SEVE BALLESTEROS-SANTANDER,Cantabria,52521,729,0,03.Marzo-Definitivo-2015.xls,MARZO
2015,3,2015-03,Sevilla,SEVILLA,Sevilla,346544,3691,525902,03.Marzo-Definitivo-2015.xls,MARZO
2015,3,2015-03,Son Bonet,SON BONET,Illes Balears,120,697,0,03.Marzo-Definitivo-2015.xls,MARZO
2015,3,2015-03,Tenerife Norte,TENERIFE NORTE,Santa Cruz de Tenerife,292838,4289,1008808,03.Marzo-Definitivo-2015.xls,MARZO
2015,3,2015-03,Tenerife Sur,TENERIFE SUR,Santa Cruz de Tenerife,879148,5589,281613,03.Marzo-Definitivo-2015.xls,MARZO
2015,3,2015-03,Valencia,VALENCIA,Valencia,360249,4457,1163577,03.Marzo-Definitivo-2015.xls,MARZO
2015,3,2015-03,Valladolid,VALLADOLID,Valladolid,15816,351,9271,03.Marzo-Definitivo-2015.xls,MARZO
2015,3,2015-03,Vigo,VIGO,Pontevedra,51710,744,42040,03.Marzo-Definitivo-2015.xls,MARZO
2015,3,2015-03,Vitoria,VITORIA,Alava,192,518,3785808,03.Marzo-Definitivo-2015.xls,MARZO
2015,3,2015-03,Zaragoza,ZARAGOZA,Zaragoza,35852,611,7441597,03.Marzo-Definitivo-2015.xls,MARZO
2016,3,2016-03,A Coruna,A CORUNA,A Coruna,82118,1174,18167,03.Marzo-Definitivo-2016.xls,MARZO 2016
2016,3,2016-03,Adolfo Suarez Madrid-Barajas,ADOLFO SUAREZ MADRID-BARAJAS,Madrid,3989219,30497,34964148,03.Marzo-Definitivo-2016.xls,MARZO 2016
2016,3,2016-03,Albacete,ALBACETE,Albacete,42,15,0,03.Marzo-Definitivo-2016.xls,MARZO 2016
2016,3,2016-03,Algeciras-Helipuerto,ALGECIRAS-HELIPUERTO,Cadiz,10,6,0,03.Marzo-Definitivo-2016.xls,MARZO 2016
2016,3,2016-03,Alicante-Elche,ALICANTE-ELCHE,Alicante,837094,5905,479231,03.Marzo-Definitivo-2016.xls,MARZO 2016
2016,3,2016-03,Almeria,ALMERIA,Almeria,71431,876,316,03.Marzo-Definitivo-2016.xls,MARZO 2016
2016,3,2016-03,Asturias,ASTURIAS,Asturias,96898,879,6002,03.Marzo-Definitivo-2016.xls,MARZO 2016
2016,3,2016-03,Badajoz,BADAJOZ,Badajoz,2690,123,0,03.Marzo-Definitivo-2016.xls,MARZO 2016
2016,3,2016-03,Barcelona-El Prat,BARCELONA-EL PRAT,Barcelona,3301423,23379,11486354,03.Marzo-Definitivo-2016.xls,MARZO 2016
2016,3,2016-03,Bilbao,BILBAO,Bizkaia,359845,3614,249472,03.Marzo-Definitivo-2016.xls,MARZO 2016
2016,3,2016-03,Burgos,BURGOS,Burgos,259,80,0,03.Marzo-Definitivo-2016.xls,MARZO 2016
2016,3,2016-03,Ceuta-Helipuerto,CEUTA-HELIPUERTO,Ceuta,246,78,0,03.Marzo-Definitivo-2016.xls,MARZO 2016
2016,3,2016-03,Cordoba,CORDOBA,Cordoba,568,538,0,03.Marzo-Definitivo-2016.xls,MARZO 2016
2016,3,2016-03,El Hierro,EL HIERRO,Santa Cruz de Tenerife,13292,298,6179,03.Marzo-Definitivo-2016.xls,MARZO 2016
2016,3,2016-03,Fgl Granada-Jaen,FGL GRANADA-JAEN,Granada,68332,924,789,03.Marzo-Definitivo-2016.xls,MARZO 2016
2016,3,2016-03,Fuerteventura,FUERTEVENTURA,Las Palmas,485101,3874,81813,03.Marzo-Definitivo-2016.xls,MARZO 2016
2016,3,2016-03,Girona,GIRONA,Girona,76025,1110,3160,03.Marzo-Definitivo-2016.xls,MARZO 2016
2016,3,2016-03,Gran Canaria,GRAN CANARIA,Las Palmas,1141687,10402,1493665,03.Marzo-Definitivo-2016.xls,MARZO 2016
2016,3,2016-03,Huesca-Pirineos,HUESCA-PIRINEOS,Huesca,2,388,0,03.Marzo-Definitivo-2016.xls,MARZO 2016
2016,3,2016-03,Ibiza,IBIZA,Illes Balears,194460,2610,126305,03.Marzo-Definitivo-2016.xls,MARZO 2016
2016,3,2016-03,Jerez De La Frontera,JEREZ DE LA FRONTERA,Cadiz,56572,3928,0,03.Marzo-Definitivo-2016.xls,MARZO 2016
2016,3,2016-03,La Gomera,LA GOMERA,Santa Cruz de Tenerife,3095,146,54,03.Marzo-Definitivo-2016.xls,MARZO 2016
2016,3,2016-03,La Palma,LA PALMA,Santa Cruz de Tenerife,98283,1404,47981,03.Marzo-Definitivo-2016.xls,MARZO 2016
2016,3,2016-03,Lanzarote,LANZAROTE,Las Palmas,563579,4678,153185,03.Marzo-Definitivo-2016.xls,MARZO 2016
2016,3,2016-03,Leon,LEON,Leon,2027,132,0,03.Marzo-Definitivo-2016.xls,MARZO 2016
2016,3,2016-03,Logrono,LOGRONO,La Rioja,1584,90,0,03.Marzo-Definitivo-2016.xls,MARZO 2016
2016,3,2016-03,Madrid-Cuatro Vientos,MADRID-CUATRO VIENTOS,Madrid,177,3186,0,03.Marzo-Definitivo-2016.xls,MARZO 2016
2016,3,2016-03,Malaga-Costa Del Sol,MALAGA-COSTA DEL SOL,Malaga,1096140,8425,161497,03.Marzo-Definitivo-2016.xls,MARZO 2016
2016,3,2016-03,Melilla,MELILLA,Melilla,26075,706,11175,03.Marzo-Definitivo-2016.xls,MARZO 2016
2016,3,2016-03,Menorca,MENORCA,Illes Balears,95554,1495,122963,03.Marzo-Definitivo-2016.xls,MARZO 2016
2016,3,2016-03,Murcia-San Javier,MURCIA-SAN JAVIER,Murcia,51029,445,0,03.Marzo-Definitivo-2016.xls,MARZO 2016
2016,3,2016-03,Palma De Mallorca,PALMA DE MALLORCA,Illes Balears,1199459,10258,766326,03.Marzo-Definitivo-2016.xls,MARZO 2016
2016,3,2016-03,Pamplona,PAMPLONA,Navarra,12034,390,0,03.Marzo-Definitivo-2016.xls,MARZO 2016
2016,3,2016-03,Reus,REUS,Tarragona,11148,758,0,03.Marzo-Definitivo-2016.xls,MARZO 2016
2016,3,2016-03,Sabadell,SABADELL,Barcelona,362,2744,0,03.Marzo-Definitivo-2016.xls,MARZO 2016
2016,3,2016-03,Salamanca,SALAMANCA,Salamanca,2635,711,114,03.Marzo-Definitivo-2016.xls,MARZO 2016
2016,3,2016-03,San Sebastian,SAN SEBASTIAN,Gipuzkoa,20156,502,0,03.Marzo-Definitivo-2016.xls,MARZO 2016
2016,3,2016-03,Santiago,SANTIAGO,A Coruna,197506,1730,191377,03.Marzo-Definitivo-2016.xls,MARZO 2016
2016,3,2016-03,Seve Ballesteros-Santander,SEVE BALLESTEROS-SANTANDER,Cantabria,54785,694,0,03.Marzo-Definitivo-2016.xls,MARZO 2016
2016,3,2016-03,Sevilla,SEVILLA,Sevilla,381706,3768,592857,03.Marzo-Definitivo-2016.xls,MARZO 2016
2016,3,2016-03,Son Bonet,SON BONET,Illes Balears,313,972,0,03.Marzo-Definitivo-2016.xls,MARZO 2016
2016,3,2016-03,Tenerife Norte,TENERIFE NORTE,Santa Cruz de Tenerife,359232,4849,1200905,03.Marzo-Definitivo-2016.xls,MARZO 2016
2016,3,2016-03,Tenerife Sur,TENERIFE SUR,Santa Cruz de Tenerife,956030,5892,236577,03.Marzo-Definitivo-2016.xls,MARZO 2016
2016,3,2016-03,Valencia,VALENCIA,Valencia,421621,4717,1034815,03.Marzo-Definitivo-2016.xls,MARZO 2016
2016,3,2016-03,Valladolid,VALLADOLID,Valladolid,20703,362,4097,03.Marzo-Definitivo-2016.xls,MARZO 2016
2016,3,2016-03,Vigo,VIGO,Pontevedra,71076,832,45635,03.Marzo-Definitivo-2016.xls,MARZO 2016
2016,3,2016-03,Vitoria,VITORIA,Alava,6124,571,4420533,03.Marzo-Definitivo-2016.xls,MARZO 2016
2016,3,2016-03,Zaragoza,ZARAGOZA,Zaragoza,39601,588,8547329,03.Marzo-Definitivo-2016.xls,MARZO 2016
2017,3,2017-03,A Coruna,A CORUNA,A Coruna,94645,1401,12895,03.Marzo_Definitivo_2017.xls,MARZO 2017
2017,3,2017-03,Adolfo Suarez Madrid-Barajas,ADOLFO SUAREZ MADRID-BARAJAS,Madrid,4196923,31405,41316193,03.Marzo_Definitivo_2017.xls,MARZO 2017
2017,3,2017-03,Albacete,ALBACETE,Albacete,35,14,0,03.Marzo_Definitivo_2017.xls,MARZO 2017
2017,3,2017-03,Algeciras-Helipuerto,ALGECIRAS-HELIPUERTO,Cadiz,6,2,0,03.Marzo_Definitivo_2017.xls,MARZO 2017
2017,3,2017-03,Alicante-Elche,ALICANTE-ELCHE,Alicante,907603,6432,654147,03.Marzo_Definitivo_2017.xls,MARZO 2017
2017,3,2017-03,Almeria,ALMERIA,Almeria,65471,894,9,03.Marzo_Definitivo_2017.xls,MARZO 2017
2017,3,2017-03,Asturias,ASTURIAS,Asturias,110483,1002,4622,03.Marzo_Definitivo_2017.xls,MARZO 2017
2017,3,2017-03,Badajoz,BADAJOZ,Badajoz,3408,128,0,03.Marzo_Definitivo_2017.xls,MARZO 2017
2017,3,2017-03,Barcelona-El Prat,BARCELONA-EL PRAT,Barcelona,3466740,24207,13670723,03.Marzo_Definitivo_2017.xls,MARZO 2017
2017,3,2017-03,Bilbao,BILBAO,Bizkaia,372218,3897,282285,03.Marzo_Definitivo_2017.xls,MARZO 2017
2017,3,2017-03,Burgos,BURGOS,Burgos,256,103,0,03.Marzo_Definitivo_2017.xls,MARZO 2017
2017,3,2017-03,Ceuta-Helipuerto,CEUTA-HELIPUERTO,Ceuta,136,36,0,03.Marzo_Definitivo_2017.xls,MARZO 2017
2017,3,2017-03,Cordoba,CORDOBA,Cordoba,619,562,0,03.Marzo_Definitivo_2017.xls,MARZO 2017
2017,3,2017-03,El Hierro,EL HIERRO,Santa Cruz de Tenerife,12670,310,5381,03.Marzo_Definitivo_2017.xls,MARZO 2017
2017,3,2017-03,Fgl Granada-Jaen,FGL GRANADA-JAEN,Granada,70728,906,110,03.Marzo_Definitivo_2017.xls,MARZO 2017
2017,3,2017-03,Fuerteventura,FUERTEVENTURA,Las Palmas,494806,3864,84297,03.Marzo_Definitivo_2017.xls,MARZO 2017
2017,3,2017-03,Girona,GIRONA,Girona,63805,1115,3070,03.Marzo_Definitivo_2017.xls,MARZO 2017
2017,3,2017-03,Gran Canaria,GRAN CANARIA,Las Palmas,1173182,10382,1611665,03.Marzo_Definitivo_2017.xls,MARZO 2017
2017,3,2017-03,Huesca-Pirineos,HUESCA-PIRINEOS,Huesca,11,470,0,03.Marzo_Definitivo_2017.xls,MARZO 2017
2017,3,2017-03,Ibiza,IBIZA,Illes Balears,203036,2566,121235,03.Marzo_Definitivo_2017.xls,MARZO 2017
2017,3,2017-03,Jerez De La Frontera,JEREZ DE LA FRONTERA,Cadiz,59719,4137,226,03.Marzo_Definitivo_2017.xls,MARZO 2017
2017,3,2017-03,La Gomera,LA GOMERA,Santa Cruz de Tenerife,3053,174,109,03.Marzo_Definitivo_2017.xls,MARZO 2017
2017,3,2017-03,La Palma,LA PALMA,Santa Cruz de Tenerife,111554,1534,72346,03.Marzo_Definitivo_2017.xls,MARZO 2017
2017,3,2017-03,Lanzarote,LANZAROTE,Las Palmas,602411,4876,159087,03.Marzo_Definitivo_2017.xls,MARZO 2017
2017,3,2017-03,Leon,LEON,Leon,2391,137,0,03.Marzo_Definitivo_2017.xls,MARZO 2017
2017,3,2017-03,Logrono,LOGRONO,La Rioja,2069,142,0,03.Marzo_Definitivo_2017.xls,MARZO 2017
2017,3,2017-03,Madrid-Cuatro Vientos,MADRID-CUATRO VIENTOS,Madrid,168,3694,0,03.Marzo_Definitivo_2017.xls,MARZO 2017
2017,3,2017-03,Malaga-Costa Del Sol,MALAGA-COSTA DEL SOL,Malaga,1199855,9146,203809,03.Marzo_Definitivo_2017.xls,MARZO 2017
2017,3,2017-03,Melilla,MELILLA,Melilla,25942,659,11922,03.Marzo_Definitivo_2017.xls,MARZO 2017
2017,3,2017-03,Menorca,MENORCA,Illes Balears,101738,1347,91529,03.Marzo_Definitivo_2017.xls,MARZO 2017
2017,3,2017-03,Murcia-San Javier,MURCIA-SAN JAVIER,Murcia,53020,438,0,03.Marzo_Definitivo_2017.xls,MARZO 2017
2017,3,2017-03,Palma De Mallorca,PALMA DE MALLORCA,Illes Balears,1107698,9861,851279,03.Marzo_Definitivo_2017.xls,MARZO 2017
2017,3,2017-03,Pamplona,PAMPLONA,Navarra,13567,451,0,03.Marzo_Definitivo_2017.xls,MARZO 2017
2017,3,2017-03,Reus,REUS,Tarragona,11613,979,0,03.Marzo_Definitivo_2017.xls,MARZO 2017
2017,3,2017-03,Sabadell,SABADELL,Barcelona,339,3576,0,03.Marzo_Definitivo_2017.xls,MARZO 2017
2017,3,2017-03,Salamanca,SALAMANCA,Salamanca,1602,922,0,03.Marzo_Definitivo_2017.xls,MARZO 2017
2017,3,2017-03,San Sebastian,SAN SEBASTIAN,Gipuzkoa,22050,508,380,03.Marzo_Definitivo_2017.xls,MARZO 2017
2017,3,2017-03,Santiago,SANTIAGO,A Coruna,203062,1701,249031,03.Marzo_Definitivo_2017.xls,MARZO 2017
2017,3,2017-03,Seve Ballesteros-Santander,SEVE BALLESTEROS-SANTANDER,Cantabria,62954,854,0,03.Marzo_Definitivo_2017.xls,MARZO 2017
2017,3,2017-03,Sevilla,SEVILLA,Sevilla,419445,3883,674897,03.Marzo_Definitivo_2017.xls,MARZO 2017
2017,3,2017-03,Son Bonet,SON BONET,Illes Balears,86,865,0,03.Marzo_Definitivo_2017.xls,MARZO 2017
2017,3,2017-03,Tenerife Norte,TENERIFE NORTE,Santa Cruz de Tenerife,353727,4887,1412004,03.Marzo_Definitivo_2017.xls,MARZO 2017
2017,3,2017-03,Tenerife Sur,TENERIFE SUR,Santa Cruz de Tenerife,1020773,6408,258113,03.Marzo_Definitivo_2017.xls,MARZO 2017
2017,3,2017-03,Valencia,VALENCIA,Valencia,464526,4903,1373456,03.Marzo_Definitivo_2017.xls,MARZO 2017
2017,3,2017-03,Valladolid,VALLADOLID,Valladolid,18902,345,0,03.Marzo_Definitivo_2017.xls,MARZO 2017
2017,3,2017-03,Vigo,VIGO,Pontevedra,72649,879,40827,03.Marzo_Definitivo_2017.xls,MARZO 2017
2017,3,2017-03,Vitoria,VITORIA,Alava,1666,660,5523791,03.Marzo_Definitivo_2017.xls,MARZO 2017
2017,3,2017-03,Zaragoza,ZARAGOZA,Zaragoza,37472,612,10709224,03.Marzo_Definitivo_2017.xls,MARZO 2017
2018,3,2018-03,A Coruna,A CORUNA,A Coruna,97705,1239,12342,03.Marzo_Definitivo_2018.xls,MARZO 2018
2018,3,2018-03,Adolfo Suarez Madrid-Barajas,ADOLFO SUAREZ MADRID-BARAJAS,Madrid,4582353,32904,46339119,03.Marzo_Definitivo_2018.xls,MARZO 2018
2018,3,2018-03,Albacete,ALBACETE,Albacete,26,11,0,03.Marzo_Definitivo_2018.xls,MARZO 2018
2018,3,2018-03,Algeciras-Helipuerto,ALGECIRAS-HELIPUERTO,Cadiz,2532,236,0,03.Marzo_Definitivo_2018.xls,MARZO 2018
2018,3,2018-03,Alicante-Elche,ALICANTE-ELCHE,Alicante,957857,6735,330443,03.Marzo_Definitivo_2018.xls,MARZO 2018
2018,3,2018-03,Almeria,ALMERIA,Almeria,58208,873,0,03.Marzo_Definitivo_2018.xls,MARZO 2018
2018,3,2018-03,Asturias,ASTURIAS,Asturias,109414,929,5237,03.Marzo_Definitivo_2018.xls,MARZO 2018
2018,3,2018-03,Badajoz,BADAJOZ,Badajoz,4094,119,0,03.Marzo_Definitivo_2018.xls,MARZO 2018
2018,3,2018-03,Barcelona-El Prat J.T.,BARCELONA-EL PRAT J.T.,Barcelona,3834787,25797,14126006,03.Marzo_Definitivo_2018.xls,MARZO 2018
2018,3,2018-03,Bilbao,BILBAO,Bizkaia,406937,3844,88962,03.Marzo_Definitivo_2018.xls,MARZO 2018
2018,3,2018-03,Burgos,BURGOS,Burgos,230,74,0,03.Marzo_Definitivo_2018.xls,MARZO 2018
2018,3,2018-03,Ceuta-Helipuerto,CEUTA-HELIPUERTO,Ceuta,3742,387,0,03.Marzo_Definitivo_2018.xls,MARZO 2018
2018,3,2018-03,Cordoba,CORDOBA,Cordoba,267,298,0,03.Marzo_Definitivo_2018.xls,MARZO 2018
2018,3,2018-03,El Hierro,EL HIERRO,Santa Cruz de Tenerife,19291,396,5009,03.Marzo_Definitivo_2018.xls,MARZO 2018
2018,3,2018-03,Fgl Granada-Jaen,FGL GRANADA-JAEN,Granada,92128,1134,0,03.Marzo_Definitivo_2018.xls,MARZO 2018
2018,3,2018-03,Fuerteventura,FUERTEVENTURA,Las Palmas,557415,4541,74641,03.Marzo_Definitivo_2018.xls,MARZO 2018
2018,3,2018-03,Girona,GIRONA,Girona,72885,929,11929,03.Marzo_Definitivo_2018.xls,MARZO 2018
2018,3,2018-03,Gran Canaria,GRAN CANARIA,Las Palmas,1289307,11896,1548671,03.Marzo_Definitivo_2018.xls,MARZO 2018
2018,3,2018-03,Huesca-Pirineos,HUESCA-PIRINEOS,Huesca,70,747,0,03.Marzo_Definitivo_2018.xls,MARZO 2018
2018,3,2018-03,Ibiza,IBIZA,Illes Balears,270462,3131,112299,03.Marzo_Definitivo_2018.xls,MARZO 2018
2018,3,2018-03,Jerez De La Frontera,JEREZ DE LA FRONTERA,Cadiz,65837,2918,82,03.Marzo_Definitivo_2018.xls,MARZO 2018
2018,3,2018-03,La Gomera,LA GOMERA,Santa Cruz de Tenerife,3880,219,154,03.Marzo_Definitivo_2018.xls,MARZO 2018
2018,3,2018-03,La Palma,LA PALMA,Santa Cruz de Tenerife,127212,1724,59768,03.Marzo_Definitivo_2018.xls,MARZO 2018
2018,3,2018-03,Lanzarote Cesar Manrique,LANZAROTE CESAR MANRIQUE,Las Palmas,652261,5365,141505,03.Marzo_Definitivo_2018.xls,MARZO 2018
2018,3,2018-03,Leon,LEON,Leon,5937,146,0,03.Marzo_Definitivo_2018.xls,MARZO 2018
2018,3,2018-03,Logrono,LOGRONO,La Rioja,1934,92,0,03.Marzo_Definitivo_2018.xls,MARZO 2018
2018,3,2018-03,Madrid-Cuatro Vientos,MADRID-CUATRO VIENTOS,Madrid,191,2478,0,03.Marzo_Definitivo_2018.xls,MARZO 2018
2018,3,2018-03,Malaga-Costa Del Sol,MALAGA-COSTA DEL SOL,Malaga,1294374,9948,163438,03.Marzo_Definitivo_2018.xls,MARZO 2018
2018,3,2018-03,Melilla,MELILLA,Melilla,26498,605,9844,03.Marzo_Definitivo_2018.xls,MARZO 2018
2018,3,2018-03,Menorca,MENORCA,Illes Balears,111314,1401,106860,03.Marzo_Definitivo_2018.xls,MARZO 2018
2018,3,2018-03,Murcia-San Javier,MURCIA-SAN JAVIER,Murcia,62179,520,0,03.Marzo_Definitivo_2018.xls,MARZO 2018
2018,3,2018-03,Palma De Mallorca,PALMA DE MALLORCA,Illes Balears,1270124,11016,799671,03.Marzo_Definitivo_2018.xls,MARZO 2018
2018,3,2018-03,Pamplona,PAMPLONA,Navarra,17042,442,2180,03.Marzo_Definitivo_2018.xls,MARZO 2018
2018,3,2018-03,Reus,REUS,Tarragona,16428,928,0,03.Marzo_Definitivo_2018.xls,MARZO 2018
2018,3,2018-03,Sabadell,SABADELL,Barcelona,297,3376,0,03.Marzo_Definitivo_2018.xls,MARZO 2018
2018,3,2018-03,Salamanca,SALAMANCA,Salamanca,1485,815,0,03.Marzo_Definitivo_2018.xls,MARZO 2018
2018,3,2018-03,San Sebastian,SAN SEBASTIAN,Gipuzkoa,22824,454,357,03.Marzo_Definitivo_2018.xls,MARZO 2018
2018,3,2018-03,Santiago,SANTIAGO,A Coruna,214111,1687,231843,03.Marzo_Definitivo_2018.xls,MARZO 2018
2018,3,2018-03,Seve Ballesteros-Santander,SEVE BALLESTEROS-SANTANDER,Cantabria,77644,819,0,03.Marzo_Definitivo_2018.xls,MARZO 2018
2018,3,2018-03,Sevilla,SEVILLA,Sevilla,530032,4620,1213707,03.Marzo_Definitivo_2018.xls,MARZO 2018
2018,3,2018-03,Son Bonet,SON BONET,Illes Balears,54,668,0,03.Marzo_Definitivo_2018.xls,MARZO 2018
2018,3,2018-03,Tenerife Norte,TENERIFE NORTE,Santa Cruz de Tenerife,432355,5931,1281657,03.Marzo_Definitivo_2018.xls,MARZO 2018
2018,3,2018-03,Tenerife Sur,TENERIFE SUR,Santa Cruz de Tenerife,1057384,6500,227846,03.Marzo_Definitivo_2018.xls,MARZO 2018
2018,3,2018-03,Valencia,VALENCIA,Valencia,597146,5849,1193658,03.Marzo_Definitivo_2018.xls,MARZO 2018
2018,3,2018-03,Valladolid,VALLADOLID,Valladolid,22133,306,1010,03.Marzo_Definitivo_2018.xls,MARZO 2018
2018,3,2018-03,Vigo,VIGO,Pontevedra,84121,945,50867,03.Marzo_Definitivo_2018.xls,MARZO 2018
2018,3,2018-03,Vitoria,VITORIA,Alava,13905,757,5440238,03.Marzo_Definitivo_2018.xls,MARZO 2018
2018,3,2018-03,Zaragoza,ZARAGOZA,Zaragoza,35255,659,13936894,03.Marzo_Definitivo_2018.xls,MARZO 2018
2019,3,2019-03,A Coruna,A CORUNA,A Coruna,108767,1380,13048,03.Marzo_Definitivo_2019.xls,MARZO 2019
2019,3,2019-03,Adolfo Suarez Madrid-Barajas,ADOLFO SUAREZ MADRID-BARAJAS,Madrid,4907489,34258,48778585,03.Marzo_Definitivo_2019.xls,MARZO 2019
2019,3,2019-03,Aeropuerto Intl. Region Murcia,AEROPUERTO INTL. REGION MURCIA,Murcia,56260,418,0,03.Marzo_Definitivo_2019.xls,MARZO 2019
2019,3,2019-03,Albacete,ALBACETE,Albacete,46,28,0,03.Marzo_Definitivo_2019.xls,MARZO 2019
2019,3,2019-03,Algeciras-Helipuerto,ALGECIRAS-HELIPUERTO,Cadiz,3629,314,0,03.Marzo_Definitivo_2019.xls,MARZO 2019
2019,3,2019-03,Alicante-Elche,ALICANTE-ELCHE,Alicante,996439,6768,334603,03.Marzo_Definitivo_2019.xls,MARZO 2019
2019,3,2019-03,Almeria,ALMERIA,Almeria,55031,819,0,03.Marzo_Definitivo_2019.xls,MARZO 2019
2019,3,2019-03,Asturias,ASTURIAS,Asturias,110794,1080,5083,03.Marzo_Definitivo_2019.xls,MARZO 2019
2019,3,2019-03,Badajoz,BADAJOZ,Badajoz,6928,235,0,03.Marzo_Definitivo_2019.xls,MARZO 2019
2019,3,2019-03,Barcelona-El Prat J.T.,BARCELONA-EL PRAT J.T.,Barcelona,3967540,25966,15801602,03.Marzo_Definitivo_2019.xls,MARZO 2019
2019,3,2019-03,Bilbao,BILBAO,Bizkaia,441745,4007,94548,03.Marzo_Definitivo_2019.xls,MARZO 2019
2019,3,2019-03,Burgos,BURGOS,Burgos,1851,342,22425,03.Marzo_Definitivo_2019.xls,MARZO 2019
2019,3,2019-03,Ceuta-Helipuerto,CEUTA-HELIPUERTO,Ceuta,6637,604,0,03.Marzo_Definitivo_2019.xls,MARZO 2019
2019,3,2019-03,Cordoba,CORDOBA,Cordoba,942,882,0,03.Marzo_Definitivo_2019.xls,MARZO 2019
2019,3,2019-03,El Hierro,EL HIERRO,Santa Cruz de Tenerife,19983,410,5350,03.Marzo_Definitivo_2019.xls,MARZO 2019
2019,3,2019-03,Fgl Granada-Jaen,FGL GRANADA-JAEN,Granada,109191,1233,0,03.Marzo_Definitivo_2019.xls,MARZO 2019
2019,3,2019-03,Fuerteventura,FUERTEVENTURA,Las Palmas,509814,4112,63391,03.Marzo_Definitivo_2019.xls,MARZO 2019
2019,3,2019-03,Girona-Costa Brava,GIRONA-COSTA BRAVA,Girona,40173,586,1485,03.Marzo_Definitivo_2019.xls,MARZO 2019
2019,3,2019-03,Gran Canaria,GRAN CANARIA,Las Palmas,1304061,11873,1618627,03.Marzo_Definitivo_2019.xls,MARZO 2019
2019,3,2019-03,Huesca-Pirineos,HUESCA-PIRINEOS,Huesca,114,1024,0,03.Marzo_Definitivo_2019.xls,MARZO 2019
2019,3,2019-03,Ibiza,IBIZA,Illes Balears,240090,2636,103600,03.Marzo_Definitivo_2019.xls,MARZO 2019
2019,3,2019-03,Jerez De La Frontera,JEREZ DE LA FRONTERA,Cadiz,75668,4495,1,03.Marzo_Definitivo_2019.xls,MARZO 2019
2019,3,2019-03,La Gomera,LA GOMERA,Santa Cruz de Tenerife,5244,194,201,03.Marzo_Definitivo_2019.xls,MARZO 2019
2019,3,2019-03,La Palma,LA PALMA,Santa Cruz de Tenerife,137132,2155,45399,03.Marzo_Definitivo_2019.xls,MARZO 2019
2019,3,2019-03,Lanzarote-Cesar Manrique,LANZAROTE-CESAR MANRIQUE,Las Palmas,669084,5435,130005,03.Marzo_Definitivo_2019.xls,MARZO 2019
2019,3,2019-03,Leon,LEON,Leon,6130,260,0,03.Marzo_Definitivo_2019.xls,MARZO 2019
2019,3,2019-03,Logrono,LOGRONO,La Rioja,1932,116,0,03.Marzo_Definitivo_2019.xls,MARZO 2019
2019,3,2019-03,Madrid-Cuatro Vientos,MADRID-CUATRO VIENTOS,Madrid,386,4569,0,03.Marzo_Definitivo_2019.xls,MARZO 2019
2019,3,2019-03,Malaga-Costa Del Sol,MALAGA-COSTA DEL SOL,Malaga,1353135,9788,221875,03.Marzo_Definitivo_2019.xls,MARZO 2019
2019,3,2019-03,Melilla,MELILLA,Melilla,30542,658,10035,03.Marzo_Definitivo_2019.xls,MARZO 2019
2019,3,2019-03,Menorca,MENORCA,Illes Balears,107123,1294,88360,03.Marzo_Definitivo_2019.xls,MARZO 2019
2019,3,2019-03,Murcia-San Javier,MURCIA-SAN JAVIER,Murcia,0,0,0,03.Marzo_Definitivo_2019.xls,MARZO 2019
2019,3,2019-03,Palma De Mallorca,PALMA DE MALLORCA,Illes Balears,1301515,10437,732097,03.Marzo_Definitivo_2019.xls,MARZO 2019
2019,3,2019-03,Pamplona,PAMPLONA,Navarra,17779,516,158,03.Marzo_Definitivo_2019.xls,MARZO 2019
2019,3,2019-03,Reus,REUS,Tarragona,4782,1155,0,03.Marzo_Definitivo_2019.xls,MARZO 2019
2019,3,2019-03,Sabadell,SABADELL,Barcelona,396,4220,0,03.Marzo_Definitivo_2019.xls,MARZO 2019
2019,3,2019-03,Salamanca,SALAMANCA,Salamanca,2338,1096,0,03.Marzo_Definitivo_2019.xls,MARZO 2019
2019,3,2019-03,San Sebastian,SAN SEBASTIAN,Gipuzkoa,25120,572,3,03.Marzo_Definitivo_2019.xls,MARZO 2019
2019,3,2019-03,Santiago-Rosalia De Castro,SANTIAGO-ROSALIA DE CASTRO,A Coruna,211529,1706,273214,03.Marzo_Definitivo_2019.xls,MARZO 2019
2019,3,2019-03,Seve Ballesteros-Santander,SEVE BALLESTEROS-SANTANDER,Cantabria,89789,887,122,03.Marzo_Definitivo_2019.xls,MARZO 2019
2019,3,2019-03,Sevilla,SEVILLA,Sevilla,641110,5480,690085,03.Marzo_Definitivo_2019.xls,MARZO 2019
2019,3,2019-03,Son Bonet,SON BONET,Illes Balears,280,988,0,03.Marzo_Definitivo_2019.xls,MARZO 2019
2019,3,2019-03,Tenerife Norte-C. La Laguna,TENERIFE NORTE-C. LA LAGUNA,Santa Cruz de Tenerife,468125,6289,1284349,03.Marzo_Definitivo_2019.xls,MARZO 2019
2019,3,2019-03,Tenerife-Sur,TENERIFE-SUR,Santa Cruz de Tenerife,1107634,6808,253121,03.Marzo_Definitivo_2019.xls,MARZO 2019
2019,3,2019-03,Valencia,VALENCIA,Valencia,668421,6088,1134119,03.Marzo_Definitivo_2019.xls,MARZO 2019
2019,3,2019-03,Valladolid,VALLADOLID,Valladolid,22544,481,3360,03.Marzo_Definitivo_2019.xls,MARZO 2019
2019,3,2019-03,Vigo,VIGO,Pontevedra,84812,940,46773,03.Marzo_Definitivo_2019.xls,MARZO 2019
2019,3,2019-03,Vitoria,VITORIA,Alava,11525,892,5414557,03.Marzo_Definitivo_2019.xls,MARZO 2019
2019,3,2019-03,Zaragoza,ZARAGOZA,Zaragoza,35007,706,17327556,03.Marzo_Definitivo_2019.xls,MARZO 2019
2020,3,2020-03,A Coruna,A CORUNA,A Coruna,44475,806,9846,03.Marzo_Definitivo_2020.xls,MARZO 2020
2020,3,2020-03,Adolfo Suarez Madrid-Barajas,ADOLFO SUAREZ MADRID-BARAJAS,Madrid,1975300,19837,36358573,03.Marzo_Definitivo_2020.xls,MARZO 2020
2020,3,2020-03,Aeropuerto Intl. Region Murcia,AEROPUERTO INTL. REGION MURCIA,Murcia,19150,191,0,03.Marzo_Definitivo_2020.xls,MARZO 2020
2020,3,2020-03,Albacete,ALBACETE,Albacete,16,8,0,03.Marzo_Definitivo_2020.xls,MARZO 2020
2020,3,2020-03,Algeciras-Helipuerto,ALGECIRAS-HELIPUERTO,Cadiz,1679,186,0,03.Marzo_Definitivo_2020.xls,MARZO 2020
2020,3,2020-03,Alicante-Elche Miguel Hdez.,ALICANTE-ELCHE MIGUEL HDEZ.,Alicante,473098,4402,283765,03.Marzo_Definitivo_2020.xls,MARZO 2020
2020,3,2020-03,Almeria,ALMERIA,Almeria,20776,472,0,03.Marzo_Definitivo_2020.xls,MARZO 2020
2020,3,2020-03,Asturias,ASTURIAS,Asturias,40699,549,1678,03.Marzo_Definitivo_2020.xls,MARZO 2020
2020,3,2020-03,Badajoz,BADAJOZ,Badajoz,3182,127,0,03.Marzo_Definitivo_2020.xls,MARZO 2020
2020,3,2020-03,Barcelona-El Prat J.T.,BARCELONA-EL PRAT J.T.,Barcelona,1417147,13846,10014432,03.Marzo_Definitivo_2020.xls,MARZO 2020
2020,3,2020-03,Bilbao,BILBAO,Bizkaia,173095,2304,36895,03.Marzo_Definitivo_2020.xls,MARZO 2020
2020,3,2020-03,Burgos,BURGOS,Burgos,1684,453,0,03.Marzo_Definitivo_2020.xls,MARZO 2020
2020,3,2020-03,Ceuta-Helipuerto,CEUTA-HELIPUERTO,Ceuta,3206,405,0,03.Marzo_Definitivo_2020.xls,MARZO 2020
2020,3,2020-03,Cordoba,CORDOBA,Cordoba,568,486,0,03.Marzo_Definitivo_2020.xls,MARZO 2020
2020,3,2020-03,El Hierro,EL HIERRO,Santa Cruz de Tenerife,9855,300,4723,03.Marzo_Definitivo_2020.xls,MARZO 2020
2020,3,2020-03,Fgl Granada-Jaen,FGL GRANADA-JAEN,Granada,40942,687,0,03.Marzo_Definitivo_2020.xls,MARZO 2020
2020,3,2020-03,Fuerteventura,FUERTEVENTURA,Las Palmas,253725,2582,39743,03.Marzo_Definitivo_2020.xls,MARZO 2020
2020,3,2020-03,Girona-Costa Brava,GIRONA-COSTA BRAVA,Girona,12753,515,24742,03.Marzo_Definitivo_2020.xls,MARZO 2020
2020,3,2020-03,Gran Canaria,GRAN CANARIA,Las Palmas,586157,7034,1116298,03.Marzo_Definitivo_2020.xls,MARZO 2020
2020,3,2020-03,Huesca-Pirineos,HUESCA-PIRINEOS,Huesca,0,326,0,03.Marzo_Definitivo_2020.xls,MARZO 2020
2020,3,2020-03,Ibiza,IBIZA,Illes Balears,99738,1558,73230,03.Marzo_Definitivo_2020.xls,MARZO 2020
2020,3,2020-03,Jerez De La Frontera,JEREZ DE LA FRONTERA,Cadiz,24833,2253,0,03.Marzo_Definitivo_2020.xls,MARZO 2020
2020,3,2020-03,La Gomera,LA GOMERA,Santa Cruz de Tenerife,2458,122,126,03.Marzo_Definitivo_2020.xls,MARZO 2020
2020,3,2020-03,La Palma,LA PALMA,Santa Cruz de Tenerife,61764,1113,31456,03.Marzo_Definitivo_2020.xls,MARZO 2020
2020,3,2020-03,Lanzarote-Cesar Manrique,LANZAROTE-CESAR MANRIQUE,Las Palmas,302605,3125,75355,03.Marzo_Definitivo_2020.xls,MARZO 2020
2020,3,2020-03,Leon,LEON,Leon,2605,88,0,03.Marzo_Definitivo_2020.xls,MARZO 2020
2020,3,2020-03,Logrono,LOGRONO,La Rioja,414,72,0,03.Marzo_Definitivo_2020.xls,MARZO 2020
2020,3,2020-03,Madrid-Cuatro Vientos,MADRID-CUATRO VIENTOS,Madrid,131,1767,0,03.Marzo_Definitivo_2020.xls,MARZO 2020
2020,3,2020-03,Malaga-Costa Del Sol,MALAGA-COSTA DEL SOL,Malaga,613215,6288,127242,03.Marzo_Definitivo_2020.xls,MARZO 2020
2020,3,2020-03,Melilla,MELILLA,Melilla,15630,457,4213,03.Marzo_Definitivo_2020.xls,MARZO 2020
2020,3,2020-03,Menorca,MENORCA,Illes Balears,47750,789,91311,03.Marzo_Definitivo_2020.xls,MARZO 2020
2020,3,2020-03,Palma De Mallorca,PALMA DE MALLORCA,Illes Balears,517286,5872,504237,03.Marzo_Definitivo_2020.xls,MARZO 2020
2020,3,2020-03,Pamplona,PAMPLONA,Navarra,9247,221,7,03.Marzo_Definitivo_2020.xls,MARZO 2020
2020,3,2020-03,Reus,REUS,Tarragona,1301,368,0,03.Marzo_Definitivo_2020.xls,MARZO 2020
2020,3,2020-03,Sabadell,SABADELL,Barcelona,95,1634,0,03.Marzo_Definitivo_2020.xls,MARZO 2020
2020,3,2020-03,Salamanca,SALAMANCA,Salamanca,191,345,0,03.Marzo_Definitivo_2020.xls,MARZO 2020
2020,3,2020-03,San Sebastian,SAN SEBASTIAN,Gipuzkoa,8853,245,0,03.Marzo_Definitivo_2020.xls,MARZO 2020
2020,3,2020-03,Santiago-Rosalia De Castro,SANTIAGO-ROSALIA DE CASTRO,A Coruna,77938,830,228946,03.Marzo_Definitivo_2020.xls,MARZO 2020
2020,3,2020-03,Seve Ballesteros-Santander,SEVE BALLESTEROS-SANTANDER,Cantabria,32350,427,0,03.Marzo_Definitivo_2020.xls,MARZO 2020
2020,3,2020-03,Sevilla,SEVILLA,Sevilla,257189,3238,784108,03.Marzo_Definitivo_2020.xls,MARZO 2020
2020,3,2020-03,Son Bonet,SON BONET,Illes Balears,97,290,0,03.Marzo_Definitivo_2020.xls,MARZO 2020
2020,3,2020-03,Tenerife Norte-C. La Laguna,TENERIFE NORTE-C. LA LAGUNA,Santa Cruz de Tenerife,208467,3709,849743,03.Marzo_Definitivo_2020.xls,MARZO 2020
2020,3,2020-03,Tenerife-Sur,TENERIFE-SUR,Santa Cruz de Tenerife,478282,4164,93246,03.Marzo_Definitivo_2020.xls,MARZO 2020
2020,3,2020-03,Valencia,VALENCIA,Valencia,236549,3322,989559,03.Marzo_Definitivo_2020.xls,MARZO 2020
2020,3,2020-03,Valladolid,VALLADOLID,Valladolid,6643,183,0,03.Marzo_Definitivo_2020.xls,MARZO 2020
2020,3,2020-03,Vigo,VIGO,Pontevedra,28811,512,14189,03.Marzo_Definitivo_2020.xls,MARZO 2020
2020,3,2020-03,Vitoria,VITORIA,Alava,1719,702,5167162,03.Marzo_Definitivo_2020.xls,MARZO 2020
2020,3,2020-03,Zaragoza,ZARAGOZA,Zaragoza,14419,426,10292523,03.Marzo_Definitivo_2020.xls,MARZO 2020
2021,3,2021-03,A Coruna,A CORUNA,A Coruna,23856,891,7091,03_Marzo_Definitivo_2021.xls,MARZO 2021
2021,3,2021-03,Adolfo Suarez Madrid-Barajas,ADOLFO SUAREZ MADRID-BARAJAS,Madrid,971450,11417,42655802,03_Marzo_Definitivo_2021.xls,MARZO 2021
2021,3,2021-03,Aeropuerto Intl. Region Murcia,AEROPUERTO INTL. REGION MURCIA,Murcia,1438,57,0,03_Marzo_Definitivo_2021.xls,MARZO 2021
2021,3,2021-03,Albacete,ALBACETE,Albacete,237,87,0,03_Marzo_Definitivo_2021.xls,MARZO 2021
2021,3,2021-03,Algeciras-Helipuerto,ALGECIRAS-HELIPUERTO,Cadiz,2793,258,0,03_Marzo_Definitivo_2021.xls,MARZO 2021
2021,3,2021-03,Alicante-Elche Miguel Hdez.,ALICANTE-ELCHE MIGUEL HDEZ.,Alicante,61938,931,330317,03_Marzo_Definitivo_2021.xls,MARZO 2021
2021,3,2021-03,Almeria,ALMERIA,Almeria,9985,593,0,03_Marzo_Definitivo_2021.xls,MARZO 2021
2021,3,2021-03,Asturias,ASTURIAS,Asturias,14950,316,79,03_Marzo_Definitivo_2021.xls,MARZO 2021
2021,3,2021-03,Badajoz,BADAJOZ,Badajoz,1944,114,0,03_Marzo_Definitivo_2021.xls,MARZO 2021
2021,3,2021-03,Barcelona-El Prat J.T.,BARCELONA-EL PRAT J.T.,Barcelona,423642,5293,11234648,03_Marzo_Definitivo_2021.xls,MARZO 2021
2021,3,2021-03,Bilbao,BILBAO,Bizkaia,53354,959,37731,03_Marzo_Definitivo_2021.xls,MARZO 2021
2021,3,2021-03,Burgos,BURGOS,Burgos,471,1806,0,03_Marzo_Definitivo_2021.xls,MARZO 2021
2021,3,2021-03,Ceuta-Helipuerto,CEUTA-HELIPUERTO,Ceuta,4842,549,0,03_Marzo_Definitivo_2021.xls,MARZO 2021
2021,3,2021-03,Cordoba,CORDOBA,Cordoba,201,1166,0,03_Marzo_Definitivo_2021.xls,MARZO 2021
2021,3,2021-03,El Hierro,EL HIERRO,Santa Cruz de Tenerife,15263,366,4935,03_Marzo_Definitivo_2021.xls,MARZO 2021
2021,3,2021-03,Fgl Granada-Jaen,FGL GRANADA-JAEN,Granada,15441,704,0,03_Marzo_Definitivo_2021.xls,MARZO 2021
2021,3,2021-03,Fuerteventura,FUERTEVENTURA,Las Palmas,102232,1508,26213,03_Marzo_Definitivo_2021.xls,MARZO 2021
2021,3,2021-03,Girona-Costa Brava,GIRONA-COSTA BRAVA,Girona,565,806,1890,03_Marzo_Definitivo_2021.xls,MARZO 2021
2021,3,2021-03,Gran Canaria,GRAN CANARIA,Las Palmas,275659,4607,1271460,03_Marzo_Definitivo_2021.xls,MARZO 2021
2021,3,2021-03,Huesca-Pirineos,HUESCA-PIRINEOS,Huesca,45,272,0,03_Marzo_Definitivo_2021.xls,MARZO 2021
2021,3,2021-03,Ibiza,IBIZA,Illes Balears,65989,1387,79077,03_Marzo_Definitivo_2021.xls,MARZO 2021
2021,3,2021-03,Jerez De La Frontera,JEREZ DE LA FRONTERA,Cadiz,7840,4369,0,03_Marzo_Definitivo_2021.xls,MARZO 2021
2021,3,2021-03,La Gomera,LA GOMERA,Santa Cruz de Tenerife,5272,180,98,03_Marzo_Definitivo_2021.xls,MARZO 2021
2021,3,2021-03,La Palma,LA PALMA,Santa Cruz de Tenerife,52754,990,29253,03_Marzo_Definitivo_2021.xls,MARZO 2021
2021,3,2021-03,Lanzarote-Cesar Manrique,LANZAROTE-CESAR MANRIQUE,Las Palmas,84980,1598,36732,03_Marzo_Definitivo_2021.xls,MARZO 2021
2021,3,2021-03,Leon,LEON,Leon,983,278,0,03_Marzo_Definitivo_2021.xls,MARZO 2021
2021,3,2021-03,Logrono,LOGRONO,La Rioja,237,78,0,03_Marzo_Definitivo_2021.xls,MARZO 2021
2021,3,2021-03,Madrid-Cuatro Vientos,MADRID-CUATRO VIENTOS,Madrid,250,6241,0,03_Marzo_Definitivo_2021.xls,MARZO 2021
2021,3,2021-03,Malaga-Costa Del Sol,MALAGA-COSTA DEL SOL,Malaga,166889,3015,67672,03_Marzo_Definitivo_2021.xls,MARZO 2021
2021,3,2021-03,Melilla,MELILLA,Melilla,23867,526,138,03_Marzo_Definitivo_2021.xls,MARZO 2021
2021,3,2021-03,Menorca,MENORCA,Illes Balears,36868,722,71041,03_Marzo_Definitivo_2021.xls,MARZO 2021
2021,3,2021-03,Palma De Mallorca,PALMA DE MALLORCA,Illes Balears,272193,4365,525711,03_Marzo_Definitivo_2021.xls,MARZO 2021
2021,3,2021-03,Pamplona,PAMPLONA,Navarra,5321,456,34,03_Marzo_Definitivo_2021.xls,MARZO 2021
2021,3,2021-03,Reus,REUS,Tarragona,562,1575,0,03_Marzo_Definitivo_2021.xls,MARZO 2021
2021,3,2021-03,Sabadell,SABADELL,Barcelona,361,5155,0,03_Marzo_Definitivo_2021.xls,MARZO 2021
2021,3,2021-03,Salamanca,SALAMANCA,Salamanca,320,804,0,03_Marzo_Definitivo_2021.xls,MARZO 2021
2021,3,2021-03,San Sebastian,SAN SEBASTIAN,Gipuzkoa,4178,140,0,03_Marzo_Definitivo_2021.xls,MARZO 2021
2021,3,2021-03,Santiago-Rosalia De Castro,SANTIAGO-ROSALIA DE CASTRO,A Coruna,22782,455,460768,03_Marzo_Definitivo_2021.xls,MARZO 2021
2021,3,2021-03,Seve Ballesteros-Santander,SEVE BALLESTEROS-SANTANDER,Cantabria,6619,396,0,03_Marzo_Definitivo_2021.xls,MARZO 2021
2021,3,2021-03,Sevilla,SEVILLA,Sevilla,52154,2370,805427,03_Marzo_Definitivo_2021.xls,MARZO 2021
2021,3,2021-03,Son Bonet,SON BONET,Illes Balears,387,1005,0,03_Marzo_Definitivo_2021.xls,MARZO 2021
2021,3,2021-03,Tenerife Norte-C. La Laguna,TENERIFE NORTE-C. LA LAGUNA,Santa Cruz de Tenerife,203298,3573,1163346,03_Marzo_Definitivo_2021.xls,MARZO 2021
2021,3,2021-03,Tenerife-Sur,TENERIFE-SUR,Santa Cruz de Tenerife,103848,1328,36011,03_Marzo_Definitivo_2021.xls,MARZO 2021
2021,3,2021-03,Valencia,VALENCIA,Valencia,71357,2032,1070025,03_Marzo_Definitivo_2021.xls,MARZO 2021
2021,3,2021-03,Valladolid,VALLADOLID,Valladolid,355,372,0,03_Marzo_Definitivo_2021.xls,MARZO 2021
2021,3,2021-03,Vigo,VIGO,Pontevedra,24116,568,83073,03_Marzo_Definitivo_2021.xls,MARZO 2021
2021,3,2021-03,Vitoria,VITORIA,Alava,1307,1021,6853585,03_Marzo_Definitivo_2021.xls,MARZO 2021
2021,3,2021-03,Zaragoza,ZARAGOZA,Zaragoza,3159,565,17996651,03_Marzo_Definitivo_2021.xls,MARZO 2021
2015,4,2015-04,A Coruna,A CORUNA,A Coruna,83656,1228,13077,04.Abril-Definitivo-2015.xls,ABRIL
2015,4,2015-04,Adolfo Suarez Madrid-Barajas,ADOLFO SUAREZ MADRID-BARAJAS,Madrid,3804165,30652,31141972,04.Abril-Definitivo-2015.xls,ABRIL
2015,4,2015-04,Albacete,ALBACETE,Albacete,35,7,0,04.Abril-Definitivo-2015.xls,ABRIL
2015,4,2015-04,Alicante-Elche,ALICANTE-ELCHE,Alicante,924741,6506,242509,04.Abril-Definitivo-2015.xls,ABRIL
2015,4,2015-04,Almeria,ALMERIA,Almeria,61172,881,412,04.Abril-Definitivo-2015.xls,ABRIL
2015,4,2015-04,Asturias,ASTURIAS,Asturias,92221,850,2342,04.Abril-Definitivo-2015.xls,ABRIL
2015,4,2015-04,Badajoz,BADAJOZ,Badajoz,2630,150,0,04.Abril-Definitivo-2015.xls,ABRIL
2015,4,2015-04,Barcelona-El Prat,BARCELONA-EL PRAT,Barcelona,3329318,24926,9201224,04.Abril-Definitivo-2015.xls,ABRIL
2015,4,2015-04,Bilbao,BILBAO,Bizkaia,376026,3845,238313,04.Abril-Definitivo-2015.xls,ABRIL
2015,4,2015-04,Burgos,BURGOS,Burgos,1832,170,0,04.Abril-Definitivo-2015.xls,ABRIL
2015,4,2015-04,Ceuta-Helipuerto,CEUTA-HELIPUERTO,Ceuta,70,17,0,04.Abril-Definitivo-2015.xls,ABRIL
2015,4,2015-04,Cordoba,CORDOBA,Cordoba,463,432,0,04.Abril-Definitivo-2015.xls,ABRIL
2015,4,2015-04,El Hierro,EL HIERRO,Santa Cruz de Tenerife,12406,298,6191,04.Abril-Definitivo-2015.xls,ABRIL
2015,4,2015-04,Fgl Granada-Jaen,FGL GRANADA-JAEN,Granada,62176,960,278,04.Abril-Definitivo-2015.xls,ABRIL
2015,4,2015-04,Fuerteventura,FUERTEVENTURA,Las Palmas,399399,3163,77620,04.Abril-Definitivo-2015.xls,ABRIL
2015,4,2015-04,Girona,GIRONA,Girona,169408,1769,3480,04.Abril-Definitivo-2015.xls,ABRIL
2015,4,2015-04,Gran Canaria,GRAN CANARIA,Las Palmas,871256,8528,1499332,04.Abril-Definitivo-2015.xls,ABRIL
2015,4,2015-04,Huesca-Pirineos,HUESCA-PIRINEOS,Huesca,22,117,0,04.Abril-Definitivo-2015.xls,ABRIL
2015,4,2015-04,Ibiza,IBIZA,Illes Balears,298152,3199,164752,04.Abril-Definitivo-2015.xls,ABRIL
2015,4,2015-04,Jerez De La Frontera,JEREZ DE LA FRONTERA,Cadiz,74519,3888,62,04.Abril-Definitivo-2015.xls,ABRIL
2015,4,2015-04,La Gomera,LA GOMERA,Santa Cruz de Tenerife,3054,144,130,04.Abril-Definitivo-2015.xls,ABRIL
2015,4,2015-04,La Palma,LA PALMA,Santa Cruz de Tenerife,80986,1300,49279,04.Abril-Definitivo-2015.xls,ABRIL
2015,4,2015-04,Lanzarote,LANZAROTE,Las Palmas,504461,4261,142794,04.Abril-Definitivo-2015.xls,ABRIL
2015,4,2015-04,Leon,LEON,Leon,3434,127,0,04.Abril-Definitivo-2015.xls,ABRIL
2015,4,2015-04,Logrono,LOGRONO,La Rioja,1703,129,0,04.Abril-Definitivo-2015.xls,ABRIL
2015,4,2015-04,Madrid-Cuatro Vientos,MADRID-CUATRO VIENTOS,Madrid,234,4009,0,04.Abril-Definitivo-2015.xls,ABRIL
2015,4,2015-04,Malaga-Costa Del Sol,MALAGA-COSTA DEL SOL,Malaga,1294158,9757,175024,04.Abril-Definitivo-2015.xls,ABRIL
2015,4,2015-04,Melilla,MELILLA,Melilla,26639,708,10328,04.Abril-Definitivo-2015.xls,ABRIL
2015,4,2015-04,Menorca,MENORCA,Illes Balears,108619,1319,97910,04.Abril-Definitivo-2015.xls,ABRIL
2015,4,2015-04,Murcia-San Javier,MURCIA-SAN JAVIER,Murcia,113588,869,141,04.Abril-Definitivo-2015.xls,ABRIL
2015,4,2015-04,Palma De Mallorca,PALMA DE MALLORCA,Illes Balears,1741570,13943,958684,04.Abril-Definitivo-2015.xls,ABRIL
2015,4,2015-04,Pamplona,PAMPLONA,Navarra,13787,518,1050,04.Abril-Definitivo-2015.xls,ABRIL
2015,4,2015-04,Reus,REUS,Tarragona,27540,915,0,04.Abril-Definitivo-2015.xls,ABRIL
2015,4,2015-04,Sabadell,SABADELL,Barcelona,312,2309,0,04.Abril-Definitivo-2015.xls,ABRIL
2015,4,2015-04,Salamanca,SALAMANCA,Salamanca,2867,611,0,04.Abril-Definitivo-2015.xls,ABRIL
2015,4,2015-04,San Sebastian,SAN SEBASTIAN,Gipuzkoa,22323,569,384,04.Abril-Definitivo-2015.xls,ABRIL
2015,4,2015-04,Santiago,SANTIAGO,A Coruna,196481,1713,177130,04.Abril-Definitivo-2015.xls,ABRIL
2015,4,2015-04,Seve Ballesteros-Santander,SEVE BALLESTEROS-SANTANDER,Cantabria,83741,1003,251,04.Abril-Definitivo-2015.xls,ABRIL
2015,4,2015-04,Sevilla,SEVILLA,Sevilla,409251,3969,613938,04.Abril-Definitivo-2015.xls,ABRIL
2015,4,2015-04,Son Bonet,SON BONET,Illes Balears,295,1112,0,04.Abril-Definitivo-2015.xls,ABRIL
2015,4,2015-04,Tenerife Norte,TENERIFE NORTE,Santa Cruz de Tenerife,308941,4365,979190,04.Abril-Definitivo-2015.xls,ABRIL
2015,4,2015-04,Tenerife Sur,TENERIFE SUR,Santa Cruz de Tenerife,741576,4881,214726,04.Abril-Definitivo-2015.xls,ABRIL
2015,4,2015-04,Valencia,VALENCIA,Valencia,447485,5192,1074669,04.Abril-Definitivo-2015.xls,ABRIL
2015,4,2015-04,Valladolid,VALLADOLID,Valladolid,19029,352,880,04.Abril-Definitivo-2015.xls,ABRIL
2015,4,2015-04,Vigo,VIGO,Pontevedra,52461,781,37323,04.Abril-Definitivo-2015.xls,ABRIL
2015,4,2015-04,Vitoria,VITORIA,Alava,1056,560,3623953,04.Abril-Definitivo-2015.xls,ABRIL
2015,4,2015-04,Zaragoza,ZARAGOZA,Zaragoza,38966,587,6702473,04.Abril-Definitivo-2015.xls,ABRIL
2016,4,2016-04,A Coruna,A CORUNA,A Coruna,82308,1304,17571,04.Abril-Definitivo-2016.xls,ABRIL 2016
2016,4,2016-04,Adolfo Suarez Madrid-Barajas,ADOLFO SUAREZ MADRID-BARAJAS,Madrid,3937147,30867,34657044,04.Abril-Definitivo-2016.xls,ABRIL 2016
2016,4,2016-04,Albacete,ALBACETE,Albacete,30,11,0,04.Abril-Definitivo-2016.xls,ABRIL 2016
2016,4,2016-04,Algeciras-Helipuerto,ALGECIRAS-HELIPUERTO,Cadiz,10,10,0,04.Abril-Definitivo-2016.xls,ABRIL 2016
2016,4,2016-04,Alicante-Elche,ALICANTE-ELCHE,Alicante,1018755,7335,472657,04.Abril-Definitivo-2016.xls,ABRIL 2016
2016,4,2016-04,Almeria,ALMERIA,Almeria,78829,1037,30063,04.Abril-Definitivo-2016.xls,ABRIL 2016
2016,4,2016-04,Asturias,ASTURIAS,Asturias,101312,948,2804,04.Abril-Definitivo-2016.xls,ABRIL 2016
2016,4,2016-04,Badajoz,BADAJOZ,Badajoz,2765,151,0,04.Abril-Definitivo-2016.xls,ABRIL 2016
2016,4,2016-04,Barcelona-El Prat,BARCELONA-EL PRAT,Barcelona,3622362,26572,12180724,04.Abril-Definitivo-2016.xls,ABRIL 2016
2016,4,2016-04,Bilbao,BILBAO,Bizkaia,375725,3847,261760,04.Abril-Definitivo-2016.xls,ABRIL 2016
2016,4,2016-04,Burgos,BURGOS,Burgos,315,107,0,04.Abril-Definitivo-2016.xls,ABRIL 2016
2016,4,2016-04,Ceuta-Helipuerto,CEUTA-HELIPUERTO,Ceuta,207,65,0,04.Abril-Definitivo-2016.xls,ABRIL 2016
2016,4,2016-04,Cordoba,CORDOBA,Cordoba,606,624,0,04.Abril-Definitivo-2016.xls,ABRIL 2016
2016,4,2016-04,El Hierro,EL HIERRO,Santa Cruz de Tenerife,11118,283,5723,04.Abril-Definitivo-2016.xls,ABRIL 2016
2016,4,2016-04,Fgl Granada-Jaen,FGL GRANADA-JAEN,Granada,65723,892,857,04.Abril-Definitivo-2016.xls,ABRIL 2016
2016,4,2016-04,Fuerteventura,FUERTEVENTURA,Las Palmas,474219,3857,77490,04.Abril-Definitivo-2016.xls,ABRIL 2016
2016,4,2016-04,Girona,GIRONA,Girona,140128,1439,370,04.Abril-Definitivo-2016.xls,ABRIL 2016
2016,4,2016-04,Gran Canaria,GRAN CANARIA,Las Palmas,965501,9415,1611604,04.Abril-Definitivo-2016.xls,ABRIL 2016
2016,4,2016-04,Huesca-Pirineos,HUESCA-PIRINEOS,Huesca,30,353,0,04.Abril-Definitivo-2016.xls,ABRIL 2016
2016,4,2016-04,Ibiza,IBIZA,Illes Balears,341394,3954,150656,04.Abril-Definitivo-2016.xls,ABRIL 2016
2016,4,2016-04,Jerez De La Frontera,JEREZ DE LA FRONTERA,Cadiz,80861,3979,38,04.Abril-Definitivo-2016.xls,ABRIL 2016
2016,4,2016-04,La Gomera,LA GOMERA,Santa Cruz de Tenerife,2693,158,64,04.Abril-Definitivo-2016.xls,ABRIL 2016
2016,4,2016-04,La Palma,LA PALMA,Santa Cruz de Tenerife,88159,1383,56293,04.Abril-Definitivo-2016.xls,ABRIL 2016
2016,4,2016-04,Lanzarote,LANZAROTE,Las Palmas,527642,4501,145195,04.Abril-Definitivo-2016.xls,ABRIL 2016
2016,4,2016-04,Leon,LEON,Leon,2550,106,0,04.Abril-Definitivo-2016.xls,ABRIL 2016
2016,4,2016-04,Logrono,LOGRONO,La Rioja,1285,98,0,04.Abril-Definitivo-2016.xls,ABRIL 2016
2016,4,2016-04,Madrid-Cuatro Vientos,MADRID-CUATRO VIENTOS,Madrid,200,2723,0,04.Abril-Definitivo-2016.xls,ABRIL 2016
2016,4,2016-04,Malaga-Costa Del Sol,MALAGA-COSTA DEL SOL,Malaga,1446131,10536,215798,04.Abril-Definitivo-2016.xls,ABRIL 2016
2016,4,2016-04,Melilla,MELILLA,Melilla,25973,697,11318,04.Abril-Definitivo-2016.xls,ABRIL 2016
2016,4,2016-04,Menorca,MENORCA,Illes Balears,109165,1582,106082,04.Abril-Definitivo-2016.xls,ABRIL 2016
2016,4,2016-04,Murcia-San Javier,MURCIA-SAN JAVIER,Murcia,118058,894,0,04.Abril-Definitivo-2016.xls,ABRIL 2016
2016,4,2016-04,Palma De Mallorca,PALMA DE MALLORCA,Illes Balears,1801447,14239,859069,04.Abril-Definitivo-2016.xls,ABRIL 2016
2016,4,2016-04,Pamplona,PAMPLONA,Navarra,12547,414,0,04.Abril-Definitivo-2016.xls,ABRIL 2016
2016,4,2016-04,Reus,REUS,Tarragona,27692,954,0,04.Abril-Definitivo-2016.xls,ABRIL 2016
2016,4,2016-04,Sabadell,SABADELL,Barcelona,376,2699,0,04.Abril-Definitivo-2016.xls,ABRIL 2016
2016,4,2016-04,Salamanca,SALAMANCA,Salamanca,1616,713,0,04.Abril-Definitivo-2016.xls,ABRIL 2016
2016,4,2016-04,San Sebastian,SAN SEBASTIAN,Gipuzkoa,23247,599,532,04.Abril-Definitivo-2016.xls,ABRIL 2016
2016,4,2016-04,Santiago,SANTIAGO,A Coruna,206207,1757,189213,04.Abril-Definitivo-2016.xls,ABRIL 2016
2016,4,2016-04,Seve Ballesteros-Santander,SEVE BALLESTEROS-SANTANDER,Cantabria,66647,817,499,04.Abril-Definitivo-2016.xls,ABRIL 2016
2016,4,2016-04,Sevilla,SEVILLA,Sevilla,426634,4113,903261,04.Abril-Definitivo-2016.xls,ABRIL 2016
2016,4,2016-04,Son Bonet,SON BONET,Illes Balears,304,1036,0,04.Abril-Definitivo-2016.xls,ABRIL 2016
2016,4,2016-04,Tenerife Norte,TENERIFE NORTE,Santa Cruz de Tenerife,322614,4468,1063732,04.Abril-Definitivo-2016.xls,ABRIL 2016
2016,4,2016-04,Tenerife Sur,TENERIFE SUR,Santa Cruz de Tenerife,874527,5629,198821,04.Abril-Definitivo-2016.xls,ABRIL 2016
2016,4,2016-04,Valencia,VALENCIA,Valencia,468740,5149,1102664,04.Abril-Definitivo-2016.xls,ABRIL 2016
2016,4,2016-04,Valladolid,VALLADOLID,Valladolid,27516,375,3956,04.Abril-Definitivo-2016.xls,ABRIL 2016
2016,4,2016-04,Vigo,VIGO,Pontevedra,74788,894,26127,04.Abril-Definitivo-2016.xls,ABRIL 2016
2016,4,2016-04,Vitoria,VITORIA,Alava,10663,639,4545002,04.Abril-Definitivo-2016.xls,ABRIL 2016
2016,4,2016-04,Zaragoza,ZARAGOZA,Zaragoza,34878,588,9138393,04.Abril-Definitivo-2016.xls,ABRIL 2016
2017,4,2017-04,A Coruna,A CORUNA,A Coruna,92114,1411,14368,04.Abril_Definitivo_2017.xls,ABRIL 2017
2017,4,2017-04,Adolfo Suarez Madrid-Barajas,ADOLFO SUAREZ MADRID-BARAJAS,Madrid,4488410,32022,37546532,04.Abril_Definitivo_2017.xls,ABRIL 2017
2017,4,2017-04,Albacete,ALBACETE,Albacete,17,11,0,04.Abril_Definitivo_2017.xls,ABRIL 2017
2017,4,2017-04,Algeciras-Helipuerto,ALGECIRAS-HELIPUERTO,Cadiz,0,0,0,04.Abril_Definitivo_2017.xls,ABRIL 2017
2017,4,2017-04,Alicante-Elche,ALICANTE-ELCHE,Alicante,1229387,8426,538764,04.Abril_Definitivo_2017.xls,ABRIL 2017
2017,4,2017-04,Almeria,ALMERIA,Almeria,80984,1028,99,04.Abril_Definitivo_2017.xls,ABRIL 2017
2017,4,2017-04,Asturias,ASTURIAS,Asturias,118342,1104,2447,04.Abril_Definitivo_2017.xls,ABRIL 2017
2017,4,2017-04,Badajoz,BADAJOZ,Badajoz,6850,158,0,04.Abril_Definitivo_2017.xls,ABRIL 2017
2017,4,2017-04,Barcelona-El Prat,BARCELONA-EL PRAT,Barcelona,4114128,27619,11780561,04.Abril_Definitivo_2017.xls,ABRIL 2017
2017,4,2017-04,Bilbao,BILBAO,Bizkaia,437592,4163,227295,04.Abril_Definitivo_2017.xls,ABRIL 2017
2017,4,2017-04,Burgos,BURGOS,Burgos,573,204,0,04.Abril_Definitivo_2017.xls,ABRIL 2017
2017,4,2017-04,Ceuta-Helipuerto,CEUTA-HELIPUERTO,Ceuta,66,22,0,04.Abril_Definitivo_2017.xls,ABRIL 2017
2017,4,2017-04,Cordoba,CORDOBA,Cordoba,722,642,0,04.Abril_Definitivo_2017.xls,ABRIL 2017
2017,4,2017-04,El Hierro,EL HIERRO,Santa Cruz de Tenerife,14233,298,5047,04.Abril_Definitivo_2017.xls,ABRIL 2017
2017,4,2017-04,Fgl Granada-Jaen,FGL GRANADA-JAEN,Granada,78460,1026,160,04.Abril_Definitivo_2017.xls,ABRIL 2017
2017,4,2017-04,Fuerteventura,FUERTEVENTURA,Las Palmas,531575,4045,81003,04.Abril_Definitivo_2017.xls,ABRIL 2017
2017,4,2017-04,Girona,GIRONA,Girona,183292,1798,11407,04.Abril_Definitivo_2017.xls,ABRIL 2017
2017,4,2017-04,Gran Canaria,GRAN CANARIA,Las Palmas,1115339,9671,1431390,04.Abril_Definitivo_2017.xls,ABRIL 2017
2017,4,2017-04,Huesca-Pirineos,HUESCA-PIRINEOS,Huesca,40,504,0,04.Abril_Definitivo_2017.xls,ABRIL 2017
2017,4,2017-04,Ibiza,IBIZA,Illes Balears,462261,4532,134196,04.Abril_Definitivo_2017.xls,ABRIL 2017
2017,4,2017-04,Jerez De La Frontera,JEREZ DE LA FRONTERA,Cadiz,86941,3910,0,04.Abril_Definitivo_2017.xls,ABRIL 2017
2017,4,2017-04,La Gomera,LA GOMERA,Santa Cruz de Tenerife,3501,128,224,04.Abril_Definitivo_2017.xls,ABRIL 2017
2017,4,2017-04,La Palma,LA PALMA,Santa Cruz de Tenerife,109568,1437,49817,04.Abril_Definitivo_2017.xls,ABRIL 2017
2017,4,2017-04,Lanzarote,LANZAROTE,Las Palmas,652365,4959,146822,04.Abril_Definitivo_2017.xls,ABRIL 2017
2017,4,2017-04,Leon,LEON,Leon,3634,262,176,04.Abril_Definitivo_2017.xls,ABRIL 2017
2017,4,2017-04,Logrono,LOGRONO,La Rioja,2025,108,0,04.Abril_Definitivo_2017.xls,ABRIL 2017
2017,4,2017-04,Madrid-Cuatro Vientos,MADRID-CUATRO VIENTOS,Madrid,267,4494,0,04.Abril_Definitivo_2017.xls,ABRIL 2017
2017,4,2017-04,Malaga-Costa Del Sol,MALAGA-COSTA DEL SOL,Malaga,1696169,11983,256652,04.Abril_Definitivo_2017.xls,ABRIL 2017
2017,4,2017-04,Melilla,MELILLA,Melilla,26763,659,9014,04.Abril_Definitivo_2017.xls,ABRIL 2017
2017,4,2017-04,Menorca,MENORCA,Illes Balears,154538,1773,86329,04.Abril_Definitivo_2017.xls,ABRIL 2017
2017,4,2017-04,Murcia-San Javier,MURCIA-SAN JAVIER,Murcia,119805,837,0,04.Abril_Definitivo_2017.xls,ABRIL 2017
2017,4,2017-04,Palma De Mallorca,PALMA DE MALLORCA,Illes Balears,2228171,17005,702058,04.Abril_Definitivo_2017.xls,ABRIL 2017
2017,4,2017-04,Pamplona,PAMPLONA,Navarra,14447,519,0,04.Abril_Definitivo_2017.xls,ABRIL 2017
2017,4,2017-04,Reus,REUS,Tarragona,42323,1087,0,04.Abril_Definitivo_2017.xls,ABRIL 2017
2017,4,2017-04,Sabadell,SABADELL,Barcelona,435,3433,0,04.Abril_Definitivo_2017.xls,ABRIL 2017
2017,4,2017-04,Salamanca,SALAMANCA,Salamanca,3077,820,0,04.Abril_Definitivo_2017.xls,ABRIL 2017
2017,4,2017-04,San Sebastian,SAN SEBASTIAN,Gipuzkoa,23308,532,0,04.Abril_Definitivo_2017.xls,ABRIL 2017
2017,4,2017-04,Santiago,SANTIAGO,A Coruna,243388,1972,172663,04.Abril_Definitivo_2017.xls,ABRIL 2017
2017,4,2017-04,Seve Ballesteros-Santander,SEVE BALLESTEROS-SANTANDER,Cantabria,84008,1071,0,04.Abril_Definitivo_2017.xls,ABRIL 2017
2017,4,2017-04,Sevilla,SEVILLA,Sevilla,459104,4042,1097537,04.Abril_Definitivo_2017.xls,ABRIL 2017
2017,4,2017-04,Son Bonet,SON BONET,Illes Balears,145,1003,0,04.Abril_Definitivo_2017.xls,ABRIL 2017
2017,4,2017-04,Tenerife Norte,TENERIFE NORTE,Santa Cruz de Tenerife,379639,4814,1050337,04.Abril_Definitivo_2017.xls,ABRIL 2017
2017,4,2017-04,Tenerife Sur,TENERIFE SUR,Santa Cruz de Tenerife,1005916,6172,204648,04.Abril_Definitivo_2017.xls,ABRIL 2017
2017,4,2017-04,Valencia,VALENCIA,Valencia,561842,5530,988809,04.Abril_Definitivo_2017.xls,ABRIL 2017
2017,4,2017-04,Valladolid,VALLADOLID,Valladolid,25496,508,180,04.Abril_Definitivo_2017.xls,ABRIL 2017
2017,4,2017-04,Vigo,VIGO,Pontevedra,90606,1051,38740,04.Abril_Definitivo_2017.xls,ABRIL 2017
2017,4,2017-04,Vitoria,VITORIA,Alava,11051,637,4218345,04.Abril_Definitivo_2017.xls,ABRIL 2017
2017,4,2017-04,Zaragoza,ZARAGOZA,Zaragoza,42289,634,10704718,04.Abril_Definitivo_2017.xls,ABRIL 2017
2018,4,2018-04,A Coruna,A CORUNA,A Coruna,101566,1540,13238,04.Abril_Definitivo_2018.xls,ABRIL 2018
2018,4,2018-04,Adolfo Suarez Madrid-Barajas,ADOLFO SUAREZ MADRID-BARAJAS,Madrid,4802335,33835,42652213,04.Abril_Definitivo_2018.xls,ABRIL 2018
2018,4,2018-04,Albacete,ALBACETE,Albacete,48,25,0,04.Abril_Definitivo_2018.xls,ABRIL 2018
2018,4,2018-04,Algeciras-Helipuerto,ALGECIRAS-HELIPUERTO,Cadiz,2361,240,0,04.Abril_Definitivo_2018.xls,ABRIL 2018
2018,4,2018-04,Alicante-Elche,ALICANTE-ELCHE,Alicante,1223012,8458,367736,04.Abril_Definitivo_2018.xls,ABRIL 2018
2018,4,2018-04,Almeria,ALMERIA,Almeria,72521,946,1255,04.Abril_Definitivo_2018.xls,ABRIL 2018
2018,4,2018-04,Asturias,ASTURIAS,Asturias,118997,1040,1723,04.Abril_Definitivo_2018.xls,ABRIL 2018
2018,4,2018-04,Badajoz,BADAJOZ,Badajoz,4408,163,0,04.Abril_Definitivo_2018.xls,ABRIL 2018
2018,4,2018-04,Barcelona-El Prat J.T.,BARCELONA-EL PRAT J.T.,Barcelona,4241905,28545,13693033,04.Abril_Definitivo_2018.xls,ABRIL 2018
2018,4,2018-04,Bilbao,BILBAO,Bizkaia,479337,4454,86366,04.Abril_Definitivo_2018.xls,ABRIL 2018
2018,4,2018-04,Burgos,BURGOS,Burgos,286,106,0,04.Abril_Definitivo_2018.xls,ABRIL 2018
2018,4,2018-04,Ceuta-Helipuerto,CEUTA-HELIPUERTO,Ceuta,3842,397,0,04.Abril_Definitivo_2018.xls,ABRIL 2018
2018,4,2018-04,Cordoba,CORDOBA,Cordoba,833,669,0,04.Abril_Definitivo_2018.xls,ABRIL 2018
2018,4,2018-04,El Hierro,EL HIERRO,Santa Cruz de Tenerife,19540,436,5926,04.Abril_Definitivo_2018.xls,ABRIL 2018
2018,4,2018-04,Fgl Granada-Jaen,FGL GRANADA-JAEN,Granada,96843,1191,0,04.Abril_Definitivo_2018.xls,ABRIL 2018
2018,4,2018-04,Fuerteventura,FUERTEVENTURA,Las Palmas,507318,4340,65331,04.Abril_Definitivo_2018.xls,ABRIL 2018
2018,4,2018-04,Girona,GIRONA,Girona,178095,1511,10472,04.Abril_Definitivo_2018.xls,ABRIL 2018
2018,4,2018-04,Gran Canaria,GRAN CANARIA,Las Palmas,1092340,10801,1650467,04.Abril_Definitivo_2018.xls,ABRIL 2018
2018,4,2018-04,Huesca-Pirineos,HUESCA-PIRINEOS,Huesca,8,688,0,04.Abril_Definitivo_2018.xls,ABRIL 2018
2018,4,2018-04,Ibiza,IBIZA,Illes Balears,487313,4855,127967,04.Abril_Definitivo_2018.xls,ABRIL 2018
2018,4,2018-04,Jerez De La Frontera,JEREZ DE LA FRONTERA,Cadiz,101602,4301,24,04.Abril_Definitivo_2018.xls,ABRIL 2018
2018,4,2018-04,La Gomera,LA GOMERA,Santa Cruz de Tenerife,4048,222,169,04.Abril_Definitivo_2018.xls,ABRIL 2018
2018,4,2018-04,La Palma,LA PALMA,Santa Cruz de Tenerife,116281,1893,53742,04.Abril_Definitivo_2018.xls,ABRIL 2018
2018,4,2018-04,Lanzarote Cesar Manrique,LANZAROTE CESAR MANRIQUE,Las Palmas,600312,4926,134902,04.Abril_Definitivo_2018.xls,ABRIL 2018
2018,4,2018-04,Leon,LEON,Leon,7525,280,0,04.Abril_Definitivo_2018.xls,ABRIL 2018
2018,4,2018-04,Logrono,LOGRONO,La Rioja,1959,124,0,04.Abril_Definitivo_2018.xls,ABRIL 2018
2018,4,2018-04,Madrid-Cuatro Vientos,MADRID-CUATRO VIENTOS,Madrid,237,4029,0,04.Abril_Definitivo_2018.xls,ABRIL 2018
2018,4,2018-04,Malaga-Costa Del Sol,MALAGA-COSTA DEL SOL,Malaga,1697759,12311,176632,04.Abril_Definitivo_2018.xls,ABRIL 2018
2018,4,2018-04,Melilla,MELILLA,Melilla,26864,604,10921,04.Abril_Definitivo_2018.xls,ABRIL 2018
2018,4,2018-04,Menorca,MENORCA,Illes Balears,143698,1687,96470,04.Abril_Definitivo_2018.xls,ABRIL 2018
2018,4,2018-04,Murcia-San Javier,MURCIA-SAN JAVIER,Murcia,131336,961,0,04.Abril_Definitivo_2018.xls,ABRIL 2018
2018,4,2018-04,Palma De Mallorca,PALMA DE MALLORCA,Illes Balears,2200689,17166,816552,04.Abril_Definitivo_2018.xls,ABRIL 2018
2018,4,2018-04,Pamplona,PAMPLONA,Navarra,19199,571,270,04.Abril_Definitivo_2018.xls,ABRIL 2018
2018,4,2018-04,Reus,REUS,Tarragona,43750,1274,0,04.Abril_Definitivo_2018.xls,ABRIL 2018
2018,4,2018-04,Sabadell,SABADELL,Barcelona,361,3710,0,04.Abril_Definitivo_2018.xls,ABRIL 2018
2018,4,2018-04,Salamanca,SALAMANCA,Salamanca,2526,915,0,04.Abril_Definitivo_2018.xls,ABRIL 2018
2018,4,2018-04,San Sebastian,SAN SEBASTIAN,Gipuzkoa,25150,562,0,04.Abril_Definitivo_2018.xls,ABRIL 2018
2018,4,2018-04,Santiago,SANTIAGO,A Coruna,232967,1843,257162,04.Abril_Definitivo_2018.xls,ABRIL 2018
2018,4,2018-04,Seve Ballesteros-Santander,SEVE BALLESTEROS-SANTANDER,Cantabria,93701,880,0,04.Abril_Definitivo_2018.xls,ABRIL 2018
2018,4,2018-04,Sevilla,SEVILLA,Sevilla,562143,5002,1471724,04.Abril_Definitivo_2018.xls,ABRIL 2018
2018,4,2018-04,Son Bonet,SON BONET,Illes Balears,117,932,0,04.Abril_Definitivo_2018.xls,ABRIL 2018
2018,4,2018-04,Tenerife Norte,TENERIFE NORTE,Santa Cruz de Tenerife,449616,6088,909574,04.Abril_Definitivo_2018.xls,ABRIL 2018
2018,4,2018-04,Tenerife Sur,TENERIFE SUR,Santa Cruz de Tenerife,894553,5660,197668,04.Abril_Definitivo_2018.xls,ABRIL 2018
2018,4,2018-04,Valencia,VALENCIA,Valencia,665947,6486,1090580,04.Abril_Definitivo_2018.xls,ABRIL 2018
2018,4,2018-04,Valladolid,VALLADOLID,Valladolid,26410,381,2220,04.Abril_Definitivo_2018.xls,ABRIL 2018
2018,4,2018-04,Vigo,VIGO,Pontevedra,98621,1099,48457,04.Abril_Definitivo_2018.xls,ABRIL 2018
2018,4,2018-04,Vitoria,VITORIA,Alava,12017,806,5131992,04.Abril_Definitivo_2018.xls,ABRIL 2018
2018,4,2018-04,Zaragoza,ZARAGOZA,Zaragoza,40035,755,14735865,04.Abril_Definitivo_2018.xls,ABRIL 2018
2019,4,2019-04,A Coruna,A CORUNA,A Coruna,111809,1248,11688,04.Abril_Definitivo_2019.xls,ABRIL 2019
2019,4,2019-04,Adolfo Suarez Madrid-Barajas,ADOLFO SUAREZ MADRID-BARAJAS,Madrid,5052309,34834,44156315,04.Abril_Definitivo_2019.xls,ABRIL 2019
2019,4,2019-04,Aeropuerto Intl. Region Murcia,AEROPUERTO INTL. REGION MURCIA,Murcia,110822,791,0,04.Abril_Definitivo_2019.xls,ABRIL 2019
2019,4,2019-04,Albacete,ALBACETE,Albacete,48,27,0,04.Abril_Definitivo_2019.xls,ABRIL 2019
2019,4,2019-04,Algeciras-Helipuerto,ALGECIRAS-HELIPUERTO,Cadiz,2718,234,0,04.Abril_Definitivo_2019.xls,ABRIL 2019
2019,4,2019-04,Alicante-Elche,ALICANTE-ELCHE,Alicante,1341713,9073,344101,04.Abril_Definitivo_2019.xls,ABRIL 2019
2019,4,2019-04,Almeria,ALMERIA,Almeria,77921,974,0,04.Abril_Definitivo_2019.xls,ABRIL 2019
2019,4,2019-04,Asturias,ASTURIAS,Asturias,118715,1125,2771,04.Abril_Definitivo_2019.xls,ABRIL 2019
2019,4,2019-04,Badajoz,BADAJOZ,Badajoz,6646,230,0,04.Abril_Definitivo_2019.xls,ABRIL 2019
2019,4,2019-04,Barcelona-El Prat J.T.,BARCELONA-EL PRAT J.T.,Barcelona,4522810,29763,13971159,04.Abril_Definitivo_2019.xls,ABRIL 2019
2019,4,2019-04,Bilbao,BILBAO,Bizkaia,526331,4553,93251,04.Abril_Definitivo_2019.xls,ABRIL 2019
2019,4,2019-04,Burgos,BURGOS,Burgos,1753,164,0,04.Abril_Definitivo_2019.xls,ABRIL 2019
2019,4,2019-04,Ceuta-Helipuerto,CEUTA-HELIPUERTO,Ceuta,4942,422,0,04.Abril_Definitivo_2019.xls,ABRIL 2019
2019,4,2019-04,Cordoba,CORDOBA,Cordoba,694,589,0,04.Abril_Definitivo_2019.xls,ABRIL 2019
2019,4,2019-04,El Hierro,EL HIERRO,Santa Cruz de Tenerife,20803,400,5686,04.Abril_Definitivo_2019.xls,ABRIL 2019
2019,4,2019-04,Fgl Granada-Jaen,FGL GRANADA-JAEN,Granada,105141,1049,0,04.Abril_Definitivo_2019.xls,ABRIL 2019
2019,4,2019-04,Fuerteventura,FUERTEVENTURA,Las Palmas,490153,4003,56859,04.Abril_Definitivo_2019.xls,ABRIL 2019
2019,4,2019-04,Girona-Costa Brava,GIRONA-COSTA BRAVA,Girona,175376,1443,1342,04.Abril_Definitivo_2019.xls,ABRIL 2019
2019,4,2019-04,Gran Canaria,GRAN CANARIA,Las Palmas,1103931,10612,1522103,04.Abril_Definitivo_2019.xls,ABRIL 2019
2019,4,2019-04,Huesca-Pirineos,HUESCA-PIRINEOS,Huesca,264,834,0,04.Abril_Definitivo_2019.xls,ABRIL 2019
2019,4,2019-04,Ibiza,IBIZA,Illes Balears,517517,4856,119532,04.Abril_Definitivo_2019.xls,ABRIL 2019
2019,4,2019-04,Jerez De La Frontera,JEREZ DE LA FRONTERA,Cadiz,103586,4323,0,04.Abril_Definitivo_2019.xls,ABRIL 2019
2019,4,2019-04,La Gomera,LA GOMERA,Santa Cruz de Tenerife,5263,204,132,04.Abril_Definitivo_2019.xls,ABRIL 2019
2019,4,2019-04,La Palma,LA PALMA,Santa Cruz de Tenerife,127127,1958,40754,04.Abril_Definitivo_2019.xls,ABRIL 2019
2019,4,2019-04,Lanzarote-Cesar Manrique,LANZAROTE-CESAR MANRIQUE,Las Palmas,629137,5123,124153,04.Abril_Definitivo_2019.xls,ABRIL 2019
2019,4,2019-04,Leon,LEON,Leon,6194,213,0,04.Abril_Definitivo_2019.xls,ABRIL 2019
2019,4,2019-04,Logrono,LOGRONO,La Rioja,2238,124,0,04.Abril_Definitivo_2019.xls,ABRIL 2019
2019,4,2019-04,Madrid-Cuatro Vientos,MADRID-CUATRO VIENTOS,Madrid,261,3159,0,04.Abril_Definitivo_2019.xls,ABRIL 2019
2019,4,2019-04,Malaga-Costa Del Sol,MALAGA-COSTA DEL SOL,Malaga,1827782,13236,174784,04.Abril_Definitivo_2019.xls,ABRIL 2019
2019,4,2019-04,Melilla,MELILLA,Melilla,36423,798,10504,04.Abril_Definitivo_2019.xls,ABRIL 2019
2019,4,2019-04,Menorca,MENORCA,Illes Balears,165900,1856,106597,04.Abril_Definitivo_2019.xls,ABRIL 2019
2019,4,2019-04,Murcia-San Javier,MURCIA-SAN JAVIER,Murcia,0,0,0,04.Abril_Definitivo_2019.xls,ABRIL 2019
2019,4,2019-04,Palma De Mallorca,PALMA DE MALLORCA,Illes Balears,2514286,18980,765229,04.Abril_Definitivo_2019.xls,ABRIL 2019
2019,4,2019-04,Pamplona,PAMPLONA,Navarra,21911,485,305,04.Abril_Definitivo_2019.xls,ABRIL 2019
2019,4,2019-04,Reus,REUS,Tarragona,54356,1233,0,04.Abril_Definitivo_2019.xls,ABRIL 2019
2019,4,2019-04,Sabadell,SABADELL,Barcelona,243,3366,0,04.Abril_Definitivo_2019.xls,ABRIL 2019
2019,4,2019-04,Salamanca,SALAMANCA,Salamanca,3204,629,0,04.Abril_Definitivo_2019.xls,ABRIL 2019
2019,4,2019-04,San Sebastian,SAN SEBASTIAN,Gipuzkoa,27819,522,0,04.Abril_Definitivo_2019.xls,ABRIL 2019
2019,4,2019-04,Santiago-Rosalia De Castro,SANTIAGO-ROSALIA DE CASTRO,A Coruna,253397,1964,270602,04.Abril_Definitivo_2019.xls,ABRIL 2019
2019,4,2019-04,Seve Ballesteros-Santander,SEVE BALLESTEROS-SANTANDER,Cantabria,100807,873,3,04.Abril_Definitivo_2019.xls,ABRIL 2019
2019,4,2019-04,Sevilla,SEVILLA,Sevilla,682786,5680,1093261,04.Abril_Definitivo_2019.xls,ABRIL 2019
2019,4,2019-04,Son Bonet,SON BONET,Illes Balears,279,1016,0,04.Abril_Definitivo_2019.xls,ABRIL 2019
2019,4,2019-04,Tenerife Norte-C. La Laguna,TENERIFE NORTE-C. LA LAGUNA,Santa Cruz de Tenerife,482793,6214,1169672,04.Abril_Definitivo_2019.xls,ABRIL 2019
2019,4,2019-04,Tenerife-Sur,TENERIFE-SUR,Santa Cruz de Tenerife,942771,5828,176475,04.Abril_Definitivo_2019.xls,ABRIL 2019
2019,4,2019-04,Valencia,VALENCIA,Valencia,752055,6523,1170068,04.Abril_Definitivo_2019.xls,ABRIL 2019
2019,4,2019-04,Valladolid,VALLADOLID,Valladolid,24521,422,0,04.Abril_Definitivo_2019.xls,ABRIL 2019
2019,4,2019-04,Vigo,VIGO,Pontevedra,87986,950,47780,04.Abril_Definitivo_2019.xls,ABRIL 2019
2019,4,2019-04,Vitoria,VITORIA,Alava,18424,817,4974087,04.Abril_Definitivo_2019.xls,ABRIL 2019
2019,4,2019-04,Zaragoza,ZARAGOZA,Zaragoza,42210,707,15874297,04.Abril_Definitivo_2019.xls,ABRIL 2019
2020,4,2020-04,A Coruna,A CORUNA,A Coruna,560,104,5346,04.Abril_Definitivo_2020.xls,ABRIL 2020
2020,4,2020-04,Adolfo Suarez Madrid-Barajas,ADOLFO SUAREZ MADRID-BARAJAS,Madrid,46716,2511,18075314,04.Abril_Definitivo_2020.xls,ABRIL 2020
2020,4,2020-04,Aeropuerto Intl. Region Murcia,AEROPUERTO INTL. REGION MURCIA,Murcia,22,18,0,04.Abril_Definitivo_2020.xls,ABRIL 2020
2020,4,2020-04,Albacete,ALBACETE,Albacete,2,2,0,04.Abril_Definitivo_2020.xls,ABRIL 2020
2020,4,2020-04,Algeciras-Helipuerto,ALGECIRAS-HELIPUERTO,Cadiz,449,132,0,04.Abril_Definitivo_2020.xls,ABRIL 2020
2020,4,2020-04,Alicante-Elche Miguel Hdez.,ALICANTE-ELCHE MIGUEL HDEZ.,Alicante,2378,208,201921,04.Abril_Definitivo_2020.xls,ABRIL 2020
2020,4,2020-04,Almeria,ALMERIA,Almeria,234,76,0,04.Abril_Definitivo_2020.xls,ABRIL 2020
2020,4,2020-04,Asturias,ASTURIAS,Asturias,210,35,1018,04.Abril_Definitivo_2020.xls,ABRIL 2020
2020,4,2020-04,Badajoz,BADAJOZ,Badajoz,0,0,0,04.Abril_Definitivo_2020.xls,ABRIL 2020
2020,4,2020-04,Barcelona-El Prat J.T.,BARCELONA-EL PRAT J.T.,Barcelona,25307,1499,4936562,04.Abril_Definitivo_2020.xls,ABRIL 2020
2020,4,2020-04,Bilbao,BILBAO,Bizkaia,1415,248,123,04.Abril_Definitivo_2020.xls,ABRIL 2020
2020,4,2020-04,Burgos,BURGOS,Burgos,122,40,0,04.Abril_Definitivo_2020.xls,ABRIL 2020
2020,4,2020-04,Ceuta-Helipuerto,CEUTA-HELIPUERTO,Ceuta,487,146,0,04.Abril_Definitivo_2020.xls,ABRIL 2020
2020,4,2020-04,Cordoba,CORDOBA,Cordoba,91,60,0,04.Abril_Definitivo_2020.xls,ABRIL 2020
2020,4,2020-04,El Hierro,EL HIERRO,Santa Cruz de Tenerife,746,86,4233,04.Abril_Definitivo_2020.xls,ABRIL 2020
2020,4,2020-04,Fgl Granada-Jaen,FGL GRANADA-JAEN,Granada,371,61,0,04.Abril_Definitivo_2020.xls,ABRIL 2020
2020,4,2020-04,Fuerteventura,FUERTEVENTURA,Las Palmas,3026,224,11040,04.Abril_Definitivo_2020.xls,ABRIL 2020
2020,4,2020-04,Girona-Costa Brava,GIRONA-COSTA BRAVA,Girona,70,70,656,04.Abril_Definitivo_2020.xls,ABRIL 2020
2020,4,2020-04,Gran Canaria,GRAN CANARIA,Las Palmas,15650,1014,599240,04.Abril_Definitivo_2020.xls,ABRIL 2020
2020,4,2020-04,Huesca-Pirineos,HUESCA-PIRINEOS,Huesca,5,11,0,04.Abril_Definitivo_2020.xls,ABRIL 2020
2020,4,2020-04,Ibiza,IBIZA,Illes Balears,2823,303,50142,04.Abril_Definitivo_2020.xls,ABRIL 2020
2020,4,2020-04,Jerez De La Frontera,JEREZ DE LA FRONTERA,Cadiz,157,66,0,04.Abril_Definitivo_2020.xls,ABRIL 2020
2020,4,2020-04,La Gomera,LA GOMERA,Santa Cruz de Tenerife,0,4,0,04.Abril_Definitivo_2020.xls,ABRIL 2020
2020,4,2020-04,La Palma,LA PALMA,Santa Cruz de Tenerife,2205,160,8044,04.Abril_Definitivo_2020.xls,ABRIL 2020
2020,4,2020-04,Lanzarote-Cesar Manrique,LANZAROTE-CESAR MANRIQUE,Las Palmas,3142,224,18355,04.Abril_Definitivo_2020.xls,ABRIL 2020
2020,4,2020-04,Leon,LEON,Leon,16,4,0,04.Abril_Definitivo_2020.xls,ABRIL 2020
2020,4,2020-04,Logrono,LOGRONO,La Rioja,14,8,0,04.Abril_Definitivo_2020.xls,ABRIL 2020
2020,4,2020-04,Madrid-Cuatro Vientos,MADRID-CUATRO VIENTOS,Madrid,1,299,0,04.Abril_Definitivo_2020.xls,ABRIL 2020
2020,4,2020-04,Malaga-Costa Del Sol,MALAGA-COSTA DEL SOL,Malaga,5107,580,80,04.Abril_Definitivo_2020.xls,ABRIL 2020
2020,4,2020-04,Melilla,MELILLA,Melilla,252,110,0,04.Abril_Definitivo_2020.xls,ABRIL 2020
2020,4,2020-04,Menorca,MENORCA,Illes Balears,1503,242,47366,04.Abril_Definitivo_2020.xls,ABRIL 2020
2020,4,2020-04,Palma De Mallorca,PALMA DE MALLORCA,Illes Balears,8955,723,290580,04.Abril_Definitivo_2020.xls,ABRIL 2020
2020,4,2020-04,Pamplona,PAMPLONA,Navarra,3,28,0,04.Abril_Definitivo_2020.xls,ABRIL 2020
2020,4,2020-04,Reus,REUS,Tarragona,163,54,0,04.Abril_Definitivo_2020.xls,ABRIL 2020
2020,4,2020-04,Sabadell,SABADELL,Barcelona,0,239,0,04.Abril_Definitivo_2020.xls,ABRIL 2020
2020,4,2020-04,Salamanca,SALAMANCA,Salamanca,120,66,0,04.Abril_Definitivo_2020.xls,ABRIL 2020
2020,4,2020-04,San Sebastian,SAN SEBASTIAN,Gipuzkoa,0,6,0,04.Abril_Definitivo_2020.xls,ABRIL 2020
2020,4,2020-04,Santiago-Rosalia De Castro,SANTIAGO-ROSALIA DE CASTRO,A Coruna,829,72,18,04.Abril_Definitivo_2020.xls,ABRIL 2020
2020,4,2020-04,Seve Ballesteros-Santander,SEVE BALLESTEROS-SANTANDER,Cantabria,18,54,0,04.Abril_Definitivo_2020.xls,ABRIL 2020
2020,4,2020-04,Sevilla,SEVILLA,Sevilla,2085,579,509820,04.Abril_Definitivo_2020.xls,ABRIL 2020
2020,4,2020-04,Son Bonet,SON BONET,Illes Balears,0,8,0,04.Abril_Definitivo_2020.xls,ABRIL 2020
2020,4,2020-04,Tenerife Norte-C. La Laguna,TENERIFE NORTE-C. LA LAGUNA,Santa Cruz de Tenerife,9253,879,613775,04.Abril_Definitivo_2020.xls,ABRIL 2020
2020,4,2020-04,Tenerife-Sur,TENERIFE-SUR,Santa Cruz de Tenerife,4709,223,3779,04.Abril_Definitivo_2020.xls,ABRIL 2020
2020,4,2020-04,Valencia,VALENCIA,Valencia,1253,500,1034386,04.Abril_Definitivo_2020.xls,ABRIL 2020
2020,4,2020-04,Valladolid,VALLADOLID,Valladolid,38,18,442,04.Abril_Definitivo_2020.xls,ABRIL 2020
2020,4,2020-04,Vigo,VIGO,Pontevedra,302,54,857,04.Abril_Definitivo_2020.xls,ABRIL 2020
2020,4,2020-04,Vitoria,VITORIA,Alava,26,551,4006048,04.Abril_Definitivo_2020.xls,ABRIL 2020
2020,4,2020-04,Zaragoza,ZARAGOZA,Zaragoza,4,112,4301653,04.Abril_Definitivo_2020.xls,ABRIL 2020
2021,4,2021-04,A Coruna,A CORUNA,A Coruna,25952,749,6314,04_Abril_Definitivo_2021.xls,ABRIL 2021
2021,4,2021-04,Adolfo Suarez Madrid-Barajas,ADOLFO SUAREZ MADRID-BARAJAS,Madrid,986136,12173,40309111,04_Abril_Definitivo_2021.xls,ABRIL 2021
2021,4,2021-04,Aeropuerto Intl. Region Murcia,AEROPUERTO INTL. REGION MURCIA,Murcia,2153,79,0,04_Abril_Definitivo_2021.xls,ABRIL 2021
2021,4,2021-04,Albacete,ALBACETE,Albacete,83,30,0,04_Abril_Definitivo_2021.xls,ABRIL 2021
2021,4,2021-04,Algeciras-Helipuerto,ALGECIRAS-HELIPUERTO,Cadiz,2319,210,0,04_Abril_Definitivo_2021.xls,ABRIL 2021
2021,4,2021-04,Alicante-Elche Miguel Hdez.,ALICANTE-ELCHE MIGUEL HDEZ.,Alicante,108379,1542,318875,04_Abril_Definitivo_2021.xls,ABRIL 2021
2021,4,2021-04,Almeria,ALMERIA,Almeria,9500,493,0,04_Abril_Definitivo_2021.xls,ABRIL 2021
2021,4,2021-04,Asturias,ASTURIAS,Asturias,11673,222,106,04_Abril_Definitivo_2021.xls,ABRIL 2021
2021,4,2021-04,Badajoz,BADAJOZ,Badajoz,1548,68,0,04_Abril_Definitivo_2021.xls,ABRIL 2021
2021,4,2021-04,Barcelona-El Prat J.T.,BARCELONA-EL PRAT J.T.,Barcelona,481678,6360,10345180,04_Abril_Definitivo_2021.xls,ABRIL 2021
2021,4,2021-04,Bilbao,BILBAO,Bizkaia,61067,1113,21212,04_Abril_Definitivo_2021.xls,ABRIL 2021
2021,4,2021-04,Burgos,BURGOS,Burgos,537,1336,0,04_Abril_Definitivo_2021.xls,ABRIL 2021
2021,4,2021-04,Ceuta-Helipuerto,CEUTA-HELIPUERTO,Ceuta,4002,422,0,04_Abril_Definitivo_2021.xls,ABRIL 2021
2021,4,2021-04,Cordoba,CORDOBA,Cordoba,114,610,0,04_Abril_Definitivo_2021.xls,ABRIL 2021
2021,4,2021-04,El Hierro,EL HIERRO,Santa Cruz de Tenerife,13109,350,4969,04_Abril_Definitivo_2021.xls,ABRIL 2021
2021,4,2021-04,Fgl Granada-Jaen,FGL GRANADA-JAEN,Granada,16029,551,0,04_Abril_Definitivo_2021.xls,ABRIL 2021
2021,4,2021-04,Fuerteventura,FUERTEVENTURA,Las Palmas,108469,1659,21487,04_Abril_Definitivo_2021.xls,ABRIL 2021
2021,4,2021-04,Girona-Costa Brava,GIRONA-COSTA BRAVA,Girona,476,686,320,04_Abril_Definitivo_2021.xls,ABRIL 2021
2021,4,2021-04,Gran Canaria,GRAN CANARIA,Las Palmas,272046,4872,1098167,04_Abril_Definitivo_2021.xls,ABRIL 2021
2021,4,2021-04,Huesca-Pirineos,HUESCA-PIRINEOS,Huesca,101,286,0,04_Abril_Definitivo_2021.xls,ABRIL 2021
2021,4,2021-04,Ibiza,IBIZA,Illes Balears,105325,2207,71777,04_Abril_Definitivo_2021.xls,ABRIL 2021
2021,4,2021-04,Jerez De La Frontera,JEREZ DE LA FRONTERA,Cadiz,8750,3758,0,04_Abril_Definitivo_2021.xls,ABRIL 2021
2021,4,2021-04,La Gomera,LA GOMERA,Santa Cruz de Tenerife,4511,172,136,04_Abril_Definitivo_2021.xls,ABRIL 2021
2021,4,2021-04,La Palma,LA PALMA,Santa Cruz de Tenerife,49272,1116,25838,04_Abril_Definitivo_2021.xls,ABRIL 2021
2021,4,2021-04,Lanzarote-Cesar Manrique,LANZAROTE-CESAR MANRIQUE,Las Palmas,97910,1840,32485,04_Abril_Definitivo_2021.xls,ABRIL 2021
2021,4,2021-04,Leon,LEON,Leon,730,154,0,04_Abril_Definitivo_2021.xls,ABRIL 2021
2021,4,2021-04,Logrono,LOGRONO,La Rioja,13,84,0,04_Abril_Definitivo_2021.xls,ABRIL 2021
2021,4,2021-04,Madrid-Cuatro Vientos,MADRID-CUATRO VIENTOS,Madrid,172,5322,0,04_Abril_Definitivo_2021.xls,ABRIL 2021
2021,4,2021-04,Malaga-Costa Del Sol,MALAGA-COSTA DEL SOL,Malaga,209654,3593,58577,04_Abril_Definitivo_2021.xls,ABRIL 2021
2021,4,2021-04,Melilla,MELILLA,Melilla,20236,599,137,04_Abril_Definitivo_2021.xls,ABRIL 2021
2021,4,2021-04,Menorca,MENORCA,Illes Balears,49316,1033,59242,04_Abril_Definitivo_2021.xls,ABRIL 2021
2021,4,2021-04,Palma De Mallorca,PALMA DE MALLORCA,Illes Balears,433632,6626,453696,04_Abril_Definitivo_2021.xls,ABRIL 2021
2021,4,2021-04,Pamplona,PAMPLONA,Navarra,6060,433,0,04_Abril_Definitivo_2021.xls,ABRIL 2021
2021,4,2021-04,Reus,REUS,Tarragona,386,1124,0,04_Abril_Definitivo_2021.xls,ABRIL 2021
2021,4,2021-04,Sabadell,SABADELL,Barcelona,381,4448,0,04_Abril_Definitivo_2021.xls,ABRIL 2021
2021,4,2021-04,Salamanca,SALAMANCA,Salamanca,212,683,0,04_Abril_Definitivo_2021.xls,ABRIL 2021
2021,4,2021-04,San Sebastian,SAN SEBASTIAN,Gipuzkoa,4881,147,0,04_Abril_Definitivo_2021.xls,ABRIL 2021
2021,4,2021-04,Santiago-Rosalia De Castro,SANTIAGO-ROSALIA DE CASTRO,A Coruna,38240,626,380985,04_Abril_Definitivo_2021.xls,ABRIL 2021
2021,4,2021-04,Seve Ballesteros-Santander,SEVE BALLESTEROS-SANTANDER,Cantabria,6869,355,0,04_Abril_Definitivo_2021.xls,ABRIL 2021
2021,4,2021-04,Sevilla,SEVILLA,Sevilla,79015,2326,722143,04_Abril_Definitivo_2021.xls,ABRIL 2021
2021,4,2021-04,Son Bonet,SON BONET,Illes Balears,550,1120,0,04_Abril_Definitivo_2021.xls,ABRIL 2021
2021,4,2021-04,Tenerife Norte-C. La Laguna,TENERIFE NORTE-C. LA LAGUNA,Santa Cruz de Tenerife,195442,3780,955520,04_Abril_Definitivo_2021.xls,ABRIL 2021
2021,4,2021-04,Tenerife-Sur,TENERIFE-SUR,Santa Cruz de Tenerife,119136,1663,33341,04_Abril_Definitivo_2021.xls,ABRIL 2021
2021,4,2021-04,Valencia,VALENCIA,Valencia,101348,2227,1172638,04_Abril_Definitivo_2021.xls,ABRIL 2021
2021,4,2021-04,Valladolid,VALLADOLID,Valladolid,463,258,0,04_Abril_Definitivo_2021.xls,ABRIL 2021
2021,4,2021-04,Vigo,VIGO,Pontevedra,26427,611,77967,04_Abril_Definitivo_2021.xls,ABRIL 2021
2021,4,2021-04,Vitoria,VITORIA,Alava,1056,940,5825390,04_Abril_Definitivo_2021.xls,ABRIL 2021
2021,4,2021-04,Zaragoza,ZARAGOZA,Zaragoza,5197,540,16207798,04_Abril_Definitivo_2021.xls,ABRIL 2021
2015,5,2015-05,A Coruna,A CORUNA,A Coruna,86290,1340,8650,05.Mayo-Definitivo-2015.xls,MAYO
2015,5,2015-05,Adolfo Suarez Madrid-Barajas,ADOLFO SUAREZ MADRID-BARAJAS,Madrid,3997868,32104,31507760,05.Mayo-Definitivo-2015.xls,MAYO
2015,5,2015-05,Albacete,ALBACETE,Albacete,26,9,0,05.Mayo-Definitivo-2015.xls,MAYO
2015,5,2015-05,Algeciras-Helipuerto,ALGECIRAS-HELIPUERTO,Cadiz,0,0,0,05.Mayo-Definitivo-2015.xls,MAYO
2015,5,2015-05,Alicante-Elche,ALICANTE-ELCHE,Alicante,1014650,7089,243761,05.Mayo-Definitivo-2015.xls,MAYO
2015,5,2015-05,Almeria,ALMERIA,Almeria,63521,979,1213,05.Mayo-Definitivo-2015.xls,MAYO
2015,5,2015-05,Asturias,ASTURIAS,Asturias,91807,895,8351,05.Mayo-Definitivo-2015.xls,MAYO
2015,5,2015-05,Badajoz,BADAJOZ,Badajoz,3015,286,0,05.Mayo-Definitivo-2015.xls,MAYO
2015,5,2015-05,Barcelona-El Prat,BARCELONA-EL PRAT,Barcelona,3604942,26883,9666641,05.Mayo-Definitivo-2015.xls,MAYO
2015,5,2015-05,Bilbao,BILBAO,Bizkaia,368295,3974,245976,05.Mayo-Definitivo-2015.xls,MAYO
2015,5,2015-05,Burgos,BURGOS,Burgos,944,272,0,05.Mayo-Definitivo-2015.xls,MAYO
2015,5,2015-05,Ceuta-Helipuerto,CEUTA-HELIPUERTO,Ceuta,74,19,0,05.Mayo-Definitivo-2015.xls,MAYO
2015,5,2015-05,Cordoba,CORDOBA,Cordoba,645,625,0,05.Mayo-Definitivo-2015.xls,MAYO
2015,5,2015-05,El Hierro,EL HIERRO,Santa Cruz de Tenerife,11637,290,6499,05.Mayo-Definitivo-2015.xls,MAYO
2015,5,2015-05,Fgl Granada-Jaen,FGL GRANADA-JAEN,Granada,61649,940,72,05.Mayo-Definitivo-2015.xls,MAYO
2015,5,2015-05,Fuerteventura,FUERTEVENTURA,Las Palmas,383851,3125,70131,05.Mayo-Definitivo-2015.xls,MAYO
2015,5,2015-05,Girona,GIRONA,Girona,201979,2341,7294,05.Mayo-Definitivo-2015.xls,MAYO
2015,5,2015-05,Gran Canaria,GRAN CANARIA,Las Palmas,703716,7392,1601970,05.Mayo-Definitivo-2015.xls,MAYO
2015,5,2015-05,Huesca-Pirineos,HUESCA-PIRINEOS,Huesca,8,171,0,05.Mayo-Definitivo-2015.xls,MAYO
2015,5,2015-05,Ibiza,IBIZA,Illes Balears,638347,6326,209043,05.Mayo-Definitivo-2015.xls,MAYO
2015,5,2015-05,Jerez De La Frontera,JEREZ DE LA FRONTERA,Cadiz,91792,4213,1,05.Mayo-Definitivo-2015.xls,MAYO
2015,5,2015-05,La Gomera,LA GOMERA,Santa Cruz de Tenerife,3023,168,304,05.Mayo-Definitivo-2015.xls,MAYO
2015,5,2015-05,La Palma,LA PALMA,Santa Cruz de Tenerife,78187,1348,46450,05.Mayo-Definitivo-2015.xls,MAYO
2015,5,2015-05,Lanzarote,LANZAROTE,Las Palmas,489252,4146,158146,05.Mayo-Definitivo-2015.xls,MAYO
2015,5,2015-05,Leon,LEON,Leon,5280,210,0,05.Mayo-Definitivo-2015.xls,MAYO
2015,5,2015-05,Logrono,LOGRONO,La Rioja,1375,119,0,05.Mayo-Definitivo-2015.xls,MAYO
2015,5,2015-05,Madrid-Cuatro Vientos,MADRID-CUATRO VIENTOS,Madrid,542,4237,0,05.Mayo-Definitivo-2015.xls,MAYO
2015,5,2015-05,Malaga-Costa Del Sol,MALAGA-COSTA DEL SOL,Malaga,1449144,10811,225037,05.Mayo-Definitivo-2015.xls,MAYO
2015,5,2015-05,Melilla,MELILLA,Melilla,26804,725,11938,05.Mayo-Definitivo-2015.xls,MAYO
2015,5,2015-05,Menorca,MENORCA,Illes Balears,255037,2717,132810,05.Mayo-Definitivo-2015.xls,MAYO
2015,5,2015-05,Murcia-San Javier,MURCIA-SAN JAVIER,Murcia,130036,992,206,05.Mayo-Definitivo-2015.xls,MAYO
2015,5,2015-05,Palma De Mallorca,PALMA DE MALLORCA,Illes Balears,2628025,19766,1036669,05.Mayo-Definitivo-2015.xls,MAYO
2015,5,2015-05,Pamplona,PAMPLONA,Navarra,13415,550,1451,05.Mayo-Definitivo-2015.xls,MAYO
2015,5,2015-05,Reus,REUS,Tarragona,83647,1520,0,05.Mayo-Definitivo-2015.xls,MAYO
2015,5,2015-05,Sabadell,SABADELL,Barcelona,545,2846,0,05.Mayo-Definitivo-2015.xls,MAYO
2015,5,2015-05,Salamanca,SALAMANCA,Salamanca,4932,760,0,05.Mayo-Definitivo-2015.xls,MAYO
2015,5,2015-05,San Sebastian,SAN SEBASTIAN,Gipuzkoa,26423,601,0,05.Mayo-Definitivo-2015.xls,MAYO
2015,5,2015-05,Santiago,SANTIAGO,A Coruna,195418,1731,173671,05.Mayo-Definitivo-2015.xls,MAYO
2015,5,2015-05,Seve Ballesteros-Santander,SEVE BALLESTEROS-SANTANDER,Cantabria,83206,1018,0,05.Mayo-Definitivo-2015.xls,MAYO
2015,5,2015-05,Sevilla,SEVILLA,Sevilla,414882,4744,438660,05.Mayo-Definitivo-2015.xls,MAYO
2015,5,2015-05,Son Bonet,SON BONET,Illes Balears,479,1287,0,05.Mayo-Definitivo-2015.xls,MAYO
2015,5,2015-05,Tenerife Norte,TENERIFE NORTE,Santa Cruz de Tenerife,314709,4514,1064534,05.Mayo-Definitivo-2015.xls,MAYO
2015,5,2015-05,Tenerife Sur,TENERIFE SUR,Santa Cruz de Tenerife,632431,4090,186179,05.Mayo-Definitivo-2015.xls,MAYO
2015,5,2015-05,Valencia,VALENCIA,Valencia,446793,5330,1120666,05.Mayo-Definitivo-2015.xls,MAYO
2015,5,2015-05,Valladolid,VALLADOLID,Valladolid,24326,441,764,05.Mayo-Definitivo-2015.xls,MAYO
2015,5,2015-05,Vigo,VIGO,Pontevedra,53533,827,34602,05.Mayo-Definitivo-2015.xls,MAYO
2015,5,2015-05,Vitoria,VITORIA,Alava,1571,638,3798704,05.Mayo-Definitivo-2015.xls,MAYO
2015,5,2015-05,Zaragoza,ZARAGOZA,Zaragoza,30301,563,6147104,05.Mayo-Definitivo-2015.xls,MAYO
2016,5,2016-05,A Coruna,A CORUNA,A Coruna,90855,1292,18414,05.Mayo-Definitivo-2016.xls,MAYO 2016
2016,5,2016-05,Adolfo Suarez Madrid-Barajas,ADOLFO SUAREZ MADRID-BARAJAS,Madrid,4291949,33054,33313272,05.Mayo-Definitivo-2016.xls,MAYO 2016
2016,5,2016-05,Albacete,ALBACETE,Albacete,11,6,0,05.Mayo-Definitivo-2016.xls,MAYO 2016
2016,5,2016-05,Algeciras-Helipuerto,ALGECIRAS-HELIPUERTO,Cadiz,26,10,0,05.Mayo-Definitivo-2016.xls,MAYO 2016
2016,5,2016-05,Alicante-Elche,ALICANTE-ELCHE,Alicante,1136255,7940,539134,05.Mayo-Definitivo-2016.xls,MAYO 2016
2016,5,2016-05,Almeria,ALMERIA,Almeria,87007,1191,0,05.Mayo-Definitivo-2016.xls,MAYO 2016
2016,5,2016-05,Asturias,ASTURIAS,Asturias,110610,1031,4521,05.Mayo-Definitivo-2016.xls,MAYO 2016
2016,5,2016-05,Badajoz,BADAJOZ,Badajoz,3546,131,0,05.Mayo-Definitivo-2016.xls,MAYO 2016
2016,5,2016-05,Barcelona-El Prat,BARCELONA-EL PRAT,Barcelona,4049108,28403,11456620,05.Mayo-Definitivo-2016.xls,MAYO 2016
2016,5,2016-05,Bilbao,BILBAO,Bizkaia,407552,4024,281014,05.Mayo-Definitivo-2016.xls,MAYO 2016
2016,5,2016-05,Burgos,BURGOS,Burgos,401,138,0,05.Mayo-Definitivo-2016.xls,MAYO 2016
2016,5,2016-05,Ceuta-Helipuerto,CEUTA-HELIPUERTO,Ceuta,116,29,0,05.Mayo-Definitivo-2016.xls,MAYO 2016
2016,5,2016-05,Cordoba,CORDOBA,Cordoba,677,700,0,05.Mayo-Definitivo-2016.xls,MAYO 2016
2016,5,2016-05,El Hierro,EL HIERRO,Santa Cruz de Tenerife,12732,297,5679,05.Mayo-Definitivo-2016.xls,MAYO 2016
2016,5,2016-05,Fgl Granada-Jaen,FGL GRANADA-JAEN,Granada,72180,1040,185,05.Mayo-Definitivo-2016.xls,MAYO 2016
2016,5,2016-05,Fuerteventura,FUERTEVENTURA,Las Palmas,428342,3608,82326,05.Mayo-Definitivo-2016.xls,MAYO 2016
2016,5,2016-05,Girona,GIRONA,Girona,176136,1963,6269,05.Mayo-Definitivo-2016.xls,MAYO 2016
2016,5,2016-05,Gran Canaria,GRAN CANARIA,Las Palmas,834817,8535,1559006,05.Mayo-Definitivo-2016.xls,MAYO 2016
2016,5,2016-05,Huesca-Pirineos,HUESCA-PIRINEOS,Huesca,10,539,0,05.Mayo-Definitivo-2016.xls,MAYO 2016
2016,5,2016-05,Ibiza,IBIZA,Illes Balears,770602,7152,193562,05.Mayo-Definitivo-2016.xls,MAYO 2016
2016,5,2016-05,Jerez De La Frontera,JEREZ DE LA FRONTERA,Cadiz,101183,4503,0,05.Mayo-Definitivo-2016.xls,MAYO 2016
2016,5,2016-05,La Gomera,LA GOMERA,Santa Cruz de Tenerife,3051,142,133,05.Mayo-Definitivo-2016.xls,MAYO 2016
2016,5,2016-05,La Palma,LA PALMA,Santa Cruz de Tenerife,92136,1429,52393,05.Mayo-Definitivo-2016.xls,MAYO 2016
2016,5,2016-05,Lanzarote,LANZAROTE,Las Palmas,524184,4379,141889,05.Mayo-Definitivo-2016.xls,MAYO 2016
2016,5,2016-05,Leon,LEON,Leon,3663,112,0,05.Mayo-Definitivo-2016.xls,MAYO 2016
2016,5,2016-05,Logrono,LOGRONO,La Rioja,1566,132,0,05.Mayo-Definitivo-2016.xls,MAYO 2016
2016,5,2016-05,Madrid-Cuatro Vientos,MADRID-CUATRO VIENTOS,Madrid,137,3445,0,05.Mayo-Definitivo-2016.xls,MAYO 2016
2016,5,2016-05,Malaga-Costa Del Sol,MALAGA-COSTA DEL SOL,Malaga,1626519,11814,224491,05.Mayo-Definitivo-2016.xls,MAYO 2016
2016,5,2016-05,Melilla,MELILLA,Melilla,27939,754,13555,05.Mayo-Definitivo-2016.xls,MAYO 2016
2016,5,2016-05,Menorca,MENORCA,Illes Balears,285336,2747,118994,05.Mayo-Definitivo-2016.xls,MAYO 2016
2016,5,2016-05,Murcia-San Javier,MURCIA-SAN JAVIER,Murcia,129382,977,0,05.Mayo-Definitivo-2016.xls,MAYO 2016
2016,5,2016-05,Palma De Mallorca,PALMA DE MALLORCA,Illes Balears,2924082,21278,1023019,05.Mayo-Definitivo-2016.xls,MAYO 2016
2016,5,2016-05,Pamplona,PAMPLONA,Navarra,13627,489,0,05.Mayo-Definitivo-2016.xls,MAYO 2016
2016,5,2016-05,Reus,REUS,Tarragona,90687,1317,0,05.Mayo-Definitivo-2016.xls,MAYO 2016
2016,5,2016-05,Sabadell,SABADELL,Barcelona,313,3342,0,05.Mayo-Definitivo-2016.xls,MAYO 2016
2016,5,2016-05,Salamanca,SALAMANCA,Salamanca,2896,1066,0,05.Mayo-Definitivo-2016.xls,MAYO 2016
2016,5,2016-05,San Sebastian,SAN SEBASTIAN,Gipuzkoa,27358,657,98,05.Mayo-Definitivo-2016.xls,MAYO 2016
2016,5,2016-05,Santiago,SANTIAGO,A Coruna,230112,1995,184023,05.Mayo-Definitivo-2016.xls,MAYO 2016
2016,5,2016-05,Seve Ballesteros-Santander,SEVE BALLESTEROS-SANTANDER,Cantabria,70911,886,0,05.Mayo-Definitivo-2016.xls,MAYO 2016
2016,5,2016-05,Sevilla,SEVILLA,Sevilla,439465,4287,527061,05.Mayo-Definitivo-2016.xls,MAYO 2016
2016,5,2016-05,Son Bonet,SON BONET,Illes Balears,424,1268,0,05.Mayo-Definitivo-2016.xls,MAYO 2016
2016,5,2016-05,Tenerife Norte,TENERIFE NORTE,Santa Cruz de Tenerife,377876,4905,1254390,05.Mayo-Definitivo-2016.xls,MAYO 2016
2016,5,2016-05,Tenerife Sur,TENERIFE SUR,Santa Cruz de Tenerife,721337,4513,196161,05.Mayo-Definitivo-2016.xls,MAYO 2016
2016,5,2016-05,Valencia,VALENCIA,Valencia,515049,5536,1138669,05.Mayo-Definitivo-2016.xls,MAYO 2016
2016,5,2016-05,Valladolid,VALLADOLID,Valladolid,25680,409,60,05.Mayo-Definitivo-2016.xls,MAYO 2016
2016,5,2016-05,Vigo,VIGO,Pontevedra,82470,947,27307,05.Mayo-Definitivo-2016.xls,MAYO 2016
2016,5,2016-05,Vitoria,VITORIA,Alava,8363,643,4687996,05.Mayo-Definitivo-2016.xls,MAYO 2016
2016,5,2016-05,Zaragoza,ZARAGOZA,Zaragoza,33585,557,7503232,05.Mayo-Definitivo-2016.xls,MAYO 2016
2017,5,2017-05,A Coruna,A CORUNA,A Coruna,97698,1467,12886,05.Mayo_Definitivo_2017.xls,MAYO 2017
2017,5,2017-05,Adolfo Suarez Madrid-Barajas,ADOLFO SUAREZ MADRID-BARAJAS,Madrid,4524334,33796,38642089,05.Mayo_Definitivo_2017.xls,MAYO 2017
2017,5,2017-05,Albacete,ALBACETE,Albacete,44,21,0,05.Mayo_Definitivo_2017.xls,MAYO 2017
2017,5,2017-05,Algeciras-Helipuerto,ALGECIRAS-HELIPUERTO,Cadiz,0,0,0,05.Mayo_Definitivo_2017.xls,MAYO 2017
2017,5,2017-05,Alicante-Elche,ALICANTE-ELCHE,Alicante,1288038,9031,652938,05.Mayo_Definitivo_2017.xls,MAYO 2017
2017,5,2017-05,Almeria,ALMERIA,Almeria,102482,1258,0,05.Mayo_Definitivo_2017.xls,MAYO 2017
2017,5,2017-05,Asturias,ASTURIAS,Asturias,116148,1091,3911,05.Mayo_Definitivo_2017.xls,MAYO 2017
2017,5,2017-05,Badajoz,BADAJOZ,Badajoz,3465,179,0,05.Mayo_Definitivo_2017.xls,MAYO 2017
2017,5,2017-05,Barcelona-El Prat,BARCELONA-EL PRAT,Barcelona,4325968,30087,13102071,05.Mayo_Definitivo_2017.xls,MAYO 2017
2017,5,2017-05,Bilbao,BILBAO,Bizkaia,453217,4459,290403,05.Mayo_Definitivo_2017.xls,MAYO 2017
2017,5,2017-05,Burgos,BURGOS,Burgos,490,178,0,05.Mayo_Definitivo_2017.xls,MAYO 2017
2017,5,2017-05,Ceuta-Helipuerto,CEUTA-HELIPUERTO,Ceuta,59,16,0,05.Mayo_Definitivo_2017.xls,MAYO 2017
2017,5,2017-05,Cordoba,CORDOBA,Cordoba,752,723,0,05.Mayo_Definitivo_2017.xls,MAYO 2017
2017,5,2017-05,El Hierro,EL HIERRO,Santa Cruz de Tenerife,13795,312,5445,05.Mayo_Definitivo_2017.xls,MAYO 2017
2017,5,2017-05,Fgl Granada-Jaen,FGL GRANADA-JAEN,Granada,82668,1157,149,05.Mayo_Definitivo_2017.xls,MAYO 2017
2017,5,2017-05,Fuerteventura,FUERTEVENTURA,Las Palmas,451894,3652,85583,05.Mayo_Definitivo_2017.xls,MAYO 2017
2017,5,2017-05,Girona,GIRONA,Girona,219688,2192,19646,05.Mayo_Definitivo_2017.xls,MAYO 2017
2017,5,2017-05,Gran Canaria,GRAN CANARIA,Las Palmas,896883,8431,1497113,05.Mayo_Definitivo_2017.xls,MAYO 2017
2017,5,2017-05,Huesca-Pirineos,HUESCA-PIRINEOS,Huesca,79,714,0,05.Mayo_Definitivo_2017.xls,MAYO 2017
2017,5,2017-05,Ibiza,IBIZA,Illes Balears,825016,7573,180033,05.Mayo_Definitivo_2017.xls,MAYO 2017
2017,5,2017-05,Jerez De La Frontera,JEREZ DE LA FRONTERA,Cadiz,112903,4322,0,05.Mayo_Definitivo_2017.xls,MAYO 2017
2017,5,2017-05,La Gomera,LA GOMERA,Santa Cruz de Tenerife,3390,158,268,05.Mayo_Definitivo_2017.xls,MAYO 2017
2017,5,2017-05,La Palma,LA PALMA,Santa Cruz de Tenerife,96417,1405,50837,05.Mayo_Definitivo_2017.xls,MAYO 2017
2017,5,2017-05,Lanzarote,LANZAROTE,Las Palmas,558014,4459,145590,05.Mayo_Definitivo_2017.xls,MAYO 2017
2017,5,2017-05,Leon,LEON,Leon,3530,144,0,05.Mayo_Definitivo_2017.xls,MAYO 2017
2017,5,2017-05,Logrono,LOGRONO,La Rioja,1690,119,0,05.Mayo_Definitivo_2017.xls,MAYO 2017
2017,5,2017-05,Madrid-Cuatro Vientos,MADRID-CUATRO VIENTOS,Madrid,422,4801,0,05.Mayo_Definitivo_2017.xls,MAYO 2017
2017,5,2017-05,Malaga-Costa Del Sol,MALAGA-COSTA DEL SOL,Malaga,1809418,13148,256510,05.Mayo_Definitivo_2017.xls,MAYO 2017
2017,5,2017-05,Melilla,MELILLA,Melilla,27346,706,11409,05.Mayo_Definitivo_2017.xls,MAYO 2017
2017,5,2017-05,Menorca,MENORCA,Illes Balears,317311,2767,114075,05.Mayo_Definitivo_2017.xls,MAYO 2017
2017,5,2017-05,Murcia-San Javier,MURCIA-SAN JAVIER,Murcia,133451,994,0,05.Mayo_Definitivo_2017.xls,MAYO 2017
2017,5,2017-05,Palma De Mallorca,PALMA DE MALLORCA,Illes Balears,3037128,22102,968475,05.Mayo_Definitivo_2017.xls,MAYO 2017
2017,5,2017-05,Pamplona,PAMPLONA,Navarra,15545,500,0,05.Mayo_Definitivo_2017.xls,MAYO 2017
2017,5,2017-05,Reus,REUS,Tarragona,116140,1825,0,05.Mayo_Definitivo_2017.xls,MAYO 2017
2017,5,2017-05,Sabadell,SABADELL,Barcelona,497,4196,0,05.Mayo_Definitivo_2017.xls,MAYO 2017
2017,5,2017-05,Salamanca,SALAMANCA,Salamanca,2896,1039,0,05.Mayo_Definitivo_2017.xls,MAYO 2017
2017,5,2017-05,San Sebastian,SAN SEBASTIAN,Gipuzkoa,29929,632,0,05.Mayo_Definitivo_2017.xls,MAYO 2017
2017,5,2017-05,Santiago,SANTIAGO,A Coruna,238116,1933,225017,05.Mayo_Definitivo_2017.xls,MAYO 2017
2017,5,2017-05,Seve Ballesteros-Santander,SEVE BALLESTEROS-SANTANDER,Cantabria,82844,942,0,05.Mayo_Definitivo_2017.xls,MAYO 2017
2017,5,2017-05,Sevilla,SEVILLA,Sevilla,454884,4479,859746,05.Mayo_Definitivo_2017.xls,MAYO 2017
2017,5,2017-05,Son Bonet,SON BONET,Illes Balears,110,1344,0,05.Mayo_Definitivo_2017.xls,MAYO 2017
2017,5,2017-05,Tenerife Norte,TENERIFE NORTE,Santa Cruz de Tenerife,377189,4771,1215934,05.Mayo_Definitivo_2017.xls,MAYO 2017
2017,5,2017-05,Tenerife Sur,TENERIFE SUR,Santa Cruz de Tenerife,803843,5038,195292,05.Mayo_Definitivo_2017.xls,MAYO 2017
2017,5,2017-05,Valencia,VALENCIA,Valencia,589723,6105,1227064,05.Mayo_Definitivo_2017.xls,MAYO 2017
2017,5,2017-05,Valladolid,VALLADOLID,Valladolid,22739,406,0,05.Mayo_Definitivo_2017.xls,MAYO 2017
2017,5,2017-05,Vigo,VIGO,Pontevedra,99391,1105,57033,05.Mayo_Definitivo_2017.xls,MAYO 2017
2017,5,2017-05,Vitoria,VITORIA,Alava,5968,665,5106336,05.Mayo_Definitivo_2017.xls,MAYO 2017
2017,5,2017-05,Zaragoza,ZARAGOZA,Zaragoza,33278,618,10489171,05.Mayo_Definitivo_2017.xls,MAYO 2017
2018,5,2018-05,A Coruna,A CORUNA,A Coruna,108199,1565,13145,05.Mayo_Definitivo_2018.xls,MAYO 2018
2018,5,2018-05,Adolfo Suarez Madrid-Barajas,ADOLFO SUAREZ MADRID-BARAJAS,Madrid,4959606,35628,42876190,05.Mayo_Definitivo_2018.xls,MAYO 2018
2018,5,2018-05,Albacete,ALBACETE,Albacete,49,18,0,05.Mayo_Definitivo_2018.xls,MAYO 2018
2018,5,2018-05,Algeciras-Helipuerto,ALGECIRAS-HELIPUERTO,Cadiz,2559,260,0,05.Mayo_Definitivo_2018.xls,MAYO 2018
2018,5,2018-05,Alicante-Elche,ALICANTE-ELCHE,Alicante,1307789,8944,342911,05.Mayo_Definitivo_2018.xls,MAYO 2018
2018,5,2018-05,Almeria,ALMERIA,Almeria,105858,1244,253,05.Mayo_Definitivo_2018.xls,MAYO 2018
2018,5,2018-05,Asturias,ASTURIAS,Asturias,119882,1105,2030,05.Mayo_Definitivo_2018.xls,MAYO 2018
2018,5,2018-05,Badajoz,BADAJOZ,Badajoz,4967,196,0,05.Mayo_Definitivo_2018.xls,MAYO 2018
2018,5,2018-05,Barcelona-El Prat J.T.,BARCELONA-EL PRAT J.T.,Barcelona,4549769,30704,14428589,05.Mayo_Definitivo_2018.xls,MAYO 2018
2018,5,2018-05,Bilbao,BILBAO,Bizkaia,512255,4693,125135,05.Mayo_Definitivo_2018.xls,MAYO 2018
2018,5,2018-05,Burgos,BURGOS,Burgos,461,168,0,05.Mayo_Definitivo_2018.xls,MAYO 2018
2018,5,2018-05,Ceuta-Helipuerto,CEUTA-HELIPUERTO,Ceuta,4092,429,0,05.Mayo_Definitivo_2018.xls,MAYO 2018
2018,5,2018-05,Cordoba,CORDOBA,Cordoba,880,808,0,05.Mayo_Definitivo_2018.xls,MAYO 2018
2018,5,2018-05,El Hierro,EL HIERRO,Santa Cruz de Tenerife,19860,418,5632,05.Mayo_Definitivo_2018.xls,MAYO 2018
2018,5,2018-05,Fgl Granada-Jaen,FGL GRANADA-JAEN,Granada,96265,1315,5,05.Mayo_Definitivo_2018.xls,MAYO 2018
2018,5,2018-05,Fuerteventura,FUERTEVENTURA,Las Palmas,464938,4065,67531,05.Mayo_Definitivo_2018.xls,MAYO 2018
2018,5,2018-05,Girona,GIRONA,Girona,227229,1975,17616,05.Mayo_Definitivo_2018.xls,MAYO 2018
2018,5,2018-05,Gran Canaria,GRAN CANARIA,Las Palmas,974556,10008,1550638,05.Mayo_Definitivo_2018.xls,MAYO 2018
2018,5,2018-05,Huesca-Pirineos,HUESCA-PIRINEOS,Huesca,668,756,0,05.Mayo_Definitivo_2018.xls,MAYO 2018
2018,5,2018-05,Ibiza,IBIZA,Illes Balears,874230,7863,164034,05.Mayo_Definitivo_2018.xls,MAYO 2018
2018,5,2018-05,Jerez De La Frontera,JEREZ DE LA FRONTERA,Cadiz,121444,5063,0,05.Mayo_Definitivo_2018.xls,MAYO 2018
2018,5,2018-05,La Gomera,LA GOMERA,Santa Cruz de Tenerife,5124,154,260,05.Mayo_Definitivo_2018.xls,MAYO 2018
2018,5,2018-05,La Palma,LA PALMA,Santa Cruz de Tenerife,117237,1924,49618,05.Mayo_Definitivo_2018.xls,MAYO 2018
2018,5,2018-05,Lanzarote Cesar Manrique,LANZAROTE CESAR MANRIQUE,Las Palmas,570149,4767,132808,05.Mayo_Definitivo_2018.xls,MAYO 2018
2018,5,2018-05,Leon,LEON,Leon,5454,203,0,05.Mayo_Definitivo_2018.xls,MAYO 2018
2018,5,2018-05,Logrono,LOGRONO,La Rioja,1773,115,0,05.Mayo_Definitivo_2018.xls,MAYO 2018
2018,5,2018-05,Madrid-Cuatro Vientos,MADRID-CUATRO VIENTOS,Madrid,424,4435,0,05.Mayo_Definitivo_2018.xls,MAYO 2018
2018,5,2018-05,Malaga-Costa Del Sol,MALAGA-COSTA DEL SOL,Malaga,1836655,13189,188321,05.Mayo_Definitivo_2018.xls,MAYO 2018
2018,5,2018-05,Melilla,MELILLA,Melilla,27630,687,11598,05.Mayo_Definitivo_2018.xls,MAYO 2018
2018,5,2018-05,Menorca,MENORCA,Illes Balears,307551,2776,110998,05.Mayo_Definitivo_2018.xls,MAYO 2018
2018,5,2018-05,Murcia-San Javier,MURCIA-SAN JAVIER,Murcia,139775,980,0,05.Mayo_Definitivo_2018.xls,MAYO 2018
2018,5,2018-05,Palma De Mallorca,PALMA DE MALLORCA,Illes Balears,3151663,22930,1035118,05.Mayo_Definitivo_2018.xls,MAYO 2018
2018,5,2018-05,Pamplona,PAMPLONA,Navarra,18766,595,1170,05.Mayo_Definitivo_2018.xls,MAYO 2018
2018,5,2018-05,Reus,REUS,Tarragona,122969,1687,0,05.Mayo_Definitivo_2018.xls,MAYO 2018
2018,5,2018-05,Sabadell,SABADELL,Barcelona,312,4110,0,05.Mayo_Definitivo_2018.xls,MAYO 2018
2018,5,2018-05,Salamanca,SALAMANCA,Salamanca,2327,1203,0,05.Mayo_Definitivo_2018.xls,MAYO 2018
2018,5,2018-05,San Sebastian,SAN SEBASTIAN,Gipuzkoa,27658,633,1153,05.Mayo_Definitivo_2018.xls,MAYO 2018
2018,5,2018-05,Santiago,SANTIAGO,A Coruna,246288,1948,252590,05.Mayo_Definitivo_2018.xls,MAYO 2018
2018,5,2018-05,Seve Ballesteros-Santander,SEVE BALLESTEROS-SANTANDER,Cantabria,98149,1044,0,05.Mayo_Definitivo_2018.xls,MAYO 2018
2018,5,2018-05,Sevilla,SEVILLA,Sevilla,572960,5128,1105115,05.Mayo_Definitivo_2018.xls,MAYO 2018
2018,5,2018-05,Son Bonet,SON BONET,Illes Balears,252,1053,0,05.Mayo_Definitivo_2018.xls,MAYO 2018
2018,5,2018-05,Tenerife Norte,TENERIFE NORTE,Santa Cruz de Tenerife,490044,6361,965915,05.Mayo_Definitivo_2018.xls,MAYO 2018
2018,5,2018-05,Tenerife Sur,TENERIFE SUR,Santa Cruz de Tenerife,755262,4713,192244,05.Mayo_Definitivo_2018.xls,MAYO 2018
2018,5,2018-05,Valencia,VALENCIA,Valencia,681743,6883,1179491,05.Mayo_Definitivo_2018.xls,MAYO 2018
2018,5,2018-05,Valladolid,VALLADOLID,Valladolid,26196,444,4447,05.Mayo_Definitivo_2018.xls,MAYO 2018
2018,5,2018-05,Vigo,VIGO,Pontevedra,99319,1145,87333,05.Mayo_Definitivo_2018.xls,MAYO 2018
2018,5,2018-05,Vitoria,VITORIA,Alava,11528,822,5525864,05.Mayo_Definitivo_2018.xls,MAYO 2018
2018,5,2018-05,Zaragoza,ZARAGOZA,Zaragoza,34731,663,12571859,05.Mayo_Definitivo_2018.xls,MAYO 2018
2019,5,2019-05,A Coruna,A CORUNA,A Coruna,118853,1516,15622,05.Mayo_Definitivo_2019.xls,MAYO 2019
2019,5,2019-05,Adolfo Suarez Madrid-Barajas,ADOLFO SUAREZ MADRID-BARAJAS,Madrid,5218219,37226,44984454,05.Mayo_Definitivo_2019.xls,MAYO 2019
2019,5,2019-05,Aeropuerto Intl. Region Murcia,AEROPUERTO INTL. REGION MURCIA,Murcia,121073,877,0,05.Mayo_Definitivo_2019.xls,MAYO 2019
2019,5,2019-05,Albacete,ALBACETE,Albacete,167,42,0,05.Mayo_Definitivo_2019.xls,MAYO 2019
2019,5,2019-05,Algeciras-Helipuerto,ALGECIRAS-HELIPUERTO,Cadiz,3307,274,0,05.Mayo_Definitivo_2019.xls,MAYO 2019
2019,5,2019-05,Alicante-Elche,ALICANTE-ELCHE,Alicante,1402153,9496,345459,05.Mayo_Definitivo_2019.xls,MAYO 2019
2019,5,2019-05,Almeria,ALMERIA,Almeria,102299,1144,0,05.Mayo_Definitivo_2019.xls,MAYO 2019
2019,5,2019-05,Asturias,ASTURIAS,Asturias,120179,1165,2800,05.Mayo_Definitivo_2019.xls,MAYO 2019
2019,5,2019-05,Badajoz,BADAJOZ,Badajoz,6132,198,0,05.Mayo_Definitivo_2019.xls,MAYO 2019
2019,5,2019-05,Barcelona-El Prat J.T.,BARCELONA-EL PRAT J.T.,Barcelona,4681994,31164,14606987,05.Mayo_Definitivo_2019.xls,MAYO 2019
2019,5,2019-05,Bilbao,BILBAO,Bizkaia,543069,4900,90065,05.Mayo_Definitivo_2019.xls,MAYO 2019
2019,5,2019-05,Burgos,BURGOS,Burgos,1459,330,5898,05.Mayo_Definitivo_2019.xls,MAYO 2019
2019,5,2019-05,Ceuta-Helipuerto,CEUTA-HELIPUERTO,Ceuta,6178,570,0,05.Mayo_Definitivo_2019.xls,MAYO 2019
2019,5,2019-05,Cordoba,CORDOBA,Cordoba,924,784,0,05.Mayo_Definitivo_2019.xls,MAYO 2019
2019,5,2019-05,El Hierro,EL HIERRO,Santa Cruz de Tenerife,20225,402,7051,05.Mayo_Definitivo_2019.xls,MAYO 2019
2019,5,2019-05,Fgl Granada-Jaen,FGL GRANADA-JAEN,Granada,108102,1343,13,05.Mayo_Definitivo_2019.xls,MAYO 2019
2019,5,2019-05,Fuerteventura,FUERTEVENTURA,Las Palmas,412778,3625,55429,05.Mayo_Definitivo_2019.xls,MAYO 2019
2019,5,2019-05,Girona-Costa Brava,GIRONA-COSTA BRAVA,Girona,229321,2002,9070,05.Mayo_Definitivo_2019.xls,MAYO 2019
2019,5,2019-05,Gran Canaria,GRAN CANARIA,Las Palmas,930396,9588,1575745,05.Mayo_Definitivo_2019.xls,MAYO 2019
2019,5,2019-05,Huesca-Pirineos,HUESCA-PIRINEOS,Huesca,119,913,0,05.Mayo_Definitivo_2019.xls,MAYO 2019
2019,5,2019-05,Ibiza,IBIZA,Illes Balears,887678,7812,152253,05.Mayo_Definitivo_2019.xls,MAYO 2019
2019,5,2019-05,Jerez De La Frontera,JEREZ DE LA FRONTERA,Cadiz,124082,4986,108,05.Mayo_Definitivo_2019.xls,MAYO 2019
2019,5,2019-05,La Gomera,LA GOMERA,Santa Cruz de Tenerife,5398,169,111,05.Mayo_Definitivo_2019.xls,MAYO 2019
2019,5,2019-05,La Palma,LA PALMA,Santa Cruz de Tenerife,117066,1869,33761,05.Mayo_Definitivo_2019.xls,MAYO 2019
2019,5,2019-05,Lanzarote-Cesar Manrique,LANZAROTE-CESAR MANRIQUE,Las Palmas,567687,4803,124114,05.Mayo_Definitivo_2019.xls,MAYO 2019
2019,5,2019-05,Leon,LEON,Leon,8047,339,0,05.Mayo_Definitivo_2019.xls,MAYO 2019
2019,5,2019-05,Logrono,LOGRONO,La Rioja,1876,154,0,05.Mayo_Definitivo_2019.xls,MAYO 2019
2019,5,2019-05,Madrid-Cuatro Vientos,MADRID-CUATRO VIENTOS,Madrid,378,4973,0,05.Mayo_Definitivo_2019.xls,MAYO 2019
2019,5,2019-05,Malaga-Costa Del Sol,MALAGA-COSTA DEL SOL,Malaga,1914226,13989,227127,05.Mayo_Definitivo_2019.xls,MAYO 2019
2019,5,2019-05,Melilla,MELILLA,Melilla,36235,968,11869,05.Mayo_Definitivo_2019.xls,MAYO 2019
2019,5,2019-05,Menorca,MENORCA,Illes Balears,313348,2861,111341,05.Mayo_Definitivo_2019.xls,MAYO 2019
2019,5,2019-05,Murcia-San Javier,MURCIA-SAN JAVIER,Murcia,0,0,0,05.Mayo_Definitivo_2019.xls,MAYO 2019
2019,5,2019-05,Palma De Mallorca,PALMA DE MALLORCA,Illes Balears,3181577,22892,884372,05.Mayo_Definitivo_2019.xls,MAYO 2019
2019,5,2019-05,Pamplona,PAMPLONA,Navarra,22016,561,932,05.Mayo_Definitivo_2019.xls,MAYO 2019
2019,5,2019-05,Reus,REUS,Tarragona,135741,1909,0,05.Mayo_Definitivo_2019.xls,MAYO 2019
2019,5,2019-05,Sabadell,SABADELL,Barcelona,485,4632,0,05.Mayo_Definitivo_2019.xls,MAYO 2019
2019,5,2019-05,Salamanca,SALAMANCA,Salamanca,2255,1126,0,05.Mayo_Definitivo_2019.xls,MAYO 2019
2019,5,2019-05,San Sebastian,SAN SEBASTIAN,Gipuzkoa,30153,581,0,05.Mayo_Definitivo_2019.xls,MAYO 2019
2019,5,2019-05,Santiago-Rosalia De Castro,SANTIAGO-ROSALIA DE CASTRO,A Coruna,263241,1997,261969,05.Mayo_Definitivo_2019.xls,MAYO 2019
2019,5,2019-05,Seve Ballesteros-Santander,SEVE BALLESTEROS-SANTANDER,Cantabria,98895,942,1,05.Mayo_Definitivo_2019.xls,MAYO 2019
2019,5,2019-05,Sevilla,SEVILLA,Sevilla,685045,5962,716680,05.Mayo_Definitivo_2019.xls,MAYO 2019
2019,5,2019-05,Son Bonet,SON BONET,Illes Balears,440,1258,0,05.Mayo_Definitivo_2019.xls,MAYO 2019
2019,5,2019-05,Tenerife Norte-C. La Laguna,TENERIFE NORTE-C. LA LAGUNA,Santa Cruz de Tenerife,496878,6389,1219564,05.Mayo_Definitivo_2019.xls,MAYO 2019
2019,5,2019-05,Tenerife-Sur,TENERIFE-SUR,Santa Cruz de Tenerife,794624,5061,161061,05.Mayo_Definitivo_2019.xls,MAYO 2019
2019,5,2019-05,Valencia,VALENCIA,Valencia,747036,6858,1636123,05.Mayo_Definitivo_2019.xls,MAYO 2019
2019,5,2019-05,Valladolid,VALLADOLID,Valladolid,24741,592,160,05.Mayo_Definitivo_2019.xls,MAYO 2019
2019,5,2019-05,Vigo,VIGO,Pontevedra,89185,1077,34129,05.Mayo_Definitivo_2019.xls,MAYO 2019
2019,5,2019-05,Vitoria,VITORIA,Alava,17569,951,5659079,05.Mayo_Definitivo_2019.xls,MAYO 2019
2019,5,2019-05,Zaragoza,ZARAGOZA,Zaragoza,34864,687,12859279,05.Mayo_Definitivo_2019.xls,MAYO 2019
2020,5,2020-05,A Coruna,A CORUNA,A Coruna,851,299,0,05.Mayo_Definitivo_2020.xls,MAYO 2020
2020,5,2020-05,Adolfo Suarez Madrid-Barajas,ADOLFO SUAREZ MADRID-BARAJAS,Madrid,81266,2995,26031261,05.Mayo_Definitivo_2020.xls,MAYO 2020
2020,5,2020-05,Aeropuerto Intl. Region Murcia,AEROPUERTO INTL. REGION MURCIA,Murcia,101,64,0,05.Mayo_Definitivo_2020.xls,MAYO 2020
2020,5,2020-05,Albacete,ALBACETE,Albacete,22,16,0,05.Mayo_Definitivo_2020.xls,MAYO 2020
2020,5,2020-05,Algeciras-Helipuerto,ALGECIRAS-HELIPUERTO,Cadiz,419,120,0,05.Mayo_Definitivo_2020.xls,MAYO 2020
2020,5,2020-05,Alicante-Elche Miguel Hdez.,ALICANTE-ELCHE MIGUEL HDEZ.,Alicante,3546,234,264877,05.Mayo_Definitivo_2020.xls,MAYO 2020
2020,5,2020-05,Almeria,ALMERIA,Almeria,480,99,0,05.Mayo_Definitivo_2020.xls,MAYO 2020
2020,5,2020-05,Asturias,ASTURIAS,Asturias,210,27,12,05.Mayo_Definitivo_2020.xls,MAYO 2020
2020,5,2020-05,Badajoz,BADAJOZ,Badajoz,4,2,0,05.Mayo_Definitivo_2020.xls,MAYO 2020
2020,5,2020-05,Barcelona-El Prat J.T.,BARCELONA-EL PRAT J.T.,Barcelona,46961,1777,6444737,05.Mayo_Definitivo_2020.xls,MAYO 2020
2020,5,2020-05,Bilbao,BILBAO,Bizkaia,1996,364,58,05.Mayo_Definitivo_2020.xls,MAYO 2020
2020,5,2020-05,Burgos,BURGOS,Burgos,273,124,0,05.Mayo_Definitivo_2020.xls,MAYO 2020
2020,5,2020-05,Ceuta-Helipuerto,CEUTA-HELIPUERTO,Ceuta,491,144,0,05.Mayo_Definitivo_2020.xls,MAYO 2020
2020,5,2020-05,Cordoba,CORDOBA,Cordoba,146,200,0,05.Mayo_Definitivo_2020.xls,MAYO 2020
2020,5,2020-05,El Hierro,EL HIERRO,Santa Cruz de Tenerife,1832,102,5037,05.Mayo_Definitivo_2020.xls,MAYO 2020
2020,5,2020-05,Fgl Granada-Jaen,FGL GRANADA-JAEN,Granada,487,95,0,05.Mayo_Definitivo_2020.xls,MAYO 2020
2020,5,2020-05,Fuerteventura,FUERTEVENTURA,Las Palmas,6485,284,13127,05.Mayo_Definitivo_2020.xls,MAYO 2020
2020,5,2020-05,Girona-Costa Brava,GIRONA-COSTA BRAVA,Girona,95,97,1575,05.Mayo_Definitivo_2020.xls,MAYO 2020
2020,5,2020-05,Gran Canaria,GRAN CANARIA,Las Palmas,30916,1473,854304,05.Mayo_Definitivo_2020.xls,MAYO 2020
2020,5,2020-05,Huesca-Pirineos,HUESCA-PIRINEOS,Huesca,3,30,0,05.Mayo_Definitivo_2020.xls,MAYO 2020
2020,5,2020-05,Ibiza,IBIZA,Illes Balears,7809,396,70157,05.Mayo_Definitivo_2020.xls,MAYO 2020
2020,5,2020-05,Jerez De La Frontera,JEREZ DE LA FRONTERA,Cadiz,53,322,0,05.Mayo_Definitivo_2020.xls,MAYO 2020
2020,5,2020-05,La Gomera,LA GOMERA,Santa Cruz de Tenerife,0,38,0,05.Mayo_Definitivo_2020.xls,MAYO 2020
2020,5,2020-05,La Palma,LA PALMA,Santa Cruz de Tenerife,5030,204,8277,05.Mayo_Definitivo_2020.xls,MAYO 2020
2020,5,2020-05,Lanzarote-Cesar Manrique,LANZAROTE-CESAR MANRIQUE,Las Palmas,8288,360,23653,05.Mayo_Definitivo_2020.xls,MAYO 2020
2020,5,2020-05,Leon,LEON,Leon,28,42,0,05.Mayo_Definitivo_2020.xls,MAYO 2020
2020,5,2020-05,Logrono,LOGRONO,La Rioja,80,26,0,05.Mayo_Definitivo_2020.xls,MAYO 2020
2020,5,2020-05,Madrid-Cuatro Vientos,MADRID-CUATRO VIENTOS,Madrid,6,580,0,05.Mayo_Definitivo_2020.xls,MAYO 2020
2020,5,2020-05,Malaga-Costa Del Sol,MALAGA-COSTA DEL SOL,Malaga,6995,557,29555,05.Mayo_Definitivo_2020.xls,MAYO 2020
2020,5,2020-05,Melilla,MELILLA,Melilla,253,112,0,05.Mayo_Definitivo_2020.xls,MAYO 2020
2020,5,2020-05,Menorca,MENORCA,Illes Balears,4153,294,69943,05.Mayo_Definitivo_2020.xls,MAYO 2020
2020,5,2020-05,Palma De Mallorca,PALMA DE MALLORCA,Illes Balears,22764,1009,676762,05.Mayo_Definitivo_2020.xls,MAYO 2020
2020,5,2020-05,Pamplona,PAMPLONA,Navarra,49,95,0,05.Mayo_Definitivo_2020.xls,MAYO 2020
2020,5,2020-05,Reus,REUS,Tarragona,226,336,0,05.Mayo_Definitivo_2020.xls,MAYO 2020
2020,5,2020-05,Sabadell,SABADELL,Barcelona,79,720,0,05.Mayo_Definitivo_2020.xls,MAYO 2020
2020,5,2020-05,Salamanca,SALAMANCA,Salamanca,138,110,0,05.Mayo_Definitivo_2020.xls,MAYO 2020
2020,5,2020-05,San Sebastian,SAN SEBASTIAN,Gipuzkoa,3,5,0,05.Mayo_Definitivo_2020.xls,MAYO 2020
2020,5,2020-05,Santiago-Rosalia De Castro,SANTIAGO-ROSALIA DE CASTRO,A Coruna,139,109,50814,05.Mayo_Definitivo_2020.xls,MAYO 2020
2020,5,2020-05,Seve Ballesteros-Santander,SEVE BALLESTEROS-SANTANDER,Cantabria,16,162,0,05.Mayo_Definitivo_2020.xls,MAYO 2020
2020,5,2020-05,Sevilla,SEVILLA,Sevilla,5269,692,621069,05.Mayo_Definitivo_2020.xls,MAYO 2020
2020,5,2020-05,Son Bonet,SON BONET,Illes Balears,2,119,0,05.Mayo_Definitivo_2020.xls,MAYO 2020
2020,5,2020-05,Tenerife Norte-C. La Laguna,TENERIFE NORTE-C. LA LAGUNA,Santa Cruz de Tenerife,21693,992,810630,05.Mayo_Definitivo_2020.xls,MAYO 2020
2020,5,2020-05,Tenerife-Sur,TENERIFE-SUR,Santa Cruz de Tenerife,5853,227,14064,05.Mayo_Definitivo_2020.xls,MAYO 2020
2020,5,2020-05,Valencia,VALENCIA,Valencia,1387,761,724555,05.Mayo_Definitivo_2020.xls,MAYO 2020
2020,5,2020-05,Valladolid,VALLADOLID,Valladolid,97,32,0,05.Mayo_Definitivo_2020.xls,MAYO 2020
2020,5,2020-05,Vigo,VIGO,Pontevedra,521,63,1129,05.Mayo_Definitivo_2020.xls,MAYO 2020
2020,5,2020-05,Vitoria,VITORIA,Alava,105,588,4463868,05.Mayo_Definitivo_2020.xls,MAYO 2020
2020,5,2020-05,Zaragoza,ZARAGOZA,Zaragoza,47,190,3895146,05.Mayo_Definitivo_2020.xls,MAYO 2020
2021,5,2021-05,A Coruna,A CORUNA,A Coruna,37761,897,5971,05_Mayo_Definitivo_2021.xls,MAYO 2021
2021,5,2021-05,Adolfo Suarez Madrid-Barajas,ADOLFO SUAREZ MADRID-BARAJAS,Madrid,1268338,14051,40821709,05_Mayo_Definitivo_2021.xls,MAYO 2021
2021,5,2021-05,Aeropuerto Intl. Region Murcia,AEROPUERTO INTL. REGION MURCIA,Murcia,5104,132,0,05_Mayo_Definitivo_2021.xls,MAYO 2021
2021,5,2021-05,Albacete,ALBACETE,Albacete,108,66,0,05_Mayo_Definitivo_2021.xls,MAYO 2021
2021,5,2021-05,Algeciras-Helipuerto,ALGECIRAS-HELIPUERTO,Cadiz,2554,244,0,05_Mayo_Definitivo_2021.xls,MAYO 2021
2021,5,2021-05,Alicante-Elche Miguel Hdez.,ALICANTE-ELCHE MIGUEL HDEZ.,Alicante,219839,2378,322540,05_Mayo_Definitivo_2021.xls,MAYO 2021
2021,5,2021-05,Almeria,ALMERIA,Almeria,14904,519,0,05_Mayo_Definitivo_2021.xls,MAYO 2021
2021,5,2021-05,Asturias,ASTURIAS,Asturias,32676,435,425,05_Mayo_Definitivo_2021.xls,MAYO 2021
2021,5,2021-05,Badajoz,BADAJOZ,Badajoz,2179,134,0,05_Mayo_Definitivo_2021.xls,MAYO 2021
2021,5,2021-05,Barcelona-El Prat J.T.,BARCELONA-EL PRAT J.T.,Barcelona,852251,9342,10557225,05_Mayo_Definitivo_2021.xls,MAYO 2021
2021,5,2021-05,Bilbao,BILBAO,Bizkaia,104386,1437,27946,05_Mayo_Definitivo_2021.xls,MAYO 2021
2021,5,2021-05,Burgos,BURGOS,Burgos,604,1846,0,05_Mayo_Definitivo_2021.xls,MAYO 2021
2021,5,2021-05,Ceuta-Helipuerto,CEUTA-HELIPUERTO,Ceuta,4629,498,0,05_Mayo_Definitivo_2021.xls,MAYO 2021
2021,5,2021-05,Cordoba,CORDOBA,Cordoba,365,1321,0,05_Mayo_Definitivo_2021.xls,MAYO 2021
2021,5,2021-05,El Hierro,EL HIERRO,Santa Cruz de Tenerife,18458,394,4391,05_Mayo_Definitivo_2021.xls,MAYO 2021
2021,5,2021-05,Fgl Granada-Jaen,FGL GRANADA-JAEN,Granada,22481,752,0,05_Mayo_Definitivo_2021.xls,MAYO 2021
2021,5,2021-05,Fuerteventura,FUERTEVENTURA,Las Palmas,160168,2016,24689,05_Mayo_Definitivo_2021.xls,MAYO 2021
2021,5,2021-05,Girona-Costa Brava,GIRONA-COSTA BRAVA,Girona,1874,898,1302,05_Mayo_Definitivo_2021.xls,MAYO 2021
2021,5,2021-05,Gran Canaria,GRAN CANARIA,Las Palmas,381097,5628,1195577,05_Mayo_Definitivo_2021.xls,MAYO 2021
2021,5,2021-05,Huesca-Pirineos,HUESCA-PIRINEOS,Huesca,337,273,0,05_Mayo_Definitivo_2021.xls,MAYO 2021
2021,5,2021-05,Ibiza,IBIZA,Illes Balears,258374,3828,85435,05_Mayo_Definitivo_2021.xls,MAYO 2021
2021,5,2021-05,Jerez De La Frontera,JEREZ DE LA FRONTERA,Cadiz,17875,4103,0,05_Mayo_Definitivo_2021.xls,MAYO 2021
2021,5,2021-05,La Gomera,LA GOMERA,Santa Cruz de Tenerife,6216,192,99,05_Mayo_Definitivo_2021.xls,MAYO 2021
2021,5,2021-05,La Palma,LA PALMA,Santa Cruz de Tenerife,66168,1280,23837,05_Mayo_Definitivo_2021.xls,MAYO 2021
2021,5,2021-05,Lanzarote-Cesar Manrique,LANZAROTE-CESAR MANRIQUE,Las Palmas,152133,2270,29393,05_Mayo_Definitivo_2021.xls,MAYO 2021
2021,5,2021-05,Leon,LEON,Leon,826,161,0,05_Mayo_Definitivo_2021.xls,MAYO 2021
2021,5,2021-05,Logrono,LOGRONO,La Rioja,206,106,0,05_Mayo_Definitivo_2021.xls,MAYO 2021
2021,5,2021-05,Madrid-Cuatro Vientos,MADRID-CUATRO VIENTOS,Madrid,327,6911,0,05_Mayo_Definitivo_2021.xls,MAYO 2021
2021,5,2021-05,Malaga-Costa Del Sol,MALAGA-COSTA DEL SOL,Malaga,375716,5318,83655,05_Mayo_Definitivo_2021.xls,MAYO 2021
2021,5,2021-05,Melilla,MELILLA,Melilla,25069,689,573,05_Mayo_Definitivo_2021.xls,MAYO 2021
2021,5,2021-05,Menorca,MENORCA,Illes Balears,95911,1363,64591,05_Mayo_Definitivo_2021.xls,MAYO 2021
2021,5,2021-05,Palma De Mallorca,PALMA DE MALLORCA,Illes Balears,854595,9402,543920,05_Mayo_Definitivo_2021.xls,MAYO 2021
2021,5,2021-05,Pamplona,PAMPLONA,Navarra,7513,452,0,05_Mayo_Definitivo_2021.xls,MAYO 2021
2021,5,2021-05,Reus,REUS,Tarragona,577,1039,0,05_Mayo_Definitivo_2021.xls,MAYO 2021
2021,5,2021-05,Sabadell,SABADELL,Barcelona,523,5304,0,05_Mayo_Definitivo_2021.xls,MAYO 2021
2021,5,2021-05,Salamanca,SALAMANCA,Salamanca,245,1180,0,05_Mayo_Definitivo_2021.xls,MAYO 2021
2021,5,2021-05,San Sebastian,SAN SEBASTIAN,Gipuzkoa,7793,235,0,05_Mayo_Definitivo_2021.xls,MAYO 2021
2021,5,2021-05,Santiago-Rosalia De Castro,SANTIAGO-ROSALIA DE CASTRO,A Coruna,71219,897,392383,05_Mayo_Definitivo_2021.xls,MAYO 2021
2021,5,2021-05,Seve Ballesteros-Santander,SEVE BALLESTEROS-SANTANDER,Cantabria,14504,445,0,05_Mayo_Definitivo_2021.xls,MAYO 2021
2021,5,2021-05,Sevilla,SEVILLA,Sevilla,156964,3330,759214,05_Mayo_Definitivo_2021.xls,MAYO 2021
2021,5,2021-05,Son Bonet,SON BONET,Illes Balears,760,1465,0,05_Mayo_Definitivo_2021.xls,MAYO 2021
2021,5,2021-05,Tenerife Norte-C. La Laguna,TENERIFE NORTE-C. LA LAGUNA,Santa Cruz de Tenerife,274788,4433,979008,05_Mayo_Definitivo_2021.xls,MAYO 2021
2021,5,2021-05,Tenerife-Sur,TENERIFE-SUR,Santa Cruz de Tenerife,161919,2109,32126,05_Mayo_Definitivo_2021.xls,MAYO 2021
2021,5,2021-05,Valencia,VALENCIA,Valencia,154483,2795,1001915,05_Mayo_Definitivo_2021.xls,MAYO 2021
2021,5,2021-05,Valladolid,VALLADOLID,Valladolid,4051,495,50,05_Mayo_Definitivo_2021.xls,MAYO 2021
2021,5,2021-05,Vigo,VIGO,Pontevedra,36031,732,72471,05_Mayo_Definitivo_2021.xls,MAYO 2021
2021,5,2021-05,Vitoria,VITORIA,Alava,5048,1094,5775106,05_Mayo_Definitivo_2021.xls,MAYO 2021
2021,5,2021-05,Zaragoza,ZARAGOZA,Zaragoza,8954,664,12812722,05_Mayo_Definitivo_2021.xls,MAYO 2021
2015,6,2015-06,A Coruna,A CORUNA,A Coruna,90184,1334,11447,06.Junio-Definitivo-2015.xls,JUNIO
2015,6,2015-06,Adolfo Suarez Madrid-Barajas,ADOLFO SUAREZ MADRID-BARAJAS,Madrid,4138318,32496,31157187,06.Junio-Definitivo-2015.xls,JUNIO
2015,6,2015-06,Albacete,ALBACETE,Albacete,106,21,0,06.Junio-Definitivo-2015.xls,JUNIO
2015,6,2015-06,Algeciras-Helipuerto,ALGECIRAS-HELIPUERTO,Cadiz,0,0,0,06.Junio-Definitivo-2015.xls,JUNIO
2015,6,2015-06,Alicante-Elche,ALICANTE-ELCHE,Alicante,1073957,7392,254932,06.Junio-Definitivo-2015.xls,JUNIO
2015,6,2015-06,Almeria,ALMERIA,Almeria,74768,1036,434,06.Junio-Definitivo-2015.xls,JUNIO
2015,6,2015-06,Asturias,ASTURIAS,Asturias,107506,989,3622,06.Junio-Definitivo-2015.xls,JUNIO
2015,6,2015-06,Badajoz,BADAJOZ,Badajoz,2735,169,0,06.Junio-Definitivo-2015.xls,JUNIO
2015,6,2015-06,Barcelona-El Prat,BARCELONA-EL PRAT,Barcelona,3815345,27709,9916852,06.Junio-Definitivo-2015.xls,JUNIO
2015,6,2015-06,Bilbao,BILBAO,Bizkaia,405695,4252,270844,06.Junio-Definitivo-2015.xls,JUNIO
2015,6,2015-06,Burgos,BURGOS,Burgos,871,220,0,06.Junio-Definitivo-2015.xls,JUNIO
2015,6,2015-06,Ceuta-Helipuerto,CEUTA-HELIPUERTO,Ceuta,103,24,0,06.Junio-Definitivo-2015.xls,JUNIO
2015,6,2015-06,Cordoba,CORDOBA,Cordoba,838,827,0,06.Junio-Definitivo-2015.xls,JUNIO
2015,6,2015-06,El Hierro,EL HIERRO,Santa Cruz de Tenerife,11492,284,6145,06.Junio-Definitivo-2015.xls,JUNIO
2015,6,2015-06,Fgl Granada-Jaen,FGL GRANADA-JAEN,Granada,65900,1076,17,06.Junio-Definitivo-2015.xls,JUNIO
2015,6,2015-06,Fuerteventura,FUERTEVENTURA,Las Palmas,387655,3042,69058,06.Junio-Definitivo-2015.xls,JUNIO
2015,6,2015-06,Girona,GIRONA,Girona,215985,2269,17769,06.Junio-Definitivo-2015.xls,JUNIO
2015,6,2015-06,Gran Canaria,GRAN CANARIA,Las Palmas,692628,7183,1484187,06.Junio-Definitivo-2015.xls,JUNIO
2015,6,2015-06,Huesca-Pirineos,HUESCA-PIRINEOS,Huesca,20,148,0,06.Junio-Definitivo-2015.xls,JUNIO
2015,6,2015-06,Ibiza,IBIZA,Illes Balears,927196,8788,234099,06.Junio-Definitivo-2015.xls,JUNIO
2015,6,2015-06,Jerez De La Frontera,JEREZ DE LA FRONTERA,Cadiz,92498,3813,1,06.Junio-Definitivo-2015.xls,JUNIO
2015,6,2015-06,La Gomera,LA GOMERA,Santa Cruz de Tenerife,3110,141,73,06.Junio-Definitivo-2015.xls,JUNIO
2015,6,2015-06,La Palma,LA PALMA,Santa Cruz de Tenerife,74956,1276,41608,06.Junio-Definitivo-2015.xls,JUNIO
2015,6,2015-06,Lanzarote,LANZAROTE,Las Palmas,499618,4085,145722,06.Junio-Definitivo-2015.xls,JUNIO
2015,6,2015-06,Leon,LEON,Leon,2592,162,0,06.Junio-Definitivo-2015.xls,JUNIO
2015,6,2015-06,Logrono,LOGRONO,La Rioja,1309,111,0,06.Junio-Definitivo-2015.xls,JUNIO
2015,6,2015-06,Madrid-Cuatro Vientos,MADRID-CUATRO VIENTOS,Madrid,312,3946,0,06.Junio-Definitivo-2015.xls,JUNIO
2015,6,2015-06,Malaga-Costa Del Sol,MALAGA-COSTA DEL SOL,Malaga,1478204,10784,225583,06.Junio-Definitivo-2015.xls,JUNIO
2015,6,2015-06,Melilla,MELILLA,Melilla,25725,722,11139,06.Junio-Definitivo-2015.xls,JUNIO
2015,6,2015-06,Menorca,MENORCA,Illes Balears,415181,3679,142644,06.Junio-Definitivo-2015.xls,JUNIO
2015,6,2015-06,Murcia-San Javier,MURCIA-SAN JAVIER,Murcia,144619,1218,44,06.Junio-Definitivo-2015.xls,JUNIO
2015,6,2015-06,Palma De Mallorca,PALMA DE MALLORCA,Illes Balears,3030172,21071,1132641,06.Junio-Definitivo-2015.xls,JUNIO
2015,6,2015-06,Pamplona,PAMPLONA,Navarra,14565,791,1134,06.Junio-Definitivo-2015.xls,JUNIO
2015,6,2015-06,Reus,REUS,Tarragona,123705,1677,10,06.Junio-Definitivo-2015.xls,JUNIO
2015,6,2015-06,Sabadell,SABADELL,Barcelona,423,3003,0,06.Junio-Definitivo-2015.xls,JUNIO
2015,6,2015-06,Salamanca,SALAMANCA,Salamanca,842,784,0,06.Junio-Definitivo-2015.xls,JUNIO
2015,6,2015-06,San Sebastian,SAN SEBASTIAN,Gipuzkoa,25187,658,154,06.Junio-Definitivo-2015.xls,JUNIO
2015,6,2015-06,Santiago,SANTIAGO,A Coruna,203523,1819,200646,06.Junio-Definitivo-2015.xls,JUNIO
2015,6,2015-06,Seve Ballesteros-Santander,SEVE BALLESTEROS-SANTANDER,Cantabria,88464,1117,4,06.Junio-Definitivo-2015.xls,JUNIO
2015,6,2015-06,Sevilla,SEVILLA,Sevilla,378524,4235,496838,06.Junio-Definitivo-2015.xls,JUNIO
2015,6,2015-06,Son Bonet,SON BONET,Illes Balears,402,1438,0,06.Junio-Definitivo-2015.xls,JUNIO
2015,6,2015-06,Tenerife Norte,TENERIFE NORTE,Santa Cruz de Tenerife,321094,4421,1296102,06.Junio-Definitivo-2015.xls,JUNIO
2015,6,2015-06,Tenerife Sur,TENERIFE SUR,Santa Cruz de Tenerife,623938,4060,152685,06.Junio-Definitivo-2015.xls,JUNIO
2015,6,2015-06,Valencia,VALENCIA,Valencia,479912,5432,1486453,06.Junio-Definitivo-2015.xls,JUNIO
2015,6,2015-06,Valladolid,VALLADOLID,Valladolid,19472,439,5939,06.Junio-Definitivo-2015.xls,JUNIO
2015,6,2015-06,Vigo,VIGO,Pontevedra,66466,867,49131,06.Junio-Definitivo-2015.xls,JUNIO
2015,6,2015-06,Vitoria,VITORIA,Alava,432,602,4256652,06.Junio-Definitivo-2015.xls,JUNIO
2015,6,2015-06,Zaragoza,ZARAGOZA,Zaragoza,35597,672,5231899,06.Junio-Definitivo-2015.xls,JUNIO
2016,6,2016-06,A Coruna,A CORUNA,A Coruna,98831,1358,14654,06.Junio-Definitivo-2016.xls,JUNIO 2016
2016,6,2016-06,Adolfo Suarez Madrid-Barajas,ADOLFO SUAREZ MADRID-BARAJAS,Madrid,4413251,32939,32201569,06.Junio-Definitivo-2016.xls,JUNIO 2016
2016,6,2016-06,Albacete,ALBACETE,Albacete,72,28,0,06.Junio-Definitivo-2016.xls,JUNIO 2016
2016,6,2016-06,Algeciras-Helipuerto,ALGECIRAS-HELIPUERTO,Cadiz,11,4,0,06.Junio-Definitivo-2016.xls,JUNIO 2016
2016,6,2016-06,Alicante-Elche,ALICANTE-ELCHE,Alicante,1242372,8634,533976,06.Junio-Definitivo-2016.xls,JUNIO 2016
2016,6,2016-06,Almeria,ALMERIA,Almeria,100674,1141,124,06.Junio-Definitivo-2016.xls,JUNIO 2016
2016,6,2016-06,Asturias,ASTURIAS,Asturias,122297,1093,5546,06.Junio-Definitivo-2016.xls,JUNIO 2016
2016,6,2016-06,Badajoz,BADAJOZ,Badajoz,2904,192,0,06.Junio-Definitivo-2016.xls,JUNIO 2016
2016,6,2016-06,Barcelona-El Prat,BARCELONA-EL PRAT,Barcelona,4197822,28868,11157553,06.Junio-Definitivo-2016.xls,JUNIO 2016
2016,6,2016-06,Bilbao,BILBAO,Bizkaia,435156,4123,285722,06.Junio-Definitivo-2016.xls,JUNIO 2016
2016,6,2016-06,Burgos,BURGOS,Burgos,640,245,350,06.Junio-Definitivo-2016.xls,JUNIO 2016
2016,6,2016-06,Ceuta-Helipuerto,CEUTA-HELIPUERTO,Ceuta,80,21,0,06.Junio-Definitivo-2016.xls,JUNIO 2016
2016,6,2016-06,Cordoba,CORDOBA,Cordoba,685,781,0,06.Junio-Definitivo-2016.xls,JUNIO 2016
2016,6,2016-06,El Hierro,EL HIERRO,Santa Cruz de Tenerife,12334,304,5719,06.Junio-Definitivo-2016.xls,JUNIO 2016
2016,6,2016-06,Fgl Granada-Jaen,FGL GRANADA-JAEN,Granada,66203,1155,7,06.Junio-Definitivo-2016.xls,JUNIO 2016
2016,6,2016-06,Fuerteventura,FUERTEVENTURA,Las Palmas,437552,3550,77853,06.Junio-Definitivo-2016.xls,JUNIO 2016
2016,6,2016-06,Girona,GIRONA,Girona,205739,2453,5525,06.Junio-Definitivo-2016.xls,JUNIO 2016
2016,6,2016-06,Gran Canaria,GRAN CANARIA,Las Palmas,847400,8390,1487966,06.Junio-Definitivo-2016.xls,JUNIO 2016
2016,6,2016-06,Huesca-Pirineos,HUESCA-PIRINEOS,Huesca,6,571,0,06.Junio-Definitivo-2016.xls,JUNIO 2016
2016,6,2016-06,Ibiza,IBIZA,Illes Balears,1067136,9434,208579,06.Junio-Definitivo-2016.xls,JUNIO 2016
2016,6,2016-06,Jerez De La Frontera,JEREZ DE LA FRONTERA,Cadiz,100825,5279,85,06.Junio-Definitivo-2016.xls,JUNIO 2016
2016,6,2016-06,La Gomera,LA GOMERA,Santa Cruz de Tenerife,3178,156,67,06.Junio-Definitivo-2016.xls,JUNIO 2016
2016,6,2016-06,La Palma,LA PALMA,Santa Cruz de Tenerife,84847,1319,42235,06.Junio-Definitivo-2016.xls,JUNIO 2016
2016,6,2016-06,Lanzarote,LANZAROTE,Las Palmas,537361,4489,133980,06.Junio-Definitivo-2016.xls,JUNIO 2016
2016,6,2016-06,Leon,LEON,Leon,2508,152,0,06.Junio-Definitivo-2016.xls,JUNIO 2016
2016,6,2016-06,Logrono,LOGRONO,La Rioja,1642,125,0,06.Junio-Definitivo-2016.xls,JUNIO 2016
2016,6,2016-06,Madrid-Cuatro Vientos,MADRID-CUATRO VIENTOS,Madrid,176,3612,0,06.Junio-Definitivo-2016.xls,JUNIO 2016
2016,6,2016-06,Malaga-Costa Del Sol,MALAGA-COSTA DEL SOL,Malaga,1688474,12095,240886,06.Junio-Definitivo-2016.xls,JUNIO 2016
2016,6,2016-06,Melilla,MELILLA,Melilla,25888,724,12904,06.Junio-Definitivo-2016.xls,JUNIO 2016
2016,6,2016-06,Menorca,MENORCA,Illes Balears,459674,3821,133802,06.Junio-Definitivo-2016.xls,JUNIO 2016
2016,6,2016-06,Murcia-San Javier,MURCIA-SAN JAVIER,Murcia,132507,993,0,06.Junio-Definitivo-2016.xls,JUNIO 2016
2016,6,2016-06,Palma De Mallorca,PALMA DE MALLORCA,Illes Balears,3360448,23536,1029613,06.Junio-Definitivo-2016.xls,JUNIO 2016
2016,6,2016-06,Pamplona,PAMPLONA,Navarra,15038,583,0,06.Junio-Definitivo-2016.xls,JUNIO 2016
2016,6,2016-06,Reus,REUS,Tarragona,135265,1656,0,06.Junio-Definitivo-2016.xls,JUNIO 2016
2016,6,2016-06,Sabadell,SABADELL,Barcelona,462,3473,0,06.Junio-Definitivo-2016.xls,JUNIO 2016
2016,6,2016-06,Salamanca,SALAMANCA,Salamanca,2045,1063,0,06.Junio-Definitivo-2016.xls,JUNIO 2016
2016,6,2016-06,San Sebastian,SAN SEBASTIAN,Gipuzkoa,27241,700,0,06.Junio-Definitivo-2016.xls,JUNIO 2016
2016,6,2016-06,Santiago,SANTIAGO,A Coruna,225313,1886,190223,06.Junio-Definitivo-2016.xls,JUNIO 2016
2016,6,2016-06,Seve Ballesteros-Santander,SEVE BALLESTEROS-SANTANDER,Cantabria,75895,957,126,06.Junio-Definitivo-2016.xls,JUNIO 2016
2016,6,2016-06,Sevilla,SEVILLA,Sevilla,407611,4262,540812,06.Junio-Definitivo-2016.xls,JUNIO 2016
2016,6,2016-06,Son Bonet,SON BONET,Illes Balears,316,1427,0,06.Junio-Definitivo-2016.xls,JUNIO 2016
2016,6,2016-06,Tenerife Norte,TENERIFE NORTE,Santa Cruz de Tenerife,362222,4783,1286702,06.Junio-Definitivo-2016.xls,JUNIO 2016
2016,6,2016-06,Tenerife Sur,TENERIFE SUR,Santa Cruz de Tenerife,741700,4687,184832,06.Junio-Definitivo-2016.xls,JUNIO 2016
2016,6,2016-06,Valencia,VALENCIA,Valencia,535174,5845,1133057,06.Junio-Definitivo-2016.xls,JUNIO 2016
2016,6,2016-06,Valladolid,VALLADOLID,Valladolid,18470,441,2195,06.Junio-Definitivo-2016.xls,JUNIO 2016
2016,6,2016-06,Vigo,VIGO,Pontevedra,89080,1018,23188,06.Junio-Definitivo-2016.xls,JUNIO 2016
2016,6,2016-06,Vitoria,VITORIA,Alava,3950,644,4632629,06.Junio-Definitivo-2016.xls,JUNIO 2016
2016,6,2016-06,Zaragoza,ZARAGOZA,Zaragoza,37161,652,6688761,06.Junio-Definitivo-2016.xls,JUNIO 2016
2017,6,2017-06,A Coruna,A CORUNA,A Coruna,104905,1401,14857,06.Junio_Definitivo_2017.xls,JUNIO 2017
2017,6,2017-06,Adolfo Suarez Madrid-Barajas,ADOLFO SUAREZ MADRID-BARAJAS,Madrid,4746122,34438,38238912,06.Junio_Definitivo_2017.xls,JUNIO 2017
2017,6,2017-06,Albacete,ALBACETE,Albacete,87,29,0,06.Junio_Definitivo_2017.xls,JUNIO 2017
2017,6,2017-06,Algeciras-Helipuerto,ALGECIRAS-HELIPUERTO,Cadiz,456,94,0,06.Junio_Definitivo_2017.xls,JUNIO 2017
2017,6,2017-06,Alicante-Elche,ALICANTE-ELCHE,Alicante,1402226,9598,622407,06.Junio_Definitivo_2017.xls,JUNIO 2017
2017,6,2017-06,Almeria,ALMERIA,Almeria,125811,1409,127,06.Junio_Definitivo_2017.xls,JUNIO 2017
2017,6,2017-06,Asturias,ASTURIAS,Asturias,136435,1194,1271,06.Junio_Definitivo_2017.xls,JUNIO 2017
2017,6,2017-06,Badajoz,BADAJOZ,Badajoz,3580,141,0,06.Junio_Definitivo_2017.xls,JUNIO 2017
2017,6,2017-06,Barcelona-El Prat,BARCELONA-EL PRAT,Barcelona,4585286,30587,12432178,06.Junio_Definitivo_2017.xls,JUNIO 2017
2017,6,2017-06,Bilbao,BILBAO,Bizkaia,484829,4405,131859,06.Junio_Definitivo_2017.xls,JUNIO 2017
2017,6,2017-06,Burgos,BURGOS,Burgos,464,191,0,06.Junio_Definitivo_2017.xls,JUNIO 2017
2017,6,2017-06,Ceuta-Helipuerto,CEUTA-HELIPUERTO,Ceuta,890,180,0,06.Junio_Definitivo_2017.xls,JUNIO 2017
2017,6,2017-06,Cordoba,CORDOBA,Cordoba,640,814,0,06.Junio_Definitivo_2017.xls,JUNIO 2017
2017,6,2017-06,El Hierro,EL HIERRO,Santa Cruz de Tenerife,14668,328,6280,06.Junio_Definitivo_2017.xls,JUNIO 2017
2017,6,2017-06,Fgl Granada-Jaen,FGL GRANADA-JAEN,Granada,79686,1165,167,06.Junio_Definitivo_2017.xls,JUNIO 2017
2017,6,2017-06,Fuerteventura,FUERTEVENTURA,Las Palmas,473775,3679,85789,06.Junio_Definitivo_2017.xls,JUNIO 2017
2017,6,2017-06,Girona,GIRONA,Girona,259252,2263,29312,06.Junio_Definitivo_2017.xls,JUNIO 2017
2017,6,2017-06,Gran Canaria,GRAN CANARIA,Las Palmas,921616,8560,1477471,06.Junio_Definitivo_2017.xls,JUNIO 2017
2017,6,2017-06,Huesca-Pirineos,HUESCA-PIRINEOS,Huesca,84,808,0,06.Junio_Definitivo_2017.xls,JUNIO 2017
2017,6,2017-06,Ibiza,IBIZA,Illes Balears,1131103,10089,199720,06.Junio_Definitivo_2017.xls,JUNIO 2017
2017,6,2017-06,Jerez De La Frontera,JEREZ DE LA FRONTERA,Cadiz,117693,4329,128,06.Junio_Definitivo_2017.xls,JUNIO 2017
2017,6,2017-06,La Gomera,LA GOMERA,Santa Cruz de Tenerife,3036,137,85,06.Junio_Definitivo_2017.xls,JUNIO 2017
2017,6,2017-06,La Palma,LA PALMA,Santa Cruz de Tenerife,91565,1298,35219,06.Junio_Definitivo_2017.xls,JUNIO 2017
2017,6,2017-06,Lanzarote,LANZAROTE,Las Palmas,601619,4754,156203,06.Junio_Definitivo_2017.xls,JUNIO 2017
2017,6,2017-06,Leon,LEON,Leon,911,191,0,06.Junio_Definitivo_2017.xls,JUNIO 2017
2017,6,2017-06,Logrono,LOGRONO,La Rioja,1535,127,0,06.Junio_Definitivo_2017.xls,JUNIO 2017
2017,6,2017-06,Madrid-Cuatro Vientos,MADRID-CUATRO VIENTOS,Madrid,319,4357,0,06.Junio_Definitivo_2017.xls,JUNIO 2017
2017,6,2017-06,Malaga-Costa Del Sol,MALAGA-COSTA DEL SOL,Malaga,1907192,13551,262630,06.Junio_Definitivo_2017.xls,JUNIO 2017
2017,6,2017-06,Melilla,MELILLA,Melilla,25545,673,11644,06.Junio_Definitivo_2017.xls,JUNIO 2017
2017,6,2017-06,Menorca,MENORCA,Illes Balears,495061,3795,131650,06.Junio_Definitivo_2017.xls,JUNIO 2017
2017,6,2017-06,Murcia-San Javier,MURCIA-SAN JAVIER,Murcia,144521,1048,0,06.Junio_Definitivo_2017.xls,JUNIO 2017
2017,6,2017-06,Palma De Mallorca,PALMA DE MALLORCA,Illes Balears,3634124,25307,1005502,06.Junio_Definitivo_2017.xls,JUNIO 2017
2017,6,2017-06,Pamplona,PAMPLONA,Navarra,14954,557,784,06.Junio_Definitivo_2017.xls,JUNIO 2017
2017,6,2017-06,Reus,REUS,Tarragona,176627,1966,0,06.Junio_Definitivo_2017.xls,JUNIO 2017
2017,6,2017-06,Sabadell,SABADELL,Barcelona,425,3857,0,06.Junio_Definitivo_2017.xls,JUNIO 2017
2017,6,2017-06,Salamanca,SALAMANCA,Salamanca,277,1032,0,06.Junio_Definitivo_2017.xls,JUNIO 2017
2017,6,2017-06,San Sebastian,SAN SEBASTIAN,Gipuzkoa,27799,688,614,06.Junio_Definitivo_2017.xls,JUNIO 2017
2017,6,2017-06,Santiago,SANTIAGO,A Coruna,245949,1975,257118,06.Junio_Definitivo_2017.xls,JUNIO 2017
2017,6,2017-06,Seve Ballesteros-Santander,SEVE BALLESTEROS-SANTANDER,Cantabria,90672,1064,0,06.Junio_Definitivo_2017.xls,JUNIO 2017
2017,6,2017-06,Sevilla,SEVILLA,Sevilla,433830,4242,720670,06.Junio_Definitivo_2017.xls,JUNIO 2017
2017,6,2017-06,Son Bonet,SON BONET,Illes Balears,133,1526,0,06.Junio_Definitivo_2017.xls,JUNIO 2017
2017,6,2017-06,Tenerife Norte,TENERIFE NORTE,Santa Cruz de Tenerife,389957,4786,1207467,06.Junio_Definitivo_2017.xls,JUNIO 2017
2017,6,2017-06,Tenerife Sur,TENERIFE SUR,Santa Cruz de Tenerife,832898,5162,200381,06.Junio_Definitivo_2017.xls,JUNIO 2017
2017,6,2017-06,Valencia,VALENCIA,Valencia,624584,6238,1171523,06.Junio_Definitivo_2017.xls,JUNIO 2017
2017,6,2017-06,Valladolid,VALLADOLID,Valladolid,18065,447,200,06.Junio_Definitivo_2017.xls,JUNIO 2017
2017,6,2017-06,Vigo,VIGO,Pontevedra,102087,1133,39867,06.Junio_Definitivo_2017.xls,JUNIO 2017
2017,6,2017-06,Vitoria,VITORIA,Alava,6376,737,5432992,06.Junio_Definitivo_2017.xls,JUNIO 2017
2017,6,2017-06,Zaragoza,ZARAGOZA,Zaragoza,39316,700,7658326,06.Junio_Definitivo_2017.xls,JUNIO 2017
2018,6,2018-06,A Coruna,A CORUNA,A Coruna,106854,1432,11449,06.Junio_Definitivo_2018.xls,JUNIO 2018
2018,6,2018-06,Adolfo Suarez Madrid-Barajas,ADOLFO SUAREZ MADRID-BARAJAS,Madrid,5078802,35566,41497694,06.Junio_Definitivo_2018.xls,JUNIO 2018
2018,6,2018-06,Albacete,ALBACETE,Albacete,37,18,0,06.Junio_Definitivo_2018.xls,JUNIO 2018
2018,6,2018-06,Algeciras-Helipuerto,ALGECIRAS-HELIPUERTO,Cadiz,2249,218,0,06.Junio_Definitivo_2018.xls,JUNIO 2018
2018,6,2018-06,Alicante-Elche,ALICANTE-ELCHE,Alicante,1414301,9473,334589,06.Junio_Definitivo_2018.xls,JUNIO 2018
2018,6,2018-06,Almeria,ALMERIA,Almeria,127634,1282,0,06.Junio_Definitivo_2018.xls,JUNIO 2018
2018,6,2018-06,Asturias,ASTURIAS,Asturias,135735,1173,923,06.Junio_Definitivo_2018.xls,JUNIO 2018
2018,6,2018-06,Badajoz,BADAJOZ,Badajoz,3536,161,0,06.Junio_Definitivo_2018.xls,JUNIO 2018
2018,6,2018-06,Barcelona-El Prat J.T.,BARCELONA-EL PRAT J.T.,Barcelona,4809324,31331,14863956,06.Junio_Definitivo_2018.xls,JUNIO 2018
2018,6,2018-06,Bilbao,BILBAO,Bizkaia,520576,4633,108804,06.Junio_Definitivo_2018.xls,JUNIO 2018
2018,6,2018-06,Burgos,BURGOS,Burgos,1164,186,0,06.Junio_Definitivo_2018.xls,JUNIO 2018
2018,6,2018-06,Ceuta-Helipuerto,CEUTA-HELIPUERTO,Ceuta,3572,359,0,06.Junio_Definitivo_2018.xls,JUNIO 2018
2018,6,2018-06,Cordoba,CORDOBA,Cordoba,836,826,0,06.Junio_Definitivo_2018.xls,JUNIO 2018
2018,6,2018-06,El Hierro,EL HIERRO,Santa Cruz de Tenerife,20444,446,5341,06.Junio_Definitivo_2018.xls,JUNIO 2018
2018,6,2018-06,Fgl Granada-Jaen,FGL GRANADA-JAEN,Granada,96248,1265,0,06.Junio_Definitivo_2018.xls,JUNIO 2018
2018,6,2018-06,Fuerteventura,FUERTEVENTURA,Las Palmas,489046,4127,64116,06.Junio_Definitivo_2018.xls,JUNIO 2018
2018,6,2018-06,Girona,GIRONA,Girona,281357,2281,44621,06.Junio_Definitivo_2018.xls,JUNIO 2018
2018,6,2018-06,Gran Canaria,GRAN CANARIA,Las Palmas,985772,10024,1470352,06.Junio_Definitivo_2018.xls,JUNIO 2018
2018,6,2018-06,Huesca-Pirineos,HUESCA-PIRINEOS,Huesca,15,716,0,06.Junio_Definitivo_2018.xls,JUNIO 2018
2018,6,2018-06,Ibiza,IBIZA,Illes Balears,1164127,10360,178097,06.Junio_Definitivo_2018.xls,JUNIO 2018
2018,6,2018-06,Jerez De La Frontera,JEREZ DE LA FRONTERA,Cadiz,125312,5197,0,06.Junio_Definitivo_2018.xls,JUNIO 2018
2018,6,2018-06,La Gomera,LA GOMERA,Santa Cruz de Tenerife,5075,400,184,06.Junio_Definitivo_2018.xls,JUNIO 2018
2018,6,2018-06,La Palma,LA PALMA,Santa Cruz de Tenerife,108060,1833,40699,06.Junio_Definitivo_2018.xls,JUNIO 2018
2018,6,2018-06,Lanzarote Cesar Manrique,LANZAROTE CESAR MANRIQUE,Las Palmas,596789,5025,130588,06.Junio_Definitivo_2018.xls,JUNIO 2018
2018,6,2018-06,Leon,LEON,Leon,3142,184,0,06.Junio_Definitivo_2018.xls,JUNIO 2018
2018,6,2018-06,Logrono,LOGRONO,La Rioja,1761,203,0,06.Junio_Definitivo_2018.xls,JUNIO 2018
2018,6,2018-06,Madrid-Cuatro Vientos,MADRID-CUATRO VIENTOS,Madrid,330,4758,0,06.Junio_Definitivo_2018.xls,JUNIO 2018
2018,6,2018-06,Malaga-Costa Del Sol,MALAGA-COSTA DEL SOL,Malaga,1930947,13869,296897,06.Junio_Definitivo_2018.xls,JUNIO 2018
2018,6,2018-06,Melilla,MELILLA,Melilla,29229,688,10759,06.Junio_Definitivo_2018.xls,JUNIO 2018
2018,6,2018-06,Menorca,MENORCA,Illes Balears,518587,4186,119253,06.Junio_Definitivo_2018.xls,JUNIO 2018
2018,6,2018-06,Murcia-San Javier,MURCIA-SAN JAVIER,Murcia,154234,1078,0,06.Junio_Definitivo_2018.xls,JUNIO 2018
2018,6,2018-06,Palma De Mallorca,PALMA DE MALLORCA,Illes Balears,3772830,27033,1005994,06.Junio_Definitivo_2018.xls,JUNIO 2018
2018,6,2018-06,Pamplona,PAMPLONA,Navarra,19906,843,23400,06.Junio_Definitivo_2018.xls,JUNIO 2018
2018,6,2018-06,Reus,REUS,Tarragona,185574,1970,0,06.Junio_Definitivo_2018.xls,JUNIO 2018
2018,6,2018-06,Sabadell,SABADELL,Barcelona,508,4234,0,06.Junio_Definitivo_2018.xls,JUNIO 2018
2018,6,2018-06,Salamanca,SALAMANCA,Salamanca,258,841,0,06.Junio_Definitivo_2018.xls,JUNIO 2018
2018,6,2018-06,San Sebastian,SAN SEBASTIAN,Gipuzkoa,25020,584,464,06.Junio_Definitivo_2018.xls,JUNIO 2018
2018,6,2018-06,Santiago,SANTIAGO,A Coruna,262158,2075,288347,06.Junio_Definitivo_2018.xls,JUNIO 2018
2018,6,2018-06,Seve Ballesteros-Santander,SEVE BALLESTEROS-SANTANDER,Cantabria,101358,1029,0,06.Junio_Definitivo_2018.xls,JUNIO 2018
2018,6,2018-06,Sevilla,SEVILLA,Sevilla,541107,4987,1063450,06.Junio_Definitivo_2018.xls,JUNIO 2018
2018,6,2018-06,Son Bonet,SON BONET,Illes Balears,352,1345,0,06.Junio_Definitivo_2018.xls,JUNIO 2018
2018,6,2018-06,Tenerife Norte,TENERIFE NORTE,Santa Cruz de Tenerife,475425,6164,1141855,06.Junio_Definitivo_2018.xls,JUNIO 2018
2018,6,2018-06,Tenerife Sur,TENERIFE SUR,Santa Cruz de Tenerife,790019,4961,171268,06.Junio_Definitivo_2018.xls,JUNIO 2018
2018,6,2018-06,Valencia,VALENCIA,Valencia,691772,6916,1340762,06.Junio_Definitivo_2018.xls,JUNIO 2018
2018,6,2018-06,Valladolid,VALLADOLID,Valladolid,19154,381,57,06.Junio_Definitivo_2018.xls,JUNIO 2018
2018,6,2018-06,Vigo,VIGO,Pontevedra,87868,958,60658,06.Junio_Definitivo_2018.xls,JUNIO 2018
2018,6,2018-06,Vitoria,VITORIA,Alava,8738,783,5294052,06.Junio_Definitivo_2018.xls,JUNIO 2018
2018,6,2018-06,Zaragoza,ZARAGOZA,Zaragoza,47797,825,9512460,06.Junio_Definitivo_2018.xls,JUNIO 2018
2019,6,2019-06,A Coruna,A CORUNA,A Coruna,125605,1492,11816,06.Junio_Definitivo_2019.xls,JUNIO 2019
2019,6,2019-06,Adolfo Suarez Madrid-Barajas,ADOLFO SUAREZ MADRID-BARAJAS,Madrid,5570367,37982,44234231,06.Junio_Definitivo_2019.xls,JUNIO 2019
2019,6,2019-06,Aeropuerto Intl. Region Murcia,AEROPUERTO INTL. REGION MURCIA,Murcia,133920,971,0,06.Junio_Definitivo_2019.xls,JUNIO 2019
2019,6,2019-06,Albacete,ALBACETE,Albacete,266,39,0,06.Junio_Definitivo_2019.xls,JUNIO 2019
2019,6,2019-06,Algeciras-Helipuerto,ALGECIRAS-HELIPUERTO,Cadiz,3108,282,0,06.Junio_Definitivo_2019.xls,JUNIO 2019
2019,6,2019-06,Alicante-Elche,ALICANTE-ELCHE,Alicante,1538176,10049,322747,06.Junio_Definitivo_2019.xls,JUNIO 2019
2019,6,2019-06,Almeria,ALMERIA,Almeria,124789,1234,125,06.Junio_Definitivo_2019.xls,JUNIO 2019
2019,6,2019-06,Asturias,ASTURIAS,Asturias,136301,1226,2429,06.Junio_Definitivo_2019.xls,JUNIO 2019
2019,6,2019-06,Badajoz,BADAJOZ,Badajoz,6135,283,0,06.Junio_Definitivo_2019.xls,JUNIO 2019
2019,6,2019-06,Barcelona-El Prat J.T.,BARCELONA-EL PRAT J.T.,Barcelona,5106242,32078,13494282,06.Junio_Definitivo_2019.xls,JUNIO 2019
2019,6,2019-06,Bilbao,BILBAO,Bizkaia,584053,4874,71035,06.Junio_Definitivo_2019.xls,JUNIO 2019
2019,6,2019-06,Burgos,BURGOS,Burgos,1716,352,0,06.Junio_Definitivo_2019.xls,JUNIO 2019
2019,6,2019-06,Ceuta-Helipuerto,CEUTA-HELIPUERTO,Ceuta,6011,568,0,06.Junio_Definitivo_2019.xls,JUNIO 2019
2019,6,2019-06,Cordoba,CORDOBA,Cordoba,911,957,0,06.Junio_Definitivo_2019.xls,JUNIO 2019
2019,6,2019-06,El Hierro,EL HIERRO,Santa Cruz de Tenerife,22387,462,5074,06.Junio_Definitivo_2019.xls,JUNIO 2019
2019,6,2019-06,Fgl Granada-Jaen,FGL GRANADA-JAEN,Granada,110164,1642,0,06.Junio_Definitivo_2019.xls,JUNIO 2019
2019,6,2019-06,Fuerteventura,FUERTEVENTURA,Las Palmas,457076,3703,52941,06.Junio_Definitivo_2019.xls,JUNIO 2019
2019,6,2019-06,Girona-Costa Brava,GIRONA-COSTA BRAVA,Girona,273998,2151,5408,06.Junio_Definitivo_2019.xls,JUNIO 2019
2019,6,2019-06,Gran Canaria,GRAN CANARIA,Las Palmas,979830,9470,1506707,06.Junio_Definitivo_2019.xls,JUNIO 2019
2019,6,2019-06,Huesca-Pirineos,HUESCA-PIRINEOS,Huesca,6,822,0,06.Junio_Definitivo_2019.xls,JUNIO 2019
2019,6,2019-06,Ibiza,IBIZA,Illes Balears,1179537,10429,152602,06.Junio_Definitivo_2019.xls,JUNIO 2019
2019,6,2019-06,Jerez De La Frontera,JEREZ DE LA FRONTERA,Cadiz,125229,5402,0,06.Junio_Definitivo_2019.xls,JUNIO 2019
2019,6,2019-06,La Gomera,LA GOMERA,Santa Cruz de Tenerife,6114,270,178,06.Junio_Definitivo_2019.xls,JUNIO 2019
2019,6,2019-06,La Palma,LA PALMA,Santa Cruz de Tenerife,117988,1812,28934,06.Junio_Definitivo_2019.xls,JUNIO 2019
2019,6,2019-06,Lanzarote-Cesar Manrique,LANZAROTE-CESAR MANRIQUE,Las Palmas,604165,4805,117581,06.Junio_Definitivo_2019.xls,JUNIO 2019
2019,6,2019-06,Leon,LEON,Leon,4450,215,0,06.Junio_Definitivo_2019.xls,JUNIO 2019
2019,6,2019-06,Logrono,LOGRONO,La Rioja,1736,186,0,06.Junio_Definitivo_2019.xls,JUNIO 2019
2019,6,2019-06,Madrid-Cuatro Vientos,MADRID-CUATRO VIENTOS,Madrid,465,4751,0,06.Junio_Definitivo_2019.xls,JUNIO 2019
2019,6,2019-06,Malaga-Costa Del Sol,MALAGA-COSTA DEL SOL,Malaga,2056254,14500,314229,06.Junio_Definitivo_2019.xls,JUNIO 2019
2019,6,2019-06,Melilla,MELILLA,Melilla,39886,931,10096,06.Junio_Definitivo_2019.xls,JUNIO 2019
2019,6,2019-06,Menorca,MENORCA,Illes Balears,524846,4287,99609,06.Junio_Definitivo_2019.xls,JUNIO 2019
2019,6,2019-06,Murcia-San Javier,MURCIA-SAN JAVIER,Murcia,0,0,0,06.Junio_Definitivo_2019.xls,JUNIO 2019
2019,6,2019-06,Palma De Mallorca,PALMA DE MALLORCA,Illes Balears,3853877,26379,806786,06.Junio_Definitivo_2019.xls,JUNIO 2019
2019,6,2019-06,Pamplona,PAMPLONA,Navarra,22537,592,10666,06.Junio_Definitivo_2019.xls,JUNIO 2019
2019,6,2019-06,Reus,REUS,Tarragona,189263,2226,0,06.Junio_Definitivo_2019.xls,JUNIO 2019
2019,6,2019-06,Sabadell,SABADELL,Barcelona,613,4695,0,06.Junio_Definitivo_2019.xls,JUNIO 2019
2019,6,2019-06,Salamanca,SALAMANCA,Salamanca,1684,1105,0,06.Junio_Definitivo_2019.xls,JUNIO 2019
2019,6,2019-06,San Sebastian,SAN SEBASTIAN,Gipuzkoa,31061,588,109,06.Junio_Definitivo_2019.xls,JUNIO 2019
2019,6,2019-06,Santiago-Rosalia De Castro,SANTIAGO-ROSALIA DE CASTRO,A Coruna,278113,2109,238633,06.Junio_Definitivo_2019.xls,JUNIO 2019
2019,6,2019-06,Seve Ballesteros-Santander,SEVE BALLESTEROS-SANTANDER,Cantabria,106783,1038,2,06.Junio_Definitivo_2019.xls,JUNIO 2019
2019,6,2019-06,Sevilla,SEVILLA,Sevilla,666903,5499,716920,06.Junio_Definitivo_2019.xls,JUNIO 2019
2019,6,2019-06,Son Bonet,SON BONET,Illes Balears,710,1726,0,06.Junio_Definitivo_2019.xls,JUNIO 2019
2019,6,2019-06,Tenerife Norte-C. La Laguna,TENERIFE NORTE-C. LA LAGUNA,Santa Cruz de Tenerife,512957,6311,1066958,06.Junio_Definitivo_2019.xls,JUNIO 2019
2019,6,2019-06,Tenerife-Sur,TENERIFE-SUR,Santa Cruz de Tenerife,820662,5123,126013,06.Junio_Definitivo_2019.xls,JUNIO 2019
2019,6,2019-06,Valencia,VALENCIA,Valencia,780180,6922,1066978,06.Junio_Definitivo_2019.xls,JUNIO 2019
2019,6,2019-06,Valladolid,VALLADOLID,Valladolid,24093,663,0,06.Junio_Definitivo_2019.xls,JUNIO 2019
2019,6,2019-06,Vigo,VIGO,Pontevedra,90194,938,28540,06.Junio_Definitivo_2019.xls,JUNIO 2019
2019,6,2019-06,Vitoria,VITORIA,Alava,16220,1026,5416843,06.Junio_Definitivo_2019.xls,JUNIO 2019
2019,6,2019-06,Zaragoza,ZARAGOZA,Zaragoza,42148,695,7427827,06.Junio_Definitivo_2019.xls,JUNIO 2019
2020,6,2020-06,A Coruna,A CORUNA,A Coruna,2595,612,0,06.Junio_Definitivo_2020.xls,JUNIO 2020
2020,6,2020-06,Adolfo Suarez Madrid-Barajas,ADOLFO SUAREZ MADRID-BARAJAS,Madrid,194753,3748,22992132,06.Junio_Definitivo_2020.xls,JUNIO 2020
2020,6,2020-06,Aeropuerto Intl. Region Murcia,AEROPUERTO INTL. REGION MURCIA,Murcia,59,44,0,06.Junio_Definitivo_2020.xls,JUNIO 2020
2020,6,2020-06,Albacete,ALBACETE,Albacete,420,19,0,06.Junio_Definitivo_2020.xls,JUNIO 2020
2020,6,2020-06,Algeciras-Helipuerto,ALGECIRAS-HELIPUERTO,Cadiz,1509,164,0,06.Junio_Definitivo_2020.xls,JUNIO 2020
2020,6,2020-06,Alicante-Elche Miguel Hdez.,ALICANTE-ELCHE MIGUEL HDEZ.,Alicante,28739,537,290592,06.Junio_Definitivo_2020.xls,JUNIO 2020
2020,6,2020-06,Almeria,ALMERIA,Almeria,1009,168,0,06.Junio_Definitivo_2020.xls,JUNIO 2020
2020,6,2020-06,Asturias,ASTURIAS,Asturias,2947,91,0,06.Junio_Definitivo_2020.xls,JUNIO 2020
2020,6,2020-06,Badajoz,BADAJOZ,Badajoz,556,97,0,06.Junio_Definitivo_2020.xls,JUNIO 2020
2020,6,2020-06,Barcelona-El Prat J.T.,BARCELONA-EL PRAT J.T.,Barcelona,148903,2753,6835440,06.Junio_Definitivo_2020.xls,JUNIO 2020
2020,6,2020-06,Bilbao,BILBAO,Bizkaia,11594,386,7232,06.Junio_Definitivo_2020.xls,JUNIO 2020
2020,6,2020-06,Burgos,BURGOS,Burgos,2933,1589,0,06.Junio_Definitivo_2020.xls,JUNIO 2020
2020,6,2020-06,Ceuta-Helipuerto,CEUTA-HELIPUERTO,Ceuta,2167,255,0,06.Junio_Definitivo_2020.xls,JUNIO 2020
2020,6,2020-06,Cordoba,CORDOBA,Cordoba,590,632,0,06.Junio_Definitivo_2020.xls,JUNIO 2020
2020,6,2020-06,El Hierro,EL HIERRO,Santa Cruz de Tenerife,8363,208,5752,06.Junio_Definitivo_2020.xls,JUNIO 2020
2020,6,2020-06,Fgl Granada-Jaen,FGL GRANADA-JAEN,Granada,1637,290,0,06.Junio_Definitivo_2020.xls,JUNIO 2020
2020,6,2020-06,Fuerteventura,FUERTEVENTURA,Las Palmas,31459,592,16246,06.Junio_Definitivo_2020.xls,JUNIO 2020
2020,6,2020-06,Girona-Costa Brava,GIRONA-COSTA BRAVA,Girona,748,330,270,06.Junio_Definitivo_2020.xls,JUNIO 2020
2020,6,2020-06,Gran Canaria,GRAN CANARIA,Las Palmas,106533,2382,985829,06.Junio_Definitivo_2020.xls,JUNIO 2020
2020,6,2020-06,Huesca-Pirineos,HUESCA-PIRINEOS,Huesca,279,138,0,06.Junio_Definitivo_2020.xls,JUNIO 2020
2020,6,2020-06,Ibiza,IBIZA,Illes Balears,49673,1138,84565,06.Junio_Definitivo_2020.xls,JUNIO 2020
2020,6,2020-06,Jerez De La Frontera,JEREZ DE LA FRONTERA,Cadiz,1555,2661,0,06.Junio_Definitivo_2020.xls,JUNIO 2020
2020,6,2020-06,La Gomera,LA GOMERA,Santa Cruz de Tenerife,1586,171,0,06.Junio_Definitivo_2020.xls,JUNIO 2020
2020,6,2020-06,La Palma,LA PALMA,Santa Cruz de Tenerife,25717,482,11347,06.Junio_Definitivo_2020.xls,JUNIO 2020
2020,6,2020-06,Lanzarote-Cesar Manrique,LANZAROTE-CESAR MANRIQUE,Las Palmas,40966,796,24081,06.Junio_Definitivo_2020.xls,JUNIO 2020
2020,6,2020-06,Leon,LEON,Leon,196,79,0,06.Junio_Definitivo_2020.xls,JUNIO 2020
2020,6,2020-06,Logrono,LOGRONO,La Rioja,191,114,0,06.Junio_Definitivo_2020.xls,JUNIO 2020
2020,6,2020-06,Madrid-Cuatro Vientos,MADRID-CUATRO VIENTOS,Madrid,100,4693,0,06.Junio_Definitivo_2020.xls,JUNIO 2020
2020,6,2020-06,Malaga-Costa Del Sol,MALAGA-COSTA DEL SOL,Malaga,52266,1572,60275,06.Junio_Definitivo_2020.xls,JUNIO 2020
2020,6,2020-06,Melilla,MELILLA,Melilla,2787,166,117,06.Junio_Definitivo_2020.xls,JUNIO 2020
2020,6,2020-06,Menorca,MENORCA,Illes Balears,24459,514,75147,06.Junio_Definitivo_2020.xls,JUNIO 2020
2020,6,2020-06,Palma De Mallorca,PALMA DE MALLORCA,Illes Balears,127555,2286,534905,06.Junio_Definitivo_2020.xls,JUNIO 2020
2020,6,2020-06,Pamplona,PAMPLONA,Navarra,326,120,0,06.Junio_Definitivo_2020.xls,JUNIO 2020
2020,6,2020-06,Reus,REUS,Tarragona,429,1256,0,06.Junio_Definitivo_2020.xls,JUNIO 2020
2020,6,2020-06,Sabadell,SABADELL,Barcelona,255,4163,0,06.Junio_Definitivo_2020.xls,JUNIO 2020
2020,6,2020-06,Salamanca,SALAMANCA,Salamanca,207,131,0,06.Junio_Definitivo_2020.xls,JUNIO 2020
2020,6,2020-06,San Sebastian,SAN SEBASTIAN,Gipuzkoa,232,34,0,06.Junio_Definitivo_2020.xls,JUNIO 2020
2020,6,2020-06,Santiago-Rosalia De Castro,SANTIAGO-ROSALIA DE CASTRO,A Coruna,10750,275,155127,06.Junio_Definitivo_2020.xls,JUNIO 2020
2020,6,2020-06,Seve Ballesteros-Santander,SEVE BALLESTEROS-SANTANDER,Cantabria,915,278,0,06.Junio_Definitivo_2020.xls,JUNIO 2020
2020,6,2020-06,Sevilla,SEVILLA,Sevilla,23583,1589,820752,06.Junio_Definitivo_2020.xls,JUNIO 2020
2020,6,2020-06,Son Bonet,SON BONET,Illes Balears,69,978,0,06.Junio_Definitivo_2020.xls,JUNIO 2020
2020,6,2020-06,Tenerife Norte-C. La Laguna,TENERIFE NORTE-C. LA LAGUNA,Santa Cruz de Tenerife,99703,1981,789320,06.Junio_Definitivo_2020.xls,JUNIO 2020
2020,6,2020-06,Tenerife-Sur,TENERIFE-SUR,Santa Cruz de Tenerife,13110,446,28608,06.Junio_Definitivo_2020.xls,JUNIO 2020
2020,6,2020-06,Valencia,VALENCIA,Valencia,24988,1431,865899,06.Junio_Definitivo_2020.xls,JUNIO 2020
2020,6,2020-06,Valladolid,VALLADOLID,Valladolid,882,66,0,06.Junio_Definitivo_2020.xls,JUNIO 2020
2020,6,2020-06,Vigo,VIGO,Pontevedra,1714,123,5259,06.Junio_Definitivo_2020.xls,JUNIO 2020
2020,6,2020-06,Vitoria,VITORIA,Alava,1559,808,5083731,06.Junio_Definitivo_2020.xls,JUNIO 2020
2020,6,2020-06,Zaragoza,ZARAGOZA,Zaragoza,607,297,5343614,06.Junio_Definitivo_2020.xls,JUNIO 2020
2021,6,2021-06,A Coruna,A CORUNA,A Coruna,51136,1152,6472,06_Junio_Definitivo_2021.xls,JUNIO 2021
2021,6,2021-06,Adolfo Suarez Madrid-Barajas,ADOLFO SUAREZ MADRID-BARAJAS,Madrid,1702076,17568,42233636,06_Junio_Definitivo_2021.xls,JUNIO 2021
2021,6,2021-06,Aeropuerto Intl. Region Murcia,AEROPUERTO INTL. REGION MURCIA,Murcia,15348,309,0,06_Junio_Definitivo_2021.xls,JUNIO 2021
2021,6,2021-06,Albacete,ALBACETE,Albacete,22,76,0,06_Junio_Definitivo_2021.xls,JUNIO 2021
2021,6,2021-06,Algeciras-Helipuerto,ALGECIRAS-HELIPUERTO,Cadiz,3116,306,0,06_Junio_Definitivo_2021.xls,JUNIO 2021
2021,6,2021-06,Alicante-Elche Miguel Hdez.,ALICANTE-ELCHE MIGUEL HDEZ.,Alicante,405799,4255,336083,06_Junio_Definitivo_2021.xls,JUNIO 2021
2021,6,2021-06,Almeria,ALMERIA,Almeria,23866,787,0,06_Junio_Definitivo_2021.xls,JUNIO 2021
2021,6,2021-06,Asturias,ASTURIAS,Asturias,77274,731,585,06_Junio_Definitivo_2021.xls,JUNIO 2021
2021,6,2021-06,Badajoz,BADAJOZ,Badajoz,2393,110,0,06_Junio_Definitivo_2021.xls,JUNIO 2021
2021,6,2021-06,Barcelona-El Prat J.T.,BARCELONA-EL PRAT J.T.,Barcelona,1374718,13359,11045317,06_Junio_Definitivo_2021.xls,JUNIO 2021
2021,6,2021-06,Bilbao,BILBAO,Bizkaia,225012,2375,36171,06_Junio_Definitivo_2021.xls,JUNIO 2021
2021,6,2021-06,Burgos,BURGOS,Burgos,732,1595,0,06_Junio_Definitivo_2021.xls,JUNIO 2021
2021,6,2021-06,Ceuta-Helipuerto,CEUTA-HELIPUERTO,Ceuta,5864,607,0,06_Junio_Definitivo_2021.xls,JUNIO 2021
2021,6,2021-06,Cordoba,CORDOBA,Cordoba,307,1225,0,06_Junio_Definitivo_2021.xls,JUNIO 2021
2021,6,2021-06,El Hierro,EL HIERRO,Santa Cruz de Tenerife,21270,440,5042,06_Junio_Definitivo_2021.xls,JUNIO 2021
2021,6,2021-06,Fgl Granada-Jaen,FGL GRANADA-JAEN,Granada,38465,925,0,06_Junio_Definitivo_2021.xls,JUNIO 2021
2021,6,2021-06,Fuerteventura,FUERTEVENTURA,Las Palmas,202191,2489,24676,06_Junio_Definitivo_2021.xls,JUNIO 2021
2021,6,2021-06,Girona-Costa Brava,GIRONA-COSTA BRAVA,Girona,19497,1134,2141,06_Junio_Definitivo_2021.xls,JUNIO 2021
2021,6,2021-06,Gran Canaria,GRAN CANARIA,Las Palmas,472591,6381,1295745,06_Junio_Definitivo_2021.xls,JUNIO 2021
2021,6,2021-06,Huesca-Pirineos,HUESCA-PIRINEOS,Huesca,23,307,0,06_Junio_Definitivo_2021.xls,JUNIO 2021
2021,6,2021-06,Ibiza,IBIZA,Illes Balears,517556,6825,107454,06_Junio_Definitivo_2021.xls,JUNIO 2021
2021,6,2021-06,Jerez De La Frontera,JEREZ DE LA FRONTERA,Cadiz,31881,3911,4,06_Junio_Definitivo_2021.xls,JUNIO 2021
2021,6,2021-06,La Gomera,LA GOMERA,Santa Cruz de Tenerife,6652,201,168,06_Junio_Definitivo_2021.xls,JUNIO 2021
2021,6,2021-06,La Palma,LA PALMA,Santa Cruz de Tenerife,83025,1478,24357,06_Junio_Definitivo_2021.xls,JUNIO 2021
2021,6,2021-06,Lanzarote-Cesar Manrique,LANZAROTE-CESAR MANRIQUE,Las Palmas,203415,2759,35319,06_Junio_Definitivo_2021.xls,JUNIO 2021
2021,6,2021-06,Leon,LEON,Leon,2354,249,0,06_Junio_Definitivo_2021.xls,JUNIO 2021
2021,6,2021-06,Logrono,LOGRONO,La Rioja,294,148,0,06_Junio_Definitivo_2021.xls,JUNIO 2021
2021,6,2021-06,Madrid-Cuatro Vientos,MADRID-CUATRO VIENTOS,Madrid,188,6052,0,06_Junio_Definitivo_2021.xls,JUNIO 2021
2021,6,2021-06,Malaga-Costa Del Sol,MALAGA-COSTA DEL SOL,Malaga,645820,7917,70392,06_Junio_Definitivo_2021.xls,JUNIO 2021
2021,6,2021-06,Melilla,MELILLA,Melilla,30297,718,352,06_Junio_Definitivo_2021.xls,JUNIO 2021
2021,6,2021-06,Menorca,MENORCA,Illes Balears,244762,2621,72181,06_Junio_Definitivo_2021.xls,JUNIO 2021
2021,6,2021-06,Palma De Mallorca,PALMA DE MALLORCA,Illes Balears,1408612,13666,630209,06_Junio_Definitivo_2021.xls,JUNIO 2021
2021,6,2021-06,Pamplona,PAMPLONA,Navarra,8553,429,718,06_Junio_Definitivo_2021.xls,JUNIO 2021
2021,6,2021-06,Reus,REUS,Tarragona,7857,1090,0,06_Junio_Definitivo_2021.xls,JUNIO 2021
2021,6,2021-06,Sabadell,SABADELL,Barcelona,548,4952,0,06_Junio_Definitivo_2021.xls,JUNIO 2021
2021,6,2021-06,Salamanca,SALAMANCA,Salamanca,774,1112,0,06_Junio_Definitivo_2021.xls,JUNIO 2021
2021,6,2021-06,San Sebastian,SAN SEBASTIAN,Gipuzkoa,11144,232,0,06_Junio_Definitivo_2021.xls,JUNIO 2021
2021,6,2021-06,Santiago-Rosalia De Castro,SANTIAGO-ROSALIA DE CASTRO,A Coruna,136512,1337,413584,06_Junio_Definitivo_2021.xls,JUNIO 2021
2021,6,2021-06,Seve Ballesteros-Santander,SEVE BALLESTEROS-SANTANDER,Cantabria,37436,632,0,06_Junio_Definitivo_2021.xls,JUNIO 2021
2021,6,2021-06,Sevilla,SEVILLA,Sevilla,293098,4120,792524,06_Junio_Definitivo_2021.xls,JUNIO 2021
2021,6,2021-06,Son Bonet,SON BONET,Illes Balears,924,1826,0,06_Junio_Definitivo_2021.xls,JUNIO 2021
2021,6,2021-06,Tenerife Norte-C. La Laguna,TENERIFE NORTE-C. LA LAGUNA,Santa Cruz de Tenerife,339160,4946,1111573,06_Junio_Definitivo_2021.xls,JUNIO 2021
2021,6,2021-06,Tenerife-Sur,TENERIFE-SUR,Santa Cruz de Tenerife,210127,2461,36719,06_Junio_Definitivo_2021.xls,JUNIO 2021
2021,6,2021-06,Valencia,VALENCIA,Valencia,318263,4316,1128223,06_Junio_Definitivo_2021.xls,JUNIO 2021
2021,6,2021-06,Valladolid,VALLADOLID,Valladolid,6405,567,0,06_Junio_Definitivo_2021.xls,JUNIO 2021
2021,6,2021-06,Vigo,VIGO,Pontevedra,45164,799,48820,06_Junio_Definitivo_2021.xls,JUNIO 2021
2021,6,2021-06,Vitoria,VITORIA,Alava,12953,1174,6336746,06_Junio_Definitivo_2021.xls,JUNIO 2021
2021,6,2021-06,Zaragoza,ZARAGOZA,Zaragoza,20097,693,12643391,06_Junio_Definitivo_2021.xls,JUNIO 2021
2015,7,2015-07,A Coruna,A CORUNA,A Coruna,100193,1434,12080,07.Julio-Definitivo-2015.xls,JULIO
2015,7,2015-07,Adolfo Suarez Madrid-Barajas,ADOLFO SUAREZ MADRID-BARAJAS,Madrid,4595447,33854,32844955,07.Julio-Definitivo-2015.xls,JULIO
2015,7,2015-07,Albacete,ALBACETE,Albacete,58,22,0,07.Julio-Definitivo-2015.xls,JULIO
2015,7,2015-07,Algeciras-Helipuerto,ALGECIRAS-HELIPUERTO,Cadiz,3,4,0,07.Julio-Definitivo-2015.xls,JULIO
2015,7,2015-07,Alicante-Elche,ALICANTE-ELCHE,Alicante,1250395,8341,379869,07.Julio-Definitivo-2015.xls,JULIO
2015,7,2015-07,Almeria,ALMERIA,Almeria,89484,1099,295,07.Julio-Definitivo-2015.xls,JULIO
2015,7,2015-07,Asturias,ASTURIAS,Asturias,127838,1254,4318,07.Julio-Definitivo-2015.xls,JULIO
2015,7,2015-07,Badajoz,BADAJOZ,Badajoz,4065,221,0,07.Julio-Definitivo-2015.xls,JULIO
2015,7,2015-07,Barcelona-El Prat,BARCELONA-EL PRAT,Barcelona,4257518,29442,10396228,07.Julio-Definitivo-2015.xls,JULIO
2015,7,2015-07,Bilbao,BILBAO,Bizkaia,468786,4403,284159,07.Julio-Definitivo-2015.xls,JULIO
2015,7,2015-07,Burgos,BURGOS,Burgos,586,273,0,07.Julio-Definitivo-2015.xls,JULIO
2015,7,2015-07,Ceuta-Helipuerto,CEUTA-HELIPUERTO,Ceuta,82,20,0,07.Julio-Definitivo-2015.xls,JULIO
2015,7,2015-07,Cordoba,CORDOBA,Cordoba,553,642,0,07.Julio-Definitivo-2015.xls,JULIO
2015,7,2015-07,El Hierro,EL HIERRO,Santa Cruz de Tenerife,13028,324,6793,07.Julio-Definitivo-2015.xls,JULIO
2015,7,2015-07,Fgl Granada-Jaen,FGL GRANADA-JAEN,Granada,59155,1018,118,07.Julio-Definitivo-2015.xls,JULIO
2015,7,2015-07,Fuerteventura,FUERTEVENTURA,Las Palmas,453847,3432,68136,07.Julio-Definitivo-2015.xls,JULIO
2015,7,2015-07,Girona,GIRONA,Girona,253564,2596,34482,07.Julio-Definitivo-2015.xls,JULIO
2015,7,2015-07,Gran Canaria,GRAN CANARIA,Las Palmas,821882,7945,1654454,07.Julio-Definitivo-2015.xls,JULIO
2015,7,2015-07,Huesca-Pirineos,HUESCA-PIRINEOS,Huesca,1,204,0,07.Julio-Definitivo-2015.xls,JULIO
2015,7,2015-07,Ibiza,IBIZA,Illes Balears,1182692,11589,261474,07.Julio-Definitivo-2015.xls,JULIO
2015,7,2015-07,Jerez De La Frontera,JEREZ DE LA FRONTERA,Cadiz,97274,4001,0,07.Julio-Definitivo-2015.xls,JULIO
2015,7,2015-07,La Gomera,LA GOMERA,Santa Cruz de Tenerife,3517,174,52,07.Julio-Definitivo-2015.xls,JULIO
2015,7,2015-07,La Palma,LA PALMA,Santa Cruz de Tenerife,94160,1631,42280,07.Julio-Definitivo-2015.xls,JULIO
2015,7,2015-07,Lanzarote,LANZAROTE,Las Palmas,563543,4373,150312,07.Julio-Definitivo-2015.xls,JULIO
2015,7,2015-07,Leon,LEON,Leon,4436,215,0,07.Julio-Definitivo-2015.xls,JULIO
2015,7,2015-07,Logrono,LOGRONO,La Rioja,1138,145,0,07.Julio-Definitivo-2015.xls,JULIO
2015,7,2015-07,Madrid-Cuatro Vientos,MADRID-CUATRO VIENTOS,Madrid,165,3774,0,07.Julio-Definitivo-2015.xls,JULIO
2015,7,2015-07,Malaga-Costa Del Sol,MALAGA-COSTA DEL SOL,Malaga,1705174,12582,217694,07.Julio-Definitivo-2015.xls,JULIO
2015,7,2015-07,Melilla,MELILLA,Melilla,29452,778,12068,07.Julio-Definitivo-2015.xls,JULIO
2015,7,2015-07,Menorca,MENORCA,Illes Balears,556063,4772,165943,07.Julio-Definitivo-2015.xls,JULIO
2015,7,2015-07,Murcia-San Javier,MURCIA-SAN JAVIER,Murcia,159598,1173,80,07.Julio-Definitivo-2015.xls,JULIO
2015,7,2015-07,Palma De Mallorca,PALMA DE MALLORCA,Illes Balears,3503125,24466,1208877,07.Julio-Definitivo-2015.xls,JULIO
2015,7,2015-07,Pamplona,PAMPLONA,Navarra,17260,526,0,07.Julio-Definitivo-2015.xls,JULIO
2015,7,2015-07,Reus,REUS,Tarragona,130409,1662,0,07.Julio-Definitivo-2015.xls,JULIO
2015,7,2015-07,Sabadell,SABADELL,Barcelona,372,3162,0,07.Julio-Definitivo-2015.xls,JULIO
2015,7,2015-07,Salamanca,SALAMANCA,Salamanca,2457,926,0,07.Julio-Definitivo-2015.xls,JULIO
2015,7,2015-07,San Sebastian,SAN SEBASTIAN,Gipuzkoa,26113,678,0,07.Julio-Definitivo-2015.xls,JULIO
2015,7,2015-07,Santiago,SANTIAGO,A Coruna,253646,2236,209384,07.Julio-Definitivo-2015.xls,JULIO
2015,7,2015-07,Seve Ballesteros-Santander,SEVE BALLESTEROS-SANTANDER,Cantabria,107013,1220,0,07.Julio-Definitivo-2015.xls,JULIO
2015,7,2015-07,Sevilla,SEVILLA,Sevilla,395260,4073,508879,07.Julio-Definitivo-2015.xls,JULIO
2015,7,2015-07,Son Bonet,SON BONET,Illes Balears,449,1752,0,07.Julio-Definitivo-2015.xls,JULIO
2015,7,2015-07,Tenerife Norte,TENERIFE NORTE,Santa Cruz de Tenerife,363266,4800,1174084,07.Julio-Definitivo-2015.xls,JULIO
2015,7,2015-07,Tenerife Sur,TENERIFE SUR,Santa Cruz de Tenerife,712862,4473,182975,07.Julio-Definitivo-2015.xls,JULIO
2015,7,2015-07,Valencia,VALENCIA,Valencia,548209,5932,1451338,07.Julio-Definitivo-2015.xls,JULIO
2015,7,2015-07,Valladolid,VALLADOLID,Valladolid,23102,505,2920,07.Julio-Definitivo-2015.xls,JULIO
2015,7,2015-07,Vigo,VIGO,Pontevedra,79651,1021,94284,07.Julio-Definitivo-2015.xls,JULIO
2015,7,2015-07,Vitoria,VITORIA,Alava,1051,704,4341266,07.Julio-Definitivo-2015.xls,JULIO
2015,7,2015-07,Zaragoza,ZARAGOZA,Zaragoza,47214,687,5911443,07.Julio-Definitivo-2015.xls,JULIO
2016,7,2016-07,A Coruna,A CORUNA,A Coruna,104349,1605,13581,07.Julio-Definitivo-2016.xls,JULIO 2016
2016,7,2016-07,Adolfo Suarez Madrid-Barajas,ADOLFO SUAREZ MADRID-BARAJAS,Madrid,4905692,34476,33894904,07.Julio-Definitivo-2016.xls,JULIO 2016
2016,7,2016-07,Albacete,ALBACETE,Albacete,66,22,0,07.Julio-Definitivo-2016.xls,JULIO 2016
2016,7,2016-07,Algeciras-Helipuerto,ALGECIRAS-HELIPUERTO,Cadiz,26,13,0,07.Julio-Definitivo-2016.xls,JULIO 2016
2016,7,2016-07,Alicante-Elche,ALICANTE-ELCHE,Alicante,1463623,9914,395089,07.Julio-Definitivo-2016.xls,JULIO 2016
2016,7,2016-07,Almeria,ALMERIA,Almeria,118562,1272,380,07.Julio-Definitivo-2016.xls,JULIO 2016
2016,7,2016-07,Asturias,ASTURIAS,Asturias,142888,1324,3398,07.Julio-Definitivo-2016.xls,JULIO 2016
2016,7,2016-07,Badajoz,BADAJOZ,Badajoz,4068,161,0,07.Julio-Definitivo-2016.xls,JULIO 2016
2016,7,2016-07,Barcelona-El Prat,BARCELONA-EL PRAT,Barcelona,4668322,30929,10857001,07.Julio-Definitivo-2016.xls,JULIO 2016
2016,7,2016-07,Bilbao,BILBAO,Bizkaia,500937,4481,251019,07.Julio-Definitivo-2016.xls,JULIO 2016
2016,7,2016-07,Burgos,BURGOS,Burgos,521,209,0,07.Julio-Definitivo-2016.xls,JULIO 2016
2016,7,2016-07,Ceuta-Helipuerto,CEUTA-HELIPUERTO,Ceuta,88,22,0,07.Julio-Definitivo-2016.xls,JULIO 2016
2016,7,2016-07,Cordoba,CORDOBA,Cordoba,660,688,0,07.Julio-Definitivo-2016.xls,JULIO 2016
2016,7,2016-07,El Hierro,EL HIERRO,Santa Cruz de Tenerife,13971,336,5802,07.Julio-Definitivo-2016.xls,JULIO 2016
2016,7,2016-07,Fgl Granada-Jaen,FGL GRANADA-JAEN,Granada,65587,1139,140,07.Julio-Definitivo-2016.xls,JULIO 2016
2016,7,2016-07,Fuerteventura,FUERTEVENTURA,Las Palmas,517296,4132,72956,07.Julio-Definitivo-2016.xls,JULIO 2016
2016,7,2016-07,Girona,GIRONA,Girona,258766,2663,3222,07.Julio-Definitivo-2016.xls,JULIO 2016
2016,7,2016-07,Gran Canaria,GRAN CANARIA,Las Palmas,986194,9040,1551568,07.Julio-Definitivo-2016.xls,JULIO 2016
2016,7,2016-07,Huesca-Pirineos,HUESCA-PIRINEOS,Huesca,13,478,0,07.Julio-Definitivo-2016.xls,JULIO 2016
2016,7,2016-07,Ibiza,IBIZA,Illes Balears,1313056,12730,206882,07.Julio-Definitivo-2016.xls,JULIO 2016
2016,7,2016-07,Jerez De La Frontera,JEREZ DE LA FRONTERA,Cadiz,104812,5203,41,07.Julio-Definitivo-2016.xls,JULIO 2016
2016,7,2016-07,La Gomera,LA GOMERA,Santa Cruz de Tenerife,4207,213,312,07.Julio-Definitivo-2016.xls,JULIO 2016
2016,7,2016-07,La Palma,LA PALMA,Santa Cruz de Tenerife,97568,1433,35488,07.Julio-Definitivo-2016.xls,JULIO 2016
2016,7,2016-07,Lanzarote,LANZAROTE,Las Palmas,630303,4844,128204,07.Julio-Definitivo-2016.xls,JULIO 2016
2016,7,2016-07,Leon,LEON,Leon,4725,226,0,07.Julio-Definitivo-2016.xls,JULIO 2016
2016,7,2016-07,Logrono,LOGRONO,La Rioja,1482,178,0,07.Julio-Definitivo-2016.xls,JULIO 2016
2016,7,2016-07,Madrid-Cuatro Vientos,MADRID-CUATRO VIENTOS,Madrid,253,3993,0,07.Julio-Definitivo-2016.xls,JULIO 2016
2016,7,2016-07,Malaga-Costa Del Sol,MALAGA-COSTA DEL SOL,Malaga,1967271,14131,184708,07.Julio-Definitivo-2016.xls,JULIO 2016
2016,7,2016-07,Melilla,MELILLA,Melilla,32628,750,11427,07.Julio-Definitivo-2016.xls,JULIO 2016
2016,7,2016-07,Menorca,MENORCA,Illes Balears,632939,5152,149292,07.Julio-Definitivo-2016.xls,JULIO 2016
2016,7,2016-07,Murcia-San Javier,MURCIA-SAN JAVIER,Murcia,150031,1051,0,07.Julio-Definitivo-2016.xls,JULIO 2016
2016,7,2016-07,Palma De Mallorca,PALMA DE MALLORCA,Illes Balears,3952184,27583,1025258,07.Julio-Definitivo-2016.xls,JULIO 2016
2016,7,2016-07,Pamplona,PAMPLONA,Navarra,16683,545,50,07.Julio-Definitivo-2016.xls,JULIO 2016
2016,7,2016-07,Reus,REUS,Tarragona,167641,1952,0,07.Julio-Definitivo-2016.xls,JULIO 2016
2016,7,2016-07,Sabadell,SABADELL,Barcelona,448,3800,0,07.Julio-Definitivo-2016.xls,JULIO 2016
2016,7,2016-07,Salamanca,SALAMANCA,Salamanca,1549,866,0,07.Julio-Definitivo-2016.xls,JULIO 2016
2016,7,2016-07,San Sebastian,SAN SEBASTIAN,Gipuzkoa,25748,681,480,07.Julio-Definitivo-2016.xls,JULIO 2016
2016,7,2016-07,Santiago,SANTIAGO,A Coruna,261529,2094,157685,07.Julio-Definitivo-2016.xls,JULIO 2016
2016,7,2016-07,Seve Ballesteros-Santander,SEVE BALLESTEROS-SANTANDER,Cantabria,86472,1055,0,07.Julio-Definitivo-2016.xls,JULIO 2016
2016,7,2016-07,Sevilla,SEVILLA,Sevilla,410859,4069,523591,07.Julio-Definitivo-2016.xls,JULIO 2016
2016,7,2016-07,Son Bonet,SON BONET,Illes Balears,447,1610,0,07.Julio-Definitivo-2016.xls,JULIO 2016
2016,7,2016-07,Tenerife Norte,TENERIFE NORTE,Santa Cruz de Tenerife,383164,4870,890141,07.Julio-Definitivo-2016.xls,JULIO 2016
2016,7,2016-07,Tenerife Sur,TENERIFE SUR,Santa Cruz de Tenerife,878645,5340,213677,07.Julio-Definitivo-2016.xls,JULIO 2016
2016,7,2016-07,Valencia,VALENCIA,Valencia,628574,6547,1040288,07.Julio-Definitivo-2016.xls,JULIO 2016
2016,7,2016-07,Valladolid,VALLADOLID,Valladolid,21748,490,1878,07.Julio-Definitivo-2016.xls,JULIO 2016
2016,7,2016-07,Vigo,VIGO,Pontevedra,101940,1217,39323,07.Julio-Definitivo-2016.xls,JULIO 2016
2016,7,2016-07,Vitoria,VITORIA,Alava,940,532,4352398,07.Julio-Definitivo-2016.xls,JULIO 2016
2016,7,2016-07,Zaragoza,ZARAGOZA,Zaragoza,44907,725,7940855,07.Julio-Definitivo-2016.xls,JULIO 2016
2017,7,2017-07,A Coruna,A CORUNA,A Coruna,110393,1410,14763,07.Julio_Definitivo_2017.xls,JULIO 2017
2017,7,2017-07,Adolfo Suarez Madrid-Barajas,ADOLFO SUAREZ MADRID-BARAJAS,Madrid,5088000,35083,39619809,07.Julio_Definitivo_2017.xls,JULIO 2017
2017,7,2017-07,Albacete,ALBACETE,Albacete,44,22,0,07.Julio_Definitivo_2017.xls,JULIO 2017
2017,7,2017-07,Algeciras-Helipuerto,ALGECIRAS-HELIPUERTO,Cadiz,1527,218,0,07.Julio_Definitivo_2017.xls,JULIO 2017
2017,7,2017-07,Alicante-Elche,ALICANTE-ELCHE,Alicante,1632872,10682,350438,07.Julio_Definitivo_2017.xls,JULIO 2017
2017,7,2017-07,Almeria,ALMERIA,Almeria,135671,1414,8,07.Julio_Definitivo_2017.xls,JULIO 2017
2017,7,2017-07,Asturias,ASTURIAS,Asturias,152956,1495,2192,07.Julio_Definitivo_2017.xls,JULIO 2017
2017,7,2017-07,Badajoz,BADAJOZ,Badajoz,4176,157,0,07.Julio_Definitivo_2017.xls,JULIO 2017
2017,7,2017-07,Barcelona-El Prat,BARCELONA-EL PRAT,Barcelona,5041481,32128,13705009,07.Julio_Definitivo_2017.xls,JULIO 2017
2017,7,2017-07,Bilbao,BILBAO,Bizkaia,513015,4321,86168,07.Julio_Definitivo_2017.xls,JULIO 2017
2017,7,2017-07,Burgos,BURGOS,Burgos,965,474,0,07.Julio_Definitivo_2017.xls,JULIO 2017
2017,7,2017-07,Ceuta-Helipuerto,CEUTA-HELIPUERTO,Ceuta,2525,354,0,07.Julio_Definitivo_2017.xls,JULIO 2017
2017,7,2017-07,Cordoba,CORDOBA,Cordoba,833,670,0,07.Julio_Definitivo_2017.xls,JULIO 2017
2017,7,2017-07,El Hierro,EL HIERRO,Santa Cruz de Tenerife,20226,384,6345,07.Julio_Definitivo_2017.xls,JULIO 2017
2017,7,2017-07,Fgl Granada-Jaen,FGL GRANADA-JAEN,Granada,79584,1161,177,07.Julio_Definitivo_2017.xls,JULIO 2017
2017,7,2017-07,Fuerteventura,FUERTEVENTURA,Las Palmas,558014,4238,72060,07.Julio_Definitivo_2017.xls,JULIO 2017
2017,7,2017-07,Girona,GIRONA,Girona,303258,2838,4664,07.Julio_Definitivo_2017.xls,JULIO 2017
2017,7,2017-07,Gran Canaria,GRAN CANARIA,Las Palmas,1087405,9456,1383922,07.Julio_Definitivo_2017.xls,JULIO 2017
2017,7,2017-07,Huesca-Pirineos,HUESCA-PIRINEOS,Huesca,7,750,0,07.Julio_Definitivo_2017.xls,JULIO 2017
2017,7,2017-07,Ibiza,IBIZA,Illes Balears,1369179,13039,196928,07.Julio_Definitivo_2017.xls,JULIO 2017
2017,7,2017-07,Jerez De La Frontera,JEREZ DE LA FRONTERA,Cadiz,127652,4692,0,07.Julio_Definitivo_2017.xls,JULIO 2017
2017,7,2017-07,La Gomera,LA GOMERA,Santa Cruz de Tenerife,5580,162,170,07.Julio_Definitivo_2017.xls,JULIO 2017
2017,7,2017-07,La Palma,LA PALMA,Santa Cruz de Tenerife,110661,1436,38803,07.Julio_Definitivo_2017.xls,JULIO 2017
2017,7,2017-07,Lanzarote,LANZAROTE,Las Palmas,691537,5289,151534,07.Julio_Definitivo_2017.xls,JULIO 2017
2017,7,2017-07,Leon,LEON,Leon,6050,276,0,07.Julio_Definitivo_2017.xls,JULIO 2017
2017,7,2017-07,Logrono,LOGRONO,La Rioja,1370,169,0,07.Julio_Definitivo_2017.xls,JULIO 2017
2017,7,2017-07,Madrid-Cuatro Vientos,MADRID-CUATRO VIENTOS,Madrid,270,4389,0,07.Julio_Definitivo_2017.xls,JULIO 2017
2017,7,2017-07,Malaga-Costa Del Sol,MALAGA-COSTA DEL SOL,Malaga,2187120,15631,254691,07.Julio_Definitivo_2017.xls,JULIO 2017
2017,7,2017-07,Melilla,MELILLA,Melilla,30040,705,10704,07.Julio_Definitivo_2017.xls,JULIO 2017
2017,7,2017-07,Menorca,MENORCA,Illes Balears,655567,5048,136692,07.Julio_Definitivo_2017.xls,JULIO 2017
2017,7,2017-07,Murcia-San Javier,MURCIA-SAN JAVIER,Murcia,158773,1076,84,07.Julio_Definitivo_2017.xls,JULIO 2017
2017,7,2017-07,Palma De Mallorca,PALMA DE MALLORCA,Illes Balears,4157378,28970,970767,07.Julio_Definitivo_2017.xls,JULIO 2017
2017,7,2017-07,Pamplona,PAMPLONA,Navarra,17337,586,0,07.Julio_Definitivo_2017.xls,JULIO 2017
2017,7,2017-07,Reus,REUS,Tarragona,192145,2182,0,07.Julio_Definitivo_2017.xls,JULIO 2017
2017,7,2017-07,Sabadell,SABADELL,Barcelona,515,4347,0,07.Julio_Definitivo_2017.xls,JULIO 2017
2017,7,2017-07,Salamanca,SALAMANCA,Salamanca,1435,880,0,07.Julio_Definitivo_2017.xls,JULIO 2017
2017,7,2017-07,San Sebastian,SAN SEBASTIAN,Gipuzkoa,28345,729,434,07.Julio_Definitivo_2017.xls,JULIO 2017
2017,7,2017-07,Santiago,SANTIAGO,A Coruna,271943,2072,231996,07.Julio_Definitivo_2017.xls,JULIO 2017
2017,7,2017-07,Seve Ballesteros-Santander,SEVE BALLESTEROS-SANTANDER,Cantabria,103131,1139,0,07.Julio_Definitivo_2017.xls,JULIO 2017
2017,7,2017-07,Sevilla,SEVILLA,Sevilla,432483,4340,943806,07.Julio_Definitivo_2017.xls,JULIO 2017
2017,7,2017-07,Son Bonet,SON BONET,Illes Balears,301,1575,0,07.Julio_Definitivo_2017.xls,JULIO 2017
2017,7,2017-07,Tenerife Norte,TENERIFE NORTE,Santa Cruz de Tenerife,437260,5193,988845,07.Julio_Definitivo_2017.xls,JULIO 2017
2017,7,2017-07,Tenerife Sur,TENERIFE SUR,Santa Cruz de Tenerife,931935,5566,287859,07.Julio_Definitivo_2017.xls,JULIO 2017
2017,7,2017-07,Valencia,VALENCIA,Valencia,719310,6871,1111713,07.Julio_Definitivo_2017.xls,JULIO 2017
2017,7,2017-07,Valladolid,VALLADOLID,Valladolid,23931,600,0,07.Julio_Definitivo_2017.xls,JULIO 2017
2017,7,2017-07,Vigo,VIGO,Pontevedra,113046,1258,59749,07.Julio_Definitivo_2017.xls,JULIO 2017
2017,7,2017-07,Vitoria,VITORIA,Alava,8390,775,5380326,07.Julio_Definitivo_2017.xls,JULIO 2017
2017,7,2017-07,Zaragoza,ZARAGOZA,Zaragoza,50047,779,10069136,07.Julio_Definitivo_2017.xls,JULIO 2017
2018,7,2018-07,A Coruna,A CORUNA,A Coruna,117071,1731,16699,07.Julio_Definitivo_2018.xls,JULIO 2018
2018,7,2018-07,Adolfo Suarez Madrid-Barajas,ADOLFO SUAREZ MADRID-BARAJAS,Madrid,5531916,37091,42767989,07.Julio_Definitivo_2018.xls,JULIO 2018
2018,7,2018-07,Albacete,ALBACETE,Albacete,24,10,0,07.Julio_Definitivo_2018.xls,JULIO 2018
2018,7,2018-07,Algeciras-Helipuerto,ALGECIRAS-HELIPUERTO,Cadiz,3100,298,0,07.Julio_Definitivo_2018.xls,JULIO 2018
2018,7,2018-07,Alicante-Elche,ALICANTE-ELCHE,Alicante,1598795,10495,342636,07.Julio_Definitivo_2018.xls,JULIO 2018
2018,7,2018-07,Almeria,ALMERIA,Almeria,135477,1339,0,07.Julio_Definitivo_2018.xls,JULIO 2018
2018,7,2018-07,Asturias,ASTURIAS,Asturias,153912,1426,1073,07.Julio_Definitivo_2018.xls,JULIO 2018
2018,7,2018-07,Badajoz,BADAJOZ,Badajoz,3650,176,0,07.Julio_Definitivo_2018.xls,JULIO 2018
2018,7,2018-07,Barcelona-El Prat J.T.,BARCELONA-EL PRAT J.T.,Barcelona,5166397,32594,15476261,07.Julio_Definitivo_2018.xls,JULIO 2018
2018,7,2018-07,Bilbao,BILBAO,Bizkaia,555755,4716,108440,07.Julio_Definitivo_2018.xls,JULIO 2018
2018,7,2018-07,Burgos,BURGOS,Burgos,1637,299,0,07.Julio_Definitivo_2018.xls,JULIO 2018
2018,7,2018-07,Ceuta-Helipuerto,CEUTA-HELIPUERTO,Ceuta,4811,464,0,07.Julio_Definitivo_2018.xls,JULIO 2018
2018,7,2018-07,Cordoba,CORDOBA,Cordoba,778,763,0,07.Julio_Definitivo_2018.xls,JULIO 2018
2018,7,2018-07,El Hierro,EL HIERRO,Santa Cruz de Tenerife,24576,442,5241,07.Julio_Definitivo_2018.xls,JULIO 2018
2018,7,2018-07,Fgl Granada-Jaen,FGL GRANADA-JAEN,Granada,96886,1127,0,07.Julio_Definitivo_2018.xls,JULIO 2018
2018,7,2018-07,Fuerteventura,FUERTEVENTURA,Las Palmas,557669,4574,65562,07.Julio_Definitivo_2018.xls,JULIO 2018
2018,7,2018-07,Girona,GIRONA,Girona,310140,2447,18135,07.Julio_Definitivo_2018.xls,JULIO 2018
2018,7,2018-07,Gran Canaria,GRAN CANARIA,Las Palmas,1117876,10713,1571825,07.Julio_Definitivo_2018.xls,JULIO 2018
2018,7,2018-07,Huesca-Pirineos,HUESCA-PIRINEOS,Huesca,11,881,0,07.Julio_Definitivo_2018.xls,JULIO 2018
2018,7,2018-07,Ibiza,IBIZA,Illes Balears,1326034,12651,183956,07.Julio_Definitivo_2018.xls,JULIO 2018
2018,7,2018-07,Jerez De La Frontera,JEREZ DE LA FRONTERA,Cadiz,133058,5098,0,07.Julio_Definitivo_2018.xls,JULIO 2018
2018,7,2018-07,La Gomera,LA GOMERA,Santa Cruz de Tenerife,6394,239,217,07.Julio_Definitivo_2018.xls,JULIO 2018
2018,7,2018-07,La Palma,LA PALMA,Santa Cruz de Tenerife,129934,1925,41635,07.Julio_Definitivo_2018.xls,JULIO 2018
2018,7,2018-07,Lanzarote Cesar Manrique,LANZAROTE CESAR MANRIQUE,Las Palmas,665312,5269,123449,07.Julio_Definitivo_2018.xls,JULIO 2018
2018,7,2018-07,Leon,LEON,Leon,4779,249,0,07.Julio_Definitivo_2018.xls,JULIO 2018
2018,7,2018-07,Logrono,LOGRONO,La Rioja,1866,128,0,07.Julio_Definitivo_2018.xls,JULIO 2018
2018,7,2018-07,Madrid-Cuatro Vientos,MADRID-CUATRO VIENTOS,Madrid,289,5163,0,07.Julio_Definitivo_2018.xls,JULIO 2018
2018,7,2018-07,Malaga-Costa Del Sol,MALAGA-COSTA DEL SOL,Malaga,2146968,15511,317273,07.Julio_Definitivo_2018.xls,JULIO 2018
2018,7,2018-07,Melilla,MELILLA,Melilla,33442,750,11622,07.Julio_Definitivo_2018.xls,JULIO 2018
2018,7,2018-07,Menorca,MENORCA,Illes Balears,633807,5041,123263,07.Julio_Definitivo_2018.xls,JULIO 2018
2018,7,2018-07,Murcia-San Javier,MURCIA-SAN JAVIER,Murcia,163576,1118,0,07.Julio_Definitivo_2018.xls,JULIO 2018
2018,7,2018-07,Palma De Mallorca,PALMA DE MALLORCA,Illes Balears,4234555,29837,998734,07.Julio_Definitivo_2018.xls,JULIO 2018
2018,7,2018-07,Pamplona,PAMPLONA,Navarra,21540,601,5,07.Julio_Definitivo_2018.xls,JULIO 2018
2018,7,2018-07,Reus,REUS,Tarragona,194422,2227,0,07.Julio_Definitivo_2018.xls,JULIO 2018
2018,7,2018-07,Sabadell,SABADELL,Barcelona,557,4561,0,07.Julio_Definitivo_2018.xls,JULIO 2018
2018,7,2018-07,Salamanca,SALAMANCA,Salamanca,1657,982,0,07.Julio_Definitivo_2018.xls,JULIO 2018
2018,7,2018-07,San Sebastian,SAN SEBASTIAN,Gipuzkoa,28853,649,198,07.Julio_Definitivo_2018.xls,JULIO 2018
2018,7,2018-07,Santiago,SANTIAGO,A Coruna,265758,2091,263403,07.Julio_Definitivo_2018.xls,JULIO 2018
2018,7,2018-07,Seve Ballesteros-Santander,SEVE BALLESTEROS-SANTANDER,Cantabria,118100,1232,0,07.Julio_Definitivo_2018.xls,JULIO 2018
2018,7,2018-07,Sevilla,SEVILLA,Sevilla,532099,4963,1077623,07.Julio_Definitivo_2018.xls,JULIO 2018
2018,7,2018-07,Son Bonet,SON BONET,Illes Balears,516,1503,0,07.Julio_Definitivo_2018.xls,JULIO 2018
2018,7,2018-07,Tenerife Norte,TENERIFE NORTE,Santa Cruz de Tenerife,526702,6603,920605,07.Julio_Definitivo_2018.xls,JULIO 2018
2018,7,2018-07,Tenerife Sur,TENERIFE SUR,Santa Cruz de Tenerife,891332,5492,165013,07.Julio_Definitivo_2018.xls,JULIO 2018
2018,7,2018-07,Valencia,VALENCIA,Valencia,791662,7810,1343292,07.Julio_Definitivo_2018.xls,JULIO 2018
2018,7,2018-07,Valladolid,VALLADOLID,Valladolid,22104,493,947,07.Julio_Definitivo_2018.xls,JULIO 2018
2018,7,2018-07,Vigo,VIGO,Pontevedra,117252,1301,344620,07.Julio_Definitivo_2018.xls,JULIO 2018
2018,7,2018-07,Vitoria,VITORIA,Alava,11631,817,5362116,07.Julio_Definitivo_2018.xls,JULIO 2018
2018,7,2018-07,Zaragoza,ZARAGOZA,Zaragoza,62019,936,12449978,07.Julio_Definitivo_2018.xls,JULIO 2018
2019,7,2019-07,A Coruna,A CORUNA,A Coruna,130069,1755,12546,07.Julio_Definitivo_2019.xls,JULIO 2019
2019,7,2019-07,Adolfo Suarez Madrid-Barajas,ADOLFO SUAREZ MADRID-BARAJAS,Madrid,5944675,38973,46417819,07.Julio_Definitivo_2019.xls,JULIO 2019
2019,7,2019-07,Aeropuerto Intl. Region Murcia,AEROPUERTO INTL. REGION MURCIA,Murcia,145286,989,0,07.Julio_Definitivo_2019.xls,JULIO 2019
2019,7,2019-07,Albacete,ALBACETE,Albacete,54,28,0,07.Julio_Definitivo_2019.xls,JULIO 2019
2019,7,2019-07,Algeciras-Helipuerto,ALGECIRAS-HELIPUERTO,Cadiz,3524,308,0,07.Julio_Definitivo_2019.xls,JULIO 2019
2019,7,2019-07,Alicante-Elche,ALICANTE-ELCHE,Alicante,1721603,11068,391623,07.Julio_Definitivo_2019.xls,JULIO 2019
2019,7,2019-07,Almeria,ALMERIA,Almeria,134061,1355,0,07.Julio_Definitivo_2019.xls,JULIO 2019
2019,7,2019-07,Asturias,ASTURIAS,Asturias,157568,1533,2167,07.Julio_Definitivo_2019.xls,JULIO 2019
2019,7,2019-07,Badajoz,BADAJOZ,Badajoz,6840,311,0,07.Julio_Definitivo_2019.xls,JULIO 2019
2019,7,2019-07,Barcelona-El Prat J.T.,BARCELONA-EL PRAT J.T.,Barcelona,5361321,33232,15755750,07.Julio_Definitivo_2019.xls,JULIO 2019
2019,7,2019-07,Bilbao,BILBAO,Bizkaia,603139,4930,77669,07.Julio_Definitivo_2019.xls,JULIO 2019
2019,7,2019-07,Burgos,BURGOS,Burgos,1642,253,0,07.Julio_Definitivo_2019.xls,JULIO 2019
2019,7,2019-07,Ceuta-Helipuerto,CEUTA-HELIPUERTO,Ceuta,6455,663,0,07.Julio_Definitivo_2019.xls,JULIO 2019
2019,7,2019-07,Cordoba,CORDOBA,Cordoba,920,966,0,07.Julio_Definitivo_2019.xls,JULIO 2019
2019,7,2019-07,El Hierro,EL HIERRO,Santa Cruz de Tenerife,26779,498,6593,07.Julio_Definitivo_2019.xls,JULIO 2019
2019,7,2019-07,Fgl Granada-Jaen,FGL GRANADA-JAEN,Granada,110835,1294,0,07.Julio_Definitivo_2019.xls,JULIO 2019
2019,7,2019-07,Fuerteventura,FUERTEVENTURA,Las Palmas,504911,4144,49728,07.Julio_Definitivo_2019.xls,JULIO 2019
2019,7,2019-07,Girona-Costa Brava,GIRONA-COSTA BRAVA,Girona,294820,2439,2315,07.Julio_Definitivo_2019.xls,JULIO 2019
2019,7,2019-07,Gran Canaria,GRAN CANARIA,Las Palmas,1068965,10196,1726752,07.Julio_Definitivo_2019.xls,JULIO 2019
2019,7,2019-07,Huesca-Pirineos,HUESCA-PIRINEOS,Huesca,15,843,0,07.Julio_Definitivo_2019.xls,JULIO 2019
2019,7,2019-07,Ibiza,IBIZA,Illes Balears,1332411,12242,163588,07.Julio_Definitivo_2019.xls,JULIO 2019
2019,7,2019-07,Jerez De La Frontera,JEREZ DE LA FRONTERA,Cadiz,128666,5275,0,07.Julio_Definitivo_2019.xls,JULIO 2019
2019,7,2019-07,La Gomera,LA GOMERA,Santa Cruz de Tenerife,9358,324,286,07.Julio_Definitivo_2019.xls,JULIO 2019
2019,7,2019-07,La Palma,LA PALMA,Santa Cruz de Tenerife,130745,2004,31296,07.Julio_Definitivo_2019.xls,JULIO 2019
2019,7,2019-07,Lanzarote-Cesar Manrique,LANZAROTE-CESAR MANRIQUE,Las Palmas,649113,5255,107817,07.Julio_Definitivo_2019.xls,JULIO 2019
2019,7,2019-07,Leon,LEON,Leon,6608,299,0,07.Julio_Definitivo_2019.xls,JULIO 2019
2019,7,2019-07,Logrono,LOGRONO,La Rioja,1385,121,0,07.Julio_Definitivo_2019.xls,JULIO 2019
2019,7,2019-07,Madrid-Cuatro Vientos,MADRID-CUATRO VIENTOS,Madrid,456,5189,0,07.Julio_Definitivo_2019.xls,JULIO 2019
2019,7,2019-07,Malaga-Costa Del Sol,MALAGA-COSTA DEL SOL,Malaga,2228464,15892,408596,07.Julio_Definitivo_2019.xls,JULIO 2019
2019,7,2019-07,Melilla,MELILLA,Melilla,43375,946,16960,07.Julio_Definitivo_2019.xls,JULIO 2019
2019,7,2019-07,Menorca,MENORCA,Illes Balears,638843,5022,115650,07.Julio_Definitivo_2019.xls,JULIO 2019
2019,7,2019-07,Murcia-San Javier,MURCIA-SAN JAVIER,Murcia,0,0,0,07.Julio_Definitivo_2019.xls,JULIO 2019
2019,7,2019-07,Palma De Mallorca,PALMA DE MALLORCA,Illes Balears,4207218,28719,830036,07.Julio_Definitivo_2019.xls,JULIO 2019
2019,7,2019-07,Pamplona,PAMPLONA,Navarra,25047,615,3162,07.Julio_Definitivo_2019.xls,JULIO 2019
2019,7,2019-07,Reus,REUS,Tarragona,193143,2214,0,07.Julio_Definitivo_2019.xls,JULIO 2019
2019,7,2019-07,Sabadell,SABADELL,Barcelona,480,5310,0,07.Julio_Definitivo_2019.xls,JULIO 2019
2019,7,2019-07,Salamanca,SALAMANCA,Salamanca,2059,1035,0,07.Julio_Definitivo_2019.xls,JULIO 2019
2019,7,2019-07,San Sebastian,SAN SEBASTIAN,Gipuzkoa,32933,652,15,07.Julio_Definitivo_2019.xls,JULIO 2019
2019,7,2019-07,Santiago-Rosalia De Castro,SANTIAGO-ROSALIA DE CASTRO,A Coruna,302093,2231,283685,07.Julio_Definitivo_2019.xls,JULIO 2019
2019,7,2019-07,Seve Ballesteros-Santander,SEVE BALLESTEROS-SANTANDER,Cantabria,123005,1230,0,07.Julio_Definitivo_2019.xls,JULIO 2019
2019,7,2019-07,Sevilla,SEVILLA,Sevilla,641440,5345,764084,07.Julio_Definitivo_2019.xls,JULIO 2019
2019,7,2019-07,Son Bonet,SON BONET,Illes Balears,871,1727,0,07.Julio_Definitivo_2019.xls,JULIO 2019
2019,7,2019-07,Tenerife Norte-C. La Laguna,TENERIFE NORTE-C. LA LAGUNA,Santa Cruz de Tenerife,541207,6777,765469,07.Julio_Definitivo_2019.xls,JULIO 2019
2019,7,2019-07,Tenerife-Sur,TENERIFE-SUR,Santa Cruz de Tenerife,891912,5498,139616,07.Julio_Definitivo_2019.xls,JULIO 2019
2019,7,2019-07,Valencia,VALENCIA,Valencia,858784,7436,1279010,07.Julio_Definitivo_2019.xls,JULIO 2019
2019,7,2019-07,Valladolid,VALLADOLID,Valladolid,24270,602,260,07.Julio_Definitivo_2019.xls,JULIO 2019
2019,7,2019-07,Vigo,VIGO,Pontevedra,100611,1158,43009,07.Julio_Definitivo_2019.xls,JULIO 2019
2019,7,2019-07,Vitoria,VITORIA,Alava,17567,1131,6283417,07.Julio_Definitivo_2019.xls,JULIO 2019
2019,7,2019-07,Zaragoza,ZARAGOZA,Zaragoza,54052,884,12826216,07.Julio_Definitivo_2019.xls,JULIO 2019
2020,7,2020-07,A Coruna,A CORUNA,A Coruna,28020,1156,6805,07.Julio_Definitivo_2020.xls,JULIO 2020
2020,7,2020-07,Adolfo Suarez Madrid-Barajas,ADOLFO SUAREZ MADRID-BARAJAS,Madrid,990837,10708,28132182,07.Julio_Definitivo_2020.xls,JULIO 2020
2020,7,2020-07,Aeropuerto Intl. Region Murcia,AEROPUERTO INTL. REGION MURCIA,Murcia,28623,355,0,07.Julio_Definitivo_2020.xls,JULIO 2020
2020,7,2020-07,Albacete,ALBACETE,Albacete,468,17,0,07.Julio_Definitivo_2020.xls,JULIO 2020
2020,7,2020-07,Algeciras-Helipuerto,ALGECIRAS-HELIPUERTO,Cadiz,2803,272,0,07.Julio_Definitivo_2020.xls,JULIO 2020
2020,7,2020-07,Alicante-Elche Miguel Hdez.,ALICANTE-ELCHE MIGUEL HDEZ.,Alicante,422857,4309,320949,07.Julio_Definitivo_2020.xls,JULIO 2020
2020,7,2020-07,Almeria,ALMERIA,Almeria,22856,610,0,07.Julio_Definitivo_2020.xls,JULIO 2020
2020,7,2020-07,Asturias,ASTURIAS,Asturias,53139,740,698,07.Julio_Definitivo_2020.xls,JULIO 2020
2020,7,2020-07,Badajoz,BADAJOZ,Badajoz,2982,240,0,07.Julio_Definitivo_2020.xls,JULIO 2020
2020,7,2020-07,Barcelona-El Prat J.T.,BARCELONA-EL PRAT J.T.,Barcelona,872924,10369,9320571,07.Julio_Definitivo_2020.xls,JULIO 2020
2020,7,2020-07,Bilbao,BILBAO,Bizkaia,150866,1955,30357,07.Julio_Definitivo_2020.xls,JULIO 2020
2020,7,2020-07,Burgos,BURGOS,Burgos,3204,1833,56,07.Julio_Definitivo_2020.xls,JULIO 2020
2020,7,2020-07,Ceuta-Helipuerto,CEUTA-HELIPUERTO,Ceuta,4654,521,0,07.Julio_Definitivo_2020.xls,JULIO 2020
2020,7,2020-07,Cordoba,CORDOBA,Cordoba,699,755,0,07.Julio_Definitivo_2020.xls,JULIO 2020
2020,7,2020-07,El Hierro,EL HIERRO,Santa Cruz de Tenerife,21320,410,5048,07.Julio_Definitivo_2020.xls,JULIO 2020
2020,7,2020-07,Fgl Granada-Jaen,FGL GRANADA-JAEN,Granada,29561,876,0,07.Julio_Definitivo_2020.xls,JULIO 2020
2020,7,2020-07,Fuerteventura,FUERTEVENTURA,Las Palmas,179386,2271,25785,07.Julio_Definitivo_2020.xls,JULIO 2020
2020,7,2020-07,Girona-Costa Brava,GIRONA-COSTA BRAVA,Girona,35590,1235,78283,07.Julio_Definitivo_2020.xls,JULIO 2020
2020,7,2020-07,Gran Canaria,GRAN CANARIA,Las Palmas,381640,6046,1251048,07.Julio_Definitivo_2020.xls,JULIO 2020
2020,7,2020-07,Huesca-Pirineos,HUESCA-PIRINEOS,Huesca,474,125,0,07.Julio_Definitivo_2020.xls,JULIO 2020
2020,7,2020-07,Ibiza,IBIZA,Illes Balears,426287,6587,108829,07.Julio_Definitivo_2020.xls,JULIO 2020
2020,7,2020-07,Jerez De La Frontera,JEREZ DE LA FRONTERA,Cadiz,26358,5088,0,07.Julio_Definitivo_2020.xls,JULIO 2020
2020,7,2020-07,La Gomera,LA GOMERA,Santa Cruz de Tenerife,7490,288,89,07.Julio_Definitivo_2020.xls,JULIO 2020
2020,7,2020-07,La Palma,LA PALMA,Santa Cruz de Tenerife,70020,1207,22756,07.Julio_Definitivo_2020.xls,JULIO 2020
2020,7,2020-07,Lanzarote-Cesar Manrique,LANZAROTE-CESAR MANRIQUE,Las Palmas,194355,2691,35138,07.Julio_Definitivo_2020.xls,JULIO 2020
2020,7,2020-07,Leon,LEON,Leon,1526,335,0,07.Julio_Definitivo_2020.xls,JULIO 2020
2020,7,2020-07,Logrono,LOGRONO,La Rioja,526,120,0,07.Julio_Definitivo_2020.xls,JULIO 2020
2020,7,2020-07,Madrid-Cuatro Vientos,MADRID-CUATRO VIENTOS,Madrid,257,5651,0,07.Julio_Definitivo_2020.xls,JULIO 2020
2020,7,2020-07,Malaga-Costa Del Sol,MALAGA-COSTA DEL SOL,Malaga,575723,6939,47433,07.Julio_Definitivo_2020.xls,JULIO 2020
2020,7,2020-07,Melilla,MELILLA,Melilla,19309,510,899,07.Julio_Definitivo_2020.xls,JULIO 2020
2020,7,2020-07,Menorca,MENORCA,Illes Balears,207880,2496,84128,07.Julio_Definitivo_2020.xls,JULIO 2020
2020,7,2020-07,Palma De Mallorca,PALMA DE MALLORCA,Illes Balears,1102851,12478,576385,07.Julio_Definitivo_2020.xls,JULIO 2020
2020,7,2020-07,Pamplona,PAMPLONA,Navarra,4048,375,0,07.Julio_Definitivo_2020.xls,JULIO 2020
2020,7,2020-07,Reus,REUS,Tarragona,14513,1948,0,07.Julio_Definitivo_2020.xls,JULIO 2020
2020,7,2020-07,Sabadell,SABADELL,Barcelona,513,5288,0,07.Julio_Definitivo_2020.xls,JULIO 2020
2020,7,2020-07,Salamanca,SALAMANCA,Salamanca,262,1200,0,07.Julio_Definitivo_2020.xls,JULIO 2020
2020,7,2020-07,San Sebastian,SAN SEBASTIAN,Gipuzkoa,3939,233,0,07.Julio_Definitivo_2020.xls,JULIO 2020
2020,7,2020-07,Santiago-Rosalia De Castro,SANTIAGO-ROSALIA DE CASTRO,A Coruna,86177,1247,294678,07.Julio_Definitivo_2020.xls,JULIO 2020
2020,7,2020-07,Seve Ballesteros-Santander,SEVE BALLESTEROS-SANTANDER,Cantabria,33502,823,26,07.Julio_Definitivo_2020.xls,JULIO 2020
2020,7,2020-07,Sevilla,SEVILLA,Sevilla,185957,3457,897309,07.Julio_Definitivo_2020.xls,JULIO 2020
2020,7,2020-07,Son Bonet,SON BONET,Illes Balears,555,1425,0,07.Julio_Definitivo_2020.xls,JULIO 2020
2020,7,2020-07,Tenerife Norte-C. La Laguna,TENERIFE NORTE-C. LA LAGUNA,Santa Cruz de Tenerife,291623,4456,931804,07.Julio_Definitivo_2020.xls,JULIO 2020
2020,7,2020-07,Tenerife-Sur,TENERIFE-SUR,Santa Cruz de Tenerife,180387,2112,50487,07.Julio_Definitivo_2020.xls,JULIO 2020
2020,7,2020-07,Valencia,VALENCIA,Valencia,264319,3821,1157320,07.Julio_Definitivo_2020.xls,JULIO 2020
2020,7,2020-07,Valladolid,VALLADOLID,Valladolid,7650,520,0,07.Julio_Definitivo_2020.xls,JULIO 2020
2020,7,2020-07,Vigo,VIGO,Pontevedra,21686,649,19940,07.Julio_Definitivo_2020.xls,JULIO 2020
2020,7,2020-07,Vitoria,VITORIA,Alava,5847,1026,5746236,07.Julio_Definitivo_2020.xls,JULIO 2020
2020,7,2020-07,Zaragoza,ZARAGOZA,Zaragoza,22490,665,10144824,07.Julio_Definitivo_2020.xls,JULIO 2020
2021,7,2021-07,A Coruna,A CORUNA,A Coruna,72532,1350,8267,07_Julio_Definitivo_2021.xls,JULIO 2021
2021,7,2021-07,Adolfo Suarez Madrid-Barajas,ADOLFO SUAREZ MADRID-BARAJAS,Madrid,2555776,23192,45708442,07_Julio_Definitivo_2021.xls,JULIO 2021
2021,7,2021-07,Aeropuerto Intl. Region Murcia,AEROPUERTO INTL. REGION MURCIA,Murcia,42383,493,0,07_Julio_Definitivo_2021.xls,JULIO 2021
2021,7,2021-07,Albacete,ALBACETE,Albacete,2,110,0,07_Julio_Definitivo_2021.xls,JULIO 2021
2021,7,2021-07,Algeciras-Helipuerto,ALGECIRAS-HELIPUERTO,Cadiz,3512,310,0,07_Julio_Definitivo_2021.xls,JULIO 2021
2021,7,2021-07,Alicante-Elche Miguel Hdez.,ALICANTE-ELCHE MIGUEL HDEZ.,Alicante,748456,6713,364579,07_Julio_Definitivo_2021.xls,JULIO 2021
2021,7,2021-07,Almeria,ALMERIA,Almeria,41705,989,0,07_Julio_Definitivo_2021.xls,JULIO 2021
2021,7,2021-07,Asturias,ASTURIAS,Asturias,122714,1108,380,07_Julio_Definitivo_2021.xls,JULIO 2021
2021,7,2021-07,Badajoz,BADAJOZ,Badajoz,6771,271,0,07_Julio_Definitivo_2021.xls,JULIO 2021
2021,7,2021-07,Barcelona-El Prat J.T.,BARCELONA-EL PRAT J.T.,Barcelona,2272356,19748,11836583,07_Julio_Definitivo_2021.xls,JULIO 2021
2021,7,2021-07,Bilbao,BILBAO,Bizkaia,354710,3411,66292,07_Julio_Definitivo_2021.xls,JULIO 2021
2021,7,2021-07,Burgos,BURGOS,Burgos,1047,1855,0,07_Julio_Definitivo_2021.xls,JULIO 2021
2021,7,2021-07,Ceuta-Helipuerto,CEUTA-HELIPUERTO,Ceuta,6537,640,0,07_Julio_Definitivo_2021.xls,JULIO 2021
2021,7,2021-07,Cordoba,CORDOBA,Cordoba,312,1367,0,07_Julio_Definitivo_2021.xls,JULIO 2021
2021,7,2021-07,El Hierro,EL HIERRO,Santa Cruz de Tenerife,27688,492,5005,07_Julio_Definitivo_2021.xls,JULIO 2021
2021,7,2021-07,Fgl Granada-Jaen,FGL GRANADA-JAEN,Granada,61643,1200,0,07_Julio_Definitivo_2021.xls,JULIO 2021
2021,7,2021-07,Fuerteventura,FUERTEVENTURA,Las Palmas,317065,3508,34011,07_Julio_Definitivo_2021.xls,JULIO 2021
2021,7,2021-07,Girona-Costa Brava,GIRONA-COSTA BRAVA,Girona,52259,1796,200,07_Julio_Definitivo_2021.xls,JULIO 2021
2021,7,2021-07,Gran Canaria,GRAN CANARIA,Las Palmas,659071,8276,1344798,07_Julio_Definitivo_2021.xls,JULIO 2021
2021,7,2021-07,Huesca-Pirineos,HUESCA-PIRINEOS,Huesca,6,158,0,07_Julio_Definitivo_2021.xls,JULIO 2021
2021,7,2021-07,Ibiza,IBIZA,Illes Balears,925352,11645,116372,07_Julio_Definitivo_2021.xls,JULIO 2021
2021,7,2021-07,Jerez De La Frontera,JEREZ DE LA FRONTERA,Cadiz,62887,3749,0,07_Julio_Definitivo_2021.xls,JULIO 2021
2021,7,2021-07,La Gomera,LA GOMERA,Santa Cruz de Tenerife,11707,292,48,07_Julio_Definitivo_2021.xls,JULIO 2021
2021,7,2021-07,La Palma,LA PALMA,Santa Cruz de Tenerife,100393,1777,24965,07_Julio_Definitivo_2021.xls,JULIO 2021
2021,7,2021-07,Lanzarote-Cesar Manrique,LANZAROTE-CESAR MANRIQUE,Las Palmas,340154,3865,37558,07_Julio_Definitivo_2021.xls,JULIO 2021
2021,7,2021-07,Leon,LEON,Leon,5024,403,221,07_Julio_Definitivo_2021.xls,JULIO 2021
2021,7,2021-07,Logrono,LOGRONO,La Rioja,664,236,0,07_Julio_Definitivo_2021.xls,JULIO 2021
2021,7,2021-07,Madrid-Cuatro Vientos,MADRID-CUATRO VIENTOS,Madrid,302,6161,0,07_Julio_Definitivo_2021.xls,JULIO 2021
2021,7,2021-07,Malaga-Costa Del Sol,MALAGA-COSTA DEL SOL,Malaga,1139012,11801,342784,07_Julio_Definitivo_2021.xls,JULIO 2021
2021,7,2021-07,Melilla,MELILLA,Melilla,33411,706,1601,07_Julio_Definitivo_2021.xls,JULIO 2021
2021,7,2021-07,Menorca,MENORCA,Illes Balears,489867,5022,81492,07_Julio_Definitivo_2021.xls,JULIO 2021
2021,7,2021-07,Palma De Mallorca,PALMA DE MALLORCA,Illes Balears,2432666,22763,692864,07_Julio_Definitivo_2021.xls,JULIO 2021
2021,7,2021-07,Pamplona,PAMPLONA,Navarra,11640,528,520,07_Julio_Definitivo_2021.xls,JULIO 2021
2021,7,2021-07,Reus,REUS,Tarragona,25070,1535,0,07_Julio_Definitivo_2021.xls,JULIO 2021
2021,7,2021-07,Sabadell,SABADELL,Barcelona,592,5314,0,07_Julio_Definitivo_2021.xls,JULIO 2021
2021,7,2021-07,Salamanca,SALAMANCA,Salamanca,3059,1155,0,07_Julio_Definitivo_2021.xls,JULIO 2021
2021,7,2021-07,San Sebastian,SAN SEBASTIAN,Gipuzkoa,20743,410,0,07_Julio_Definitivo_2021.xls,JULIO 2021
2021,7,2021-07,Santiago-Rosalia De Castro,SANTIAGO-ROSALIA DE CASTRO,A Coruna,233819,2011,407418,07_Julio_Definitivo_2021.xls,JULIO 2021
2021,7,2021-07,Seve Ballesteros-Santander,SEVE BALLESTEROS-SANTANDER,Cantabria,66216,1025,5,07_Julio_Definitivo_2021.xls,JULIO 2021
2021,7,2021-07,Sevilla,SEVILLA,Sevilla,412462,4833,739734,07_Julio_Definitivo_2021.xls,JULIO 2021
2021,7,2021-07,Son Bonet,SON BONET,Illes Balears,1009,1423,0,07_Julio_Definitivo_2021.xls,JULIO 2021
2021,7,2021-07,Tenerife Norte-C. La Laguna,TENERIFE NORTE-C. LA LAGUNA,Santa Cruz de Tenerife,433355,5796,1128144,07_Julio_Definitivo_2021.xls,JULIO 2021
2021,7,2021-07,Tenerife-Sur,TENERIFE-SUR,Santa Cruz de Tenerife,367944,3898,53020,07_Julio_Definitivo_2021.xls,JULIO 2021
2021,7,2021-07,Valencia,VALENCIA,Valencia,539755,6099,1071846,07_Julio_Definitivo_2021.xls,JULIO 2021
2021,7,2021-07,Valladolid,VALLADOLID,Valladolid,16453,803,0,07_Julio_Definitivo_2021.xls,JULIO 2021
2021,7,2021-07,Vigo,VIGO,Pontevedra,60490,859,59241,07_Julio_Definitivo_2021.xls,JULIO 2021
2021,7,2021-07,Vitoria,VITORIA,Alava,18203,1270,6021061,07_Julio_Definitivo_2021.xls,JULIO 2021
2021,7,2021-07,Zaragoza,ZARAGOZA,Zaragoza,40248,909,14327592,07_Julio_Definitivo_2021.xls,JULIO 2021
2015,8,2015-08,A Coruna,A CORUNA,A Coruna,89671,1190,10984,08.Agosto-Definitivo-2015.xls,AGOSTO
2015,8,2015-08,Adolfo Suarez Madrid-Barajas,ADOLFO SUAREZ MADRID-BARAJAS,Madrid,4550326,32182,29129975,08.Agosto-Definitivo-2015.xls,AGOSTO
2015,8,2015-08,Albacete,ALBACETE,Albacete,56,20,0,08.Agosto-Definitivo-2015.xls,AGOSTO
2015,8,2015-08,Algeciras-Helipuerto,ALGECIRAS-HELIPUERTO,Cadiz,0,4,0,08.Agosto-Definitivo-2015.xls,AGOSTO
2015,8,2015-08,Alicante-Elche,ALICANTE-ELCHE,Alicante,1260839,8353,274838,08.Agosto-Definitivo-2015.xls,AGOSTO
2015,8,2015-08,Almeria,ALMERIA,Almeria,87819,1020,326,08.Agosto-Definitivo-2015.xls,AGOSTO
2015,8,2015-08,Asturias,ASTURIAS,Asturias,126298,1220,4616,08.Agosto-Definitivo-2015.xls,AGOSTO
2015,8,2015-08,Badajoz,BADAJOZ,Badajoz,1398,74,0,08.Agosto-Definitivo-2015.xls,AGOSTO
2015,8,2015-08,Barcelona-El Prat,BARCELONA-EL PRAT,Barcelona,4399719,29257,9140680,08.Agosto-Definitivo-2015.xls,AGOSTO
2015,8,2015-08,Bilbao,BILBAO,Bizkaia,454206,3997,181582,08.Agosto-Definitivo-2015.xls,AGOSTO
2015,8,2015-08,Burgos,BURGOS,Burgos,548,280,0,08.Agosto-Definitivo-2015.xls,AGOSTO
2015,8,2015-08,Ceuta-Helipuerto,CEUTA-HELIPUERTO,Ceuta,91,22,0,08.Agosto-Definitivo-2015.xls,AGOSTO
2015,8,2015-08,Cordoba,CORDOBA,Cordoba,507,481,0,08.Agosto-Definitivo-2015.xls,AGOSTO
2015,8,2015-08,El Hierro,EL HIERRO,Santa Cruz de Tenerife,15515,332,5833,08.Agosto-Definitivo-2015.xls,AGOSTO
2015,8,2015-08,Fgl Granada-Jaen,FGL GRANADA-JAEN,Granada,55748,804,136,08.Agosto-Definitivo-2015.xls,AGOSTO
2015,8,2015-08,Fuerteventura,FUERTEVENTURA,Las Palmas,515085,3865,70829,08.Agosto-Definitivo-2015.xls,AGOSTO
2015,8,2015-08,Girona,GIRONA,Girona,255076,2258,10414,08.Agosto-Definitivo-2015.xls,AGOSTO
2015,8,2015-08,Gran Canaria,GRAN CANARIA,Las Palmas,862580,7832,1467200,08.Agosto-Definitivo-2015.xls,AGOSTO
2015,8,2015-08,Huesca-Pirineos,HUESCA-PIRINEOS,Huesca,16,250,0,08.Agosto-Definitivo-2015.xls,AGOSTO
2015,8,2015-08,Ibiza,IBIZA,Illes Balears,1300505,12481,227879,08.Agosto-Definitivo-2015.xls,AGOSTO
2015,8,2015-08,Jerez De La Frontera,JEREZ DE LA FRONTERA,Cadiz,104893,4652,0,08.Agosto-Definitivo-2015.xls,AGOSTO
2015,8,2015-08,La Gomera,LA GOMERA,Santa Cruz de Tenerife,4150,174,70,08.Agosto-Definitivo-2015.xls,AGOSTO
2015,8,2015-08,La Palma,LA PALMA,Santa Cruz de Tenerife,88390,1367,37286,08.Agosto-Definitivo-2015.xls,AGOSTO
2015,8,2015-08,Lanzarote,LANZAROTE,Las Palmas,619387,4745,153233,08.Agosto-Definitivo-2015.xls,AGOSTO
2015,8,2015-08,Leon,LEON,Leon,7480,302,0,08.Agosto-Definitivo-2015.xls,AGOSTO
2015,8,2015-08,Logrono,LOGRONO,La Rioja,1416,171,0,08.Agosto-Definitivo-2015.xls,AGOSTO
2015,8,2015-08,Madrid-Cuatro Vientos,MADRID-CUATRO VIENTOS,Madrid,166,3430,0,08.Agosto-Definitivo-2015.xls,AGOSTO
2015,8,2015-08,Malaga-Costa Del Sol,MALAGA-COSTA DEL SOL,Malaga,1736950,12801,281392,08.Agosto-Definitivo-2015.xls,AGOSTO
2015,8,2015-08,Melilla,MELILLA,Melilla,30428,705,8819,08.Agosto-Definitivo-2015.xls,AGOSTO
2015,8,2015-08,Menorca,MENORCA,Illes Balears,630482,5340,156947,08.Agosto-Definitivo-2015.xls,AGOSTO
2015,8,2015-08,Murcia-San Javier,MURCIA-SAN JAVIER,Murcia,155806,1158,0,08.Agosto-Definitivo-2015.xls,AGOSTO
2015,8,2015-08,Palma De Mallorca,PALMA DE MALLORCA,Illes Balears,3775518,25725,1070269,08.Agosto-Definitivo-2015.xls,AGOSTO
2015,8,2015-08,Pamplona,PAMPLONA,Navarra,11072,490,0,08.Agosto-Definitivo-2015.xls,AGOSTO
2015,8,2015-08,Reus,REUS,Tarragona,130818,1427,0,08.Agosto-Definitivo-2015.xls,AGOSTO
2015,8,2015-08,Sabadell,SABADELL,Barcelona,385,2489,0,08.Agosto-Definitivo-2015.xls,AGOSTO
2015,8,2015-08,Salamanca,SALAMANCA,Salamanca,2115,991,0,08.Agosto-Definitivo-2015.xls,AGOSTO
2015,8,2015-08,San Sebastian,SAN SEBASTIAN,Gipuzkoa,17239,590,1242,08.Agosto-Definitivo-2015.xls,AGOSTO
2015,8,2015-08,Santiago,SANTIAGO,A Coruna,282505,2354,173741,08.Agosto-Definitivo-2015.xls,AGOSTO
2015,8,2015-08,Seve Ballesteros-Santander,SEVE BALLESTEROS-SANTANDER,Cantabria,104768,1122,0,08.Agosto-Definitivo-2015.xls,AGOSTO
2015,8,2015-08,Sevilla,SEVILLA,Sevilla,407458,3824,413828,08.Agosto-Definitivo-2015.xls,AGOSTO
2015,8,2015-08,Son Bonet,SON BONET,Illes Balears,588,1607,0,08.Agosto-Definitivo-2015.xls,AGOSTO
2015,8,2015-08,Tenerife Norte,TENERIFE NORTE,Santa Cruz de Tenerife,396974,4924,1163736,08.Agosto-Definitivo-2015.xls,AGOSTO
2015,8,2015-08,Tenerife Sur,TENERIFE SUR,Santa Cruz de Tenerife,761428,4574,210013,08.Agosto-Definitivo-2015.xls,AGOSTO
2015,8,2015-08,Valencia,VALENCIA,Valencia,599921,5887,767034,08.Agosto-Definitivo-2015.xls,AGOSTO
2015,8,2015-08,Valladolid,VALLADOLID,Valladolid,26353,561,215,08.Agosto-Definitivo-2015.xls,AGOSTO
2015,8,2015-08,Vigo,VIGO,Pontevedra,76883,923,28858,08.Agosto-Definitivo-2015.xls,AGOSTO
2015,8,2015-08,Vitoria,VITORIA,Alava,1781,555,3011807,08.Agosto-Definitivo-2015.xls,AGOSTO
2015,8,2015-08,Zaragoza,ZARAGOZA,Zaragoza,49287,661,8516364,08.Agosto-Definitivo-2015.xls,AGOSTO
2016,8,2016-08,A Coruna,A CORUNA,A Coruna,92677,1561,12959,08.Agosto-Definitivo-2016.xls,AGOSTO 2016
2016,8,2016-08,Adolfo Suarez Madrid-Barajas,ADOLFO SUAREZ MADRID-BARAJAS,Madrid,4793219,33202,32123124,08.Agosto-Definitivo-2016.xls,AGOSTO 2016
2016,8,2016-08,Albacete,ALBACETE,Albacete,17,12,0,08.Agosto-Definitivo-2016.xls,AGOSTO 2016
2016,8,2016-08,Algeciras-Helipuerto,ALGECIRAS-HELIPUERTO,Cadiz,16,9,0,08.Agosto-Definitivo-2016.xls,AGOSTO 2016
2016,8,2016-08,Alicante-Elche,ALICANTE-ELCHE,Alicante,1447343,9697,376742,08.Agosto-Definitivo-2016.xls,AGOSTO 2016
2016,8,2016-08,Almeria,ALMERIA,Almeria,117181,1171,32,08.Agosto-Definitivo-2016.xls,AGOSTO 2016
2016,8,2016-08,Asturias,ASTURIAS,Asturias,142147,1363,6300,08.Agosto-Definitivo-2016.xls,AGOSTO 2016
2016,8,2016-08,Badajoz,BADAJOZ,Badajoz,4965,139,0,08.Agosto-Definitivo-2016.xls,AGOSTO 2016
2016,8,2016-08,Barcelona-El Prat,BARCELONA-EL PRAT,Barcelona,4701329,30462,10198274,08.Agosto-Definitivo-2016.xls,AGOSTO 2016
2016,8,2016-08,Bilbao,BILBAO,Bizkaia,469067,4209,213955,08.Agosto-Definitivo-2016.xls,AGOSTO 2016
2016,8,2016-08,Burgos,BURGOS,Burgos,695,246,0,08.Agosto-Definitivo-2016.xls,AGOSTO 2016
2016,8,2016-08,Ceuta-Helipuerto,CEUTA-HELIPUERTO,Ceuta,113,30,0,08.Agosto-Definitivo-2016.xls,AGOSTO 2016
2016,8,2016-08,Cordoba,CORDOBA,Cordoba,656,590,0,08.Agosto-Definitivo-2016.xls,AGOSTO 2016
2016,8,2016-08,El Hierro,EL HIERRO,Santa Cruz de Tenerife,16317,342,6087,08.Agosto-Definitivo-2016.xls,AGOSTO 2016
2016,8,2016-08,Fgl Granada-Jaen,FGL GRANADA-JAEN,Granada,56081,820,10,08.Agosto-Definitivo-2016.xls,AGOSTO 2016
2016,8,2016-08,Fuerteventura,FUERTEVENTURA,Las Palmas,543667,4283,71936,08.Agosto-Definitivo-2016.xls,AGOSTO 2016
2016,8,2016-08,Girona,GIRONA,Girona,257894,2412,4149,08.Agosto-Definitivo-2016.xls,AGOSTO 2016
2016,8,2016-08,Gran Canaria,GRAN CANARIA,Las Palmas,1012590,9136,1498053,08.Agosto-Definitivo-2016.xls,AGOSTO 2016
2016,8,2016-08,Huesca-Pirineos,HUESCA-PIRINEOS,Huesca,15,461,0,08.Agosto-Definitivo-2016.xls,AGOSTO 2016
2016,8,2016-08,Ibiza,IBIZA,Illes Balears,1390022,12992,200519,08.Agosto-Definitivo-2016.xls,AGOSTO 2016
2016,8,2016-08,Jerez De La Frontera,JEREZ DE LA FRONTERA,Cadiz,108988,4924,2,08.Agosto-Definitivo-2016.xls,AGOSTO 2016
2016,8,2016-08,La Gomera,LA GOMERA,Santa Cruz de Tenerife,4667,190,156,08.Agosto-Definitivo-2016.xls,AGOSTO 2016
2016,8,2016-08,La Palma,LA PALMA,Santa Cruz de Tenerife,103264,2262,41579,08.Agosto-Definitivo-2016.xls,AGOSTO 2016
2016,8,2016-08,Lanzarote,LANZAROTE,Las Palmas,642514,5032,143293,08.Agosto-Definitivo-2016.xls,AGOSTO 2016
2016,8,2016-08,Leon,LEON,Leon,7077,270,0,08.Agosto-Definitivo-2016.xls,AGOSTO 2016
2016,8,2016-08,Logrono,LOGRONO,La Rioja,1150,134,0,08.Agosto-Definitivo-2016.xls,AGOSTO 2016
2016,8,2016-08,Madrid-Cuatro Vientos,MADRID-CUATRO VIENTOS,Madrid,111,3109,0,08.Agosto-Definitivo-2016.xls,AGOSTO 2016
2016,8,2016-08,Malaga-Costa Del Sol,MALAGA-COSTA DEL SOL,Malaga,1952266,14099,227069,08.Agosto-Definitivo-2016.xls,AGOSTO 2016
2016,8,2016-08,Melilla,MELILLA,Melilla,32417,747,10144,08.Agosto-Definitivo-2016.xls,AGOSTO 2016
2016,8,2016-08,Menorca,MENORCA,Illes Balears,653481,5473,147215,08.Agosto-Definitivo-2016.xls,AGOSTO 2016
2016,8,2016-08,Murcia-San Javier,MURCIA-SAN JAVIER,Murcia,144800,1000,0,08.Agosto-Definitivo-2016.xls,AGOSTO 2016
2016,8,2016-08,Palma De Mallorca,PALMA DE MALLORCA,Illes Balears,3982477,28077,901444,08.Agosto-Definitivo-2016.xls,AGOSTO 2016
2016,8,2016-08,Pamplona,PAMPLONA,Navarra,9659,463,0,08.Agosto-Definitivo-2016.xls,AGOSTO 2016
2016,8,2016-08,Reus,REUS,Tarragona,156129,1709,0,08.Agosto-Definitivo-2016.xls,AGOSTO 2016
2016,8,2016-08,Sabadell,SABADELL,Barcelona,455,3210,0,08.Agosto-Definitivo-2016.xls,AGOSTO 2016
2016,8,2016-08,Salamanca,SALAMANCA,Salamanca,2390,1068,0,08.Agosto-Definitivo-2016.xls,AGOSTO 2016
2016,8,2016-08,San Sebastian,SAN SEBASTIAN,Gipuzkoa,17382,599,627,08.Agosto-Definitivo-2016.xls,AGOSTO 2016
2016,8,2016-08,Santiago,SANTIAGO,A Coruna,276931,2374,176334,08.Agosto-Definitivo-2016.xls,AGOSTO 2016
2016,8,2016-08,Seve Ballesteros-Santander,SEVE BALLESTEROS-SANTANDER,Cantabria,83049,1009,0,08.Agosto-Definitivo-2016.xls,AGOSTO 2016
2016,8,2016-08,Sevilla,SEVILLA,Sevilla,419312,3937,461907,08.Agosto-Definitivo-2016.xls,AGOSTO 2016
2016,8,2016-08,Son Bonet,SON BONET,Illes Balears,658,1684,0,08.Agosto-Definitivo-2016.xls,AGOSTO 2016
2016,8,2016-08,Tenerife Norte,TENERIFE NORTE,Santa Cruz de Tenerife,404383,5076,960344,08.Agosto-Definitivo-2016.xls,AGOSTO 2016
2016,8,2016-08,Tenerife Sur,TENERIFE SUR,Santa Cruz de Tenerife,916845,5386,222818,08.Agosto-Definitivo-2016.xls,AGOSTO 2016
2016,8,2016-08,Valencia,VALENCIA,Valencia,680102,6542,803677,08.Agosto-Definitivo-2016.xls,AGOSTO 2016
2016,8,2016-08,Valladolid,VALLADOLID,Valladolid,24418,491,0,08.Agosto-Definitivo-2016.xls,AGOSTO 2016
2016,8,2016-08,Vigo,VIGO,Pontevedra,102230,1291,31079,08.Agosto-Definitivo-2016.xls,AGOSTO 2016
2016,8,2016-08,Vitoria,VITORIA,Alava,1050,541,3649702,08.Agosto-Definitivo-2016.xls,AGOSTO 2016
2016,8,2016-08,Zaragoza,ZARAGOZA,Zaragoza,46776,747,11534527,08.Agosto-Definitivo-2016.xls,AGOSTO 2016
2017,8,2017-08,A Coruna,A CORUNA,A Coruna,97792,1441,14412,08.Agosto_Definitivo_2017.xls,AGOSTO 2017
2017,8,2017-08,Adolfo Suarez Madrid-Barajas,ADOLFO SUAREZ MADRID-BARAJAS,Madrid,4951850,33363,38728020,08.Agosto_Definitivo_2017.xls,AGOSTO 2017
2017,8,2017-08,Albacete,ALBACETE,Albacete,60,14,0,08.Agosto_Definitivo_2017.xls,AGOSTO 2017
2017,8,2017-08,Algeciras-Helipuerto,ALGECIRAS-HELIPUERTO,Cadiz,1374,154,0,08.Agosto_Definitivo_2017.xls,AGOSTO 2017
2017,8,2017-08,Alicante-Elche,ALICANTE-ELCHE,Alicante,1616177,10525,279390,08.Agosto_Definitivo_2017.xls,AGOSTO 2017
2017,8,2017-08,Almeria,ALMERIA,Almeria,136234,1258,35,08.Agosto_Definitivo_2017.xls,AGOSTO 2017
2017,8,2017-08,Asturias,ASTURIAS,Asturias,151730,1365,3285,08.Agosto_Definitivo_2017.xls,AGOSTO 2017
2017,8,2017-08,Badajoz,BADAJOZ,Badajoz,5804,156,0,08.Agosto_Definitivo_2017.xls,AGOSTO 2017
2017,8,2017-08,Barcelona-El Prat,BARCELONA-EL PRAT,Barcelona,4944029,31495,13362182,08.Agosto_Definitivo_2017.xls,AGOSTO 2017
2017,8,2017-08,Bilbao,BILBAO,Bizkaia,473648,4013,79819,08.Agosto_Definitivo_2017.xls,AGOSTO 2017
2017,8,2017-08,Burgos,BURGOS,Burgos,921,358,0,08.Agosto_Definitivo_2017.xls,AGOSTO 2017
2017,8,2017-08,Ceuta-Helipuerto,CEUTA-HELIPUERTO,Ceuta,2056,293,0,08.Agosto_Definitivo_2017.xls,AGOSTO 2017
2017,8,2017-08,Cordoba,CORDOBA,Cordoba,546,590,0,08.Agosto_Definitivo_2017.xls,AGOSTO 2017
2017,8,2017-08,El Hierro,EL HIERRO,Santa Cruz de Tenerife,22507,390,5598,08.Agosto_Definitivo_2017.xls,AGOSTO 2017
2017,8,2017-08,Fgl Granada-Jaen,FGL GRANADA-JAEN,Granada,70462,965,4,08.Agosto_Definitivo_2017.xls,AGOSTO 2017
2017,8,2017-08,Fuerteventura,FUERTEVENTURA,Las Palmas,572276,4362,68270,08.Agosto_Definitivo_2017.xls,AGOSTO 2017
2017,8,2017-08,Girona,GIRONA,Girona,297668,2406,840,08.Agosto_Definitivo_2017.xls,AGOSTO 2017
2017,8,2017-08,Gran Canaria,GRAN CANARIA,Las Palmas,1089947,9459,1438673,08.Agosto_Definitivo_2017.xls,AGOSTO 2017
2017,8,2017-08,Huesca-Pirineos,HUESCA-PIRINEOS,Huesca,10,877,0,08.Agosto_Definitivo_2017.xls,AGOSTO 2017
2017,8,2017-08,Ibiza,IBIZA,Illes Balears,1411805,13213,197974,08.Agosto_Definitivo_2017.xls,AGOSTO 2017
2017,8,2017-08,Jerez De La Frontera,JEREZ DE LA FRONTERA,Cadiz,120893,4778,55,08.Agosto_Definitivo_2017.xls,AGOSTO 2017
2017,8,2017-08,La Gomera,LA GOMERA,Santa Cruz de Tenerife,6678,150,36,08.Agosto_Definitivo_2017.xls,AGOSTO 2017
2017,8,2017-08,La Palma,LA PALMA,Santa Cruz de Tenerife,119196,1480,34484,08.Agosto_Definitivo_2017.xls,AGOSTO 2017
2017,8,2017-08,Lanzarote,LANZAROTE,Las Palmas,721233,5430,156246,08.Agosto_Definitivo_2017.xls,AGOSTO 2017
2017,8,2017-08,Leon,LEON,Leon,7809,305,0,08.Agosto_Definitivo_2017.xls,AGOSTO 2017
2017,8,2017-08,Logrono,LOGRONO,La Rioja,1150,128,0,08.Agosto_Definitivo_2017.xls,AGOSTO 2017
2017,8,2017-08,Madrid-Cuatro Vientos,MADRID-CUATRO VIENTOS,Madrid,222,3607,0,08.Agosto_Definitivo_2017.xls,AGOSTO 2017
2017,8,2017-08,Malaga-Costa Del Sol,MALAGA-COSTA DEL SOL,Malaga,2172930,15490,350719,08.Agosto_Definitivo_2017.xls,AGOSTO 2017
2017,8,2017-08,Melilla,MELILLA,Melilla,30779,721,9814,08.Agosto_Definitivo_2017.xls,AGOSTO 2017
2017,8,2017-08,Menorca,MENORCA,Illes Balears,680781,5319,143365,08.Agosto_Definitivo_2017.xls,AGOSTO 2017
2017,8,2017-08,Murcia-San Javier,MURCIA-SAN JAVIER,Murcia,155361,1041,0,08.Agosto_Definitivo_2017.xls,AGOSTO 2017
2017,8,2017-08,Palma De Mallorca,PALMA DE MALLORCA,Illes Balears,4176931,28975,978266,08.Agosto_Definitivo_2017.xls,AGOSTO 2017
2017,8,2017-08,Pamplona,PAMPLONA,Navarra,9833,403,0,08.Agosto_Definitivo_2017.xls,AGOSTO 2017
2017,8,2017-08,Reus,REUS,Tarragona,190940,1778,0,08.Agosto_Definitivo_2017.xls,AGOSTO 2017
2017,8,2017-08,Sabadell,SABADELL,Barcelona,333,3708,0,08.Agosto_Definitivo_2017.xls,AGOSTO 2017
2017,8,2017-08,Salamanca,SALAMANCA,Salamanca,1845,991,0,08.Agosto_Definitivo_2017.xls,AGOSTO 2017
2017,8,2017-08,San Sebastian,SAN SEBASTIAN,Gipuzkoa,18414,554,544,08.Agosto_Definitivo_2017.xls,AGOSTO 2017
2017,8,2017-08,Santiago,SANTIAGO,A Coruna,271528,2162,220693,08.Agosto_Definitivo_2017.xls,AGOSTO 2017
2017,8,2017-08,Seve Ballesteros-Santander,SEVE BALLESTEROS-SANTANDER,Cantabria,104780,1115,0,08.Agosto_Definitivo_2017.xls,AGOSTO 2017
2017,8,2017-08,Sevilla,SEVILLA,Sevilla,430085,3994,936105,08.Agosto_Definitivo_2017.xls,AGOSTO 2017
2017,8,2017-08,Son Bonet,SON BONET,Illes Balears,489,1487,0,08.Agosto_Definitivo_2017.xls,AGOSTO 2017
2017,8,2017-08,Tenerife Norte,TENERIFE NORTE,Santa Cruz de Tenerife,463223,5477,1104828,08.Agosto_Definitivo_2017.xls,AGOSTO 2017
2017,8,2017-08,Tenerife Sur,TENERIFE SUR,Santa Cruz de Tenerife,941191,5507,190307,08.Agosto_Definitivo_2017.xls,AGOSTO 2017
2017,8,2017-08,Valencia,VALENCIA,Valencia,754523,6942,828678,08.Agosto_Definitivo_2017.xls,AGOSTO 2017
2017,8,2017-08,Valladolid,VALLADOLID,Valladolid,25269,534,845,08.Agosto_Definitivo_2017.xls,AGOSTO 2017
2017,8,2017-08,Vigo,VIGO,Pontevedra,112718,1324,44455,08.Agosto_Definitivo_2017.xls,AGOSTO 2017
2017,8,2017-08,Vitoria,VITORIA,Alava,8534,852,4739104,08.Agosto_Definitivo_2017.xls,AGOSTO 2017
2017,8,2017-08,Zaragoza,ZARAGOZA,Zaragoza,51923,793,16299716,08.Agosto_Definitivo_2017.xls,AGOSTO 2017
2018,8,2018-08,A Coruna,A CORUNA,A Coruna,109371,1732,16915,08.Agosto_Definitivo_2018.xls,AGOSTO 2018
2018,8,2018-08,Adolfo Suarez Madrid-Barajas,ADOLFO SUAREZ MADRID-BARAJAS,Madrid,5386890,35606,41306284,08.Agosto_Definitivo_2018.xls,AGOSTO 2018
2018,8,2018-08,Albacete,ALBACETE,Albacete,19,12,0,08.Agosto_Definitivo_2018.xls,AGOSTO 2018
2018,8,2018-08,Algeciras-Helipuerto,ALGECIRAS-HELIPUERTO,Cadiz,2857,238,0,08.Agosto_Definitivo_2018.xls,AGOSTO 2018
2018,8,2018-08,Alicante-Elche,ALICANTE-ELCHE,Alicante,1562129,10350,289965,08.Agosto_Definitivo_2018.xls,AGOSTO 2018
2018,8,2018-08,Almeria,ALMERIA,Almeria,128648,1259,0,08.Agosto_Definitivo_2018.xls,AGOSTO 2018
2018,8,2018-08,Asturias,ASTURIAS,Asturias,148107,1329,1773,08.Agosto_Definitivo_2018.xls,AGOSTO 2018
2018,8,2018-08,Badajoz,BADAJOZ,Badajoz,5208,170,0,08.Agosto_Definitivo_2018.xls,AGOSTO 2018
2018,8,2018-08,Barcelona-El Prat J.T.,BARCELONA-EL PRAT J.T.,Barcelona,5149418,32060,13827261,08.Agosto_Definitivo_2018.xls,AGOSTO 2018
2018,8,2018-08,Bilbao,BILBAO,Bizkaia,523101,4367,95468,08.Agosto_Definitivo_2018.xls,AGOSTO 2018
2018,8,2018-08,Burgos,BURGOS,Burgos,2016,402,0,08.Agosto_Definitivo_2018.xls,AGOSTO 2018
2018,8,2018-08,Ceuta-Helipuerto,CEUTA-HELIPUERTO,Ceuta,4997,460,0,08.Agosto_Definitivo_2018.xls,AGOSTO 2018
2018,8,2018-08,Cordoba,CORDOBA,Cordoba,600,604,0,08.Agosto_Definitivo_2018.xls,AGOSTO 2018
2018,8,2018-08,El Hierro,EL HIERRO,Santa Cruz de Tenerife,26245,462,5674,08.Agosto_Definitivo_2018.xls,AGOSTO 2018
2018,8,2018-08,Fgl Granada-Jaen,FGL GRANADA-JAEN,Granada,92518,972,0,08.Agosto_Definitivo_2018.xls,AGOSTO 2018
2018,8,2018-08,Fuerteventura,FUERTEVENTURA,Las Palmas,570461,4624,67785,08.Agosto_Definitivo_2018.xls,AGOSTO 2018
2018,8,2018-08,Girona,GIRONA,Girona,315410,2431,2484,08.Agosto_Definitivo_2018.xls,AGOSTO 2018
2018,8,2018-08,Gran Canaria,GRAN CANARIA,Las Palmas,1145731,10889,1543695,08.Agosto_Definitivo_2018.xls,AGOSTO 2018
2018,8,2018-08,Huesca-Pirineos,HUESCA-PIRINEOS,Huesca,11,970,0,08.Agosto_Definitivo_2018.xls,AGOSTO 2018
2018,8,2018-08,Ibiza,IBIZA,Illes Balears,1366575,12470,174115,08.Agosto_Definitivo_2018.xls,AGOSTO 2018
2018,8,2018-08,Jerez De La Frontera,JEREZ DE LA FRONTERA,Cadiz,132444,4946,25,08.Agosto_Definitivo_2018.xls,AGOSTO 2018
2018,8,2018-08,La Gomera,LA GOMERA,Santa Cruz de Tenerife,9336,314,195,08.Agosto_Definitivo_2018.xls,AGOSTO 2018
2018,8,2018-08,La Palma,LA PALMA,Santa Cruz de Tenerife,132346,1958,36720,08.Agosto_Definitivo_2018.xls,AGOSTO 2018
2018,8,2018-08,Lanzarote Cesar Manrique,LANZAROTE CESAR MANRIQUE,Las Palmas,685221,5370,130931,08.Agosto_Definitivo_2018.xls,AGOSTO 2018
2018,8,2018-08,Leon,LEON,Leon,6190,377,0,08.Agosto_Definitivo_2018.xls,AGOSTO 2018
2018,8,2018-08,Logrono,LOGRONO,La Rioja,1499,98,0,08.Agosto_Definitivo_2018.xls,AGOSTO 2018
2018,8,2018-08,Madrid-Cuatro Vientos,MADRID-CUATRO VIENTOS,Madrid,245,4533,0,08.Agosto_Definitivo_2018.xls,AGOSTO 2018
2018,8,2018-08,Malaga-Costa Del Sol,MALAGA-COSTA DEL SOL,Malaga,2118619,15341,343603,08.Agosto_Definitivo_2018.xls,AGOSTO 2018
2018,8,2018-08,Melilla,MELILLA,Melilla,33814,752,9362,08.Agosto_Definitivo_2018.xls,AGOSTO 2018
2018,8,2018-08,Menorca,MENORCA,Illes Balears,662282,5360,120480,08.Agosto_Definitivo_2018.xls,AGOSTO 2018
2018,8,2018-08,Murcia-San Javier,MURCIA-SAN JAVIER,Murcia,157262,1046,0,08.Agosto_Definitivo_2018.xls,AGOSTO 2018
2018,8,2018-08,Palma De Mallorca,PALMA DE MALLORCA,Illes Balears,4228504,29806,815177,08.Agosto_Definitivo_2018.xls,AGOSTO 2018
2018,8,2018-08,Pamplona,PAMPLONA,Navarra,14265,515,0,08.Agosto_Definitivo_2018.xls,AGOSTO 2018
2018,8,2018-08,Reus,REUS,Tarragona,185240,1687,0,08.Agosto_Definitivo_2018.xls,AGOSTO 2018
2018,8,2018-08,Sabadell,SABADELL,Barcelona,342,3675,0,08.Agosto_Definitivo_2018.xls,AGOSTO 2018
2018,8,2018-08,Salamanca,SALAMANCA,Salamanca,2772,908,0,08.Agosto_Definitivo_2018.xls,AGOSTO 2018
2018,8,2018-08,San Sebastian,SAN SEBASTIAN,Gipuzkoa,22545,547,944,08.Agosto_Definitivo_2018.xls,AGOSTO 2018
2018,8,2018-08,Santiago,SANTIAGO,A Coruna,267553,2121,208390,08.Agosto_Definitivo_2018.xls,AGOSTO 2018
2018,8,2018-08,Seve Ballesteros-Santander,SEVE BALLESTEROS-SANTANDER,Cantabria,114345,1126,0,08.Agosto_Definitivo_2018.xls,AGOSTO 2018
2018,8,2018-08,Sevilla,SEVILLA,Sevilla,525791,4616,840861,08.Agosto_Definitivo_2018.xls,AGOSTO 2018
2018,8,2018-08,Son Bonet,SON BONET,Illes Balears,680,1536,0,08.Agosto_Definitivo_2018.xls,AGOSTO 2018
2018,8,2018-08,Tenerife Norte,TENERIFE NORTE,Santa Cruz de Tenerife,535905,6607,990717,08.Agosto_Definitivo_2018.xls,AGOSTO 2018
2018,8,2018-08,Tenerife Sur,TENERIFE SUR,Santa Cruz de Tenerife,917107,5676,175022,08.Agosto_Definitivo_2018.xls,AGOSTO 2018
2018,8,2018-08,Valencia,VALENCIA,Valencia,824392,7372,1065750,08.Agosto_Definitivo_2018.xls,AGOSTO 2018
2018,8,2018-08,Valladolid,VALLADOLID,Valladolid,27387,669,132,08.Agosto_Definitivo_2018.xls,AGOSTO 2018
2018,8,2018-08,Vigo,VIGO,Pontevedra,121939,1377,68964,08.Agosto_Definitivo_2018.xls,AGOSTO 2018
2018,8,2018-08,Vitoria,VITORIA,Alava,13548,823,4226141,08.Agosto_Definitivo_2018.xls,AGOSTO 2018
2018,8,2018-08,Zaragoza,ZARAGOZA,Zaragoza,64373,940,15934398,08.Agosto_Definitivo_2018.xls,AGOSTO 2018
2019,8,2019-08,A Coruna,A CORUNA,A Coruna,120144,1641,12626,08.Agosto_Definitivo_2019.xls,AGOSTO 2019
2019,8,2019-08,Adolfo Suarez Madrid-Barajas,ADOLFO SUAREZ MADRID-BARAJAS,Madrid,5790223,37140,44335616,08.Agosto_Definitivo_2019.xls,AGOSTO 2019
2019,8,2019-08,Aeropuerto Intl. Region Murcia,AEROPUERTO INTL. REGION MURCIA,Murcia,141399,932,0,08.Agosto_Definitivo_2019.xls,AGOSTO 2019
2019,8,2019-08,Albacete,ALBACETE,Albacete,41,20,0,08.Agosto_Definitivo_2019.xls,AGOSTO 2019
2019,8,2019-08,Algeciras-Helipuerto,ALGECIRAS-HELIPUERTO,Cadiz,3098,248,0,08.Agosto_Definitivo_2019.xls,AGOSTO 2019
2019,8,2019-08,Alicante-Elche,ALICANTE-ELCHE,Alicante,1692011,10757,270094,08.Agosto_Definitivo_2019.xls,AGOSTO 2019
2019,8,2019-08,Almeria,ALMERIA,Almeria,127722,1120,0,08.Agosto_Definitivo_2019.xls,AGOSTO 2019
2019,8,2019-08,Asturias,ASTURIAS,Asturias,144499,1325,1189,08.Agosto_Definitivo_2019.xls,AGOSTO 2019
2019,8,2019-08,Badajoz,BADAJOZ,Badajoz,5027,244,0,08.Agosto_Definitivo_2019.xls,AGOSTO 2019
2019,8,2019-08,Barcelona-El Prat J.T.,BARCELONA-EL PRAT J.T.,Barcelona,5410994,32673,13187637,08.Agosto_Definitivo_2019.xls,AGOSTO 2019
2019,8,2019-08,Bilbao,BILBAO,Bizkaia,566611,4396,66877,08.Agosto_Definitivo_2019.xls,AGOSTO 2019
2019,8,2019-08,Burgos,BURGOS,Burgos,2092,358,0,08.Agosto_Definitivo_2019.xls,AGOSTO 2019
2019,8,2019-08,Ceuta-Helipuerto,CEUTA-HELIPUERTO,Ceuta,5679,559,0,08.Agosto_Definitivo_2019.xls,AGOSTO 2019
2019,8,2019-08,Cordoba,CORDOBA,Cordoba,817,878,0,08.Agosto_Definitivo_2019.xls,AGOSTO 2019
2019,8,2019-08,El Hierro,EL HIERRO,Santa Cruz de Tenerife,29861,506,6130,08.Agosto_Definitivo_2019.xls,AGOSTO 2019
2019,8,2019-08,Fgl Granada-Jaen,FGL GRANADA-JAEN,Granada,106311,1169,0,08.Agosto_Definitivo_2019.xls,AGOSTO 2019
2019,8,2019-08,Fuerteventura,FUERTEVENTURA,Las Palmas,527838,4253,47253,08.Agosto_Definitivo_2019.xls,AGOSTO 2019
2019,8,2019-08,Girona-Costa Brava,GIRONA-COSTA BRAVA,Girona,305203,2366,3729,08.Agosto_Definitivo_2019.xls,AGOSTO 2019
2019,8,2019-08,Gran Canaria,GRAN CANARIA,Las Palmas,1082229,10605,1533697,08.Agosto_Definitivo_2019.xls,AGOSTO 2019
2019,8,2019-08,Huesca-Pirineos,HUESCA-PIRINEOS,Huesca,17,657,0,08.Agosto_Definitivo_2019.xls,AGOSTO 2019
2019,8,2019-08,Ibiza,IBIZA,Illes Balears,1376350,12263,140116,08.Agosto_Definitivo_2019.xls,AGOSTO 2019
2019,8,2019-08,Jerez De La Frontera,JEREZ DE LA FRONTERA,Cadiz,132805,5020,20,08.Agosto_Definitivo_2019.xls,AGOSTO 2019
2019,8,2019-08,La Gomera,LA GOMERA,Santa Cruz de Tenerife,11543,350,155,08.Agosto_Definitivo_2019.xls,AGOSTO 2019
2019,8,2019-08,La Palma,LA PALMA,Santa Cruz de Tenerife,132192,1903,33371,08.Agosto_Definitivo_2019.xls,AGOSTO 2019
2019,8,2019-08,Lanzarote-Cesar Manrique,LANZAROTE-CESAR MANRIQUE,Las Palmas,686697,5417,114984,08.Agosto_Definitivo_2019.xls,AGOSTO 2019
2019,8,2019-08,Leon,LEON,Leon,6676,355,0,08.Agosto_Definitivo_2019.xls,AGOSTO 2019
2019,8,2019-08,Logrono,LOGRONO,La Rioja,1487,125,0,08.Agosto_Definitivo_2019.xls,AGOSTO 2019
2019,8,2019-08,Madrid-Cuatro Vientos,MADRID-CUATRO VIENTOS,Madrid,310,4940,0,08.Agosto_Definitivo_2019.xls,AGOSTO 2019
2019,8,2019-08,Malaga-Costa Del Sol,MALAGA-COSTA DEL SOL,Malaga,2205899,15644,303581,08.Agosto_Definitivo_2019.xls,AGOSTO 2019
2019,8,2019-08,Melilla,MELILLA,Melilla,45448,977,8103,08.Agosto_Definitivo_2019.xls,AGOSTO 2019
2019,8,2019-08,Menorca,MENORCA,Illes Balears,689553,5541,104230,08.Agosto_Definitivo_2019.xls,AGOSTO 2019
2019,8,2019-08,Murcia-San Javier,MURCIA-SAN JAVIER,Murcia,0,0,0,08.Agosto_Definitivo_2019.xls,AGOSTO 2019
2019,8,2019-08,Palma De Mallorca,PALMA DE MALLORCA,Illes Balears,4281185,28790,818392,08.Agosto_Definitivo_2019.xls,AGOSTO 2019
2019,8,2019-08,Pamplona,PAMPLONA,Navarra,14141,480,3,08.Agosto_Definitivo_2019.xls,AGOSTO 2019
2019,8,2019-08,Reus,REUS,Tarragona,196893,1785,0,08.Agosto_Definitivo_2019.xls,AGOSTO 2019
2019,8,2019-08,Sabadell,SABADELL,Barcelona,615,4484,0,08.Agosto_Definitivo_2019.xls,AGOSTO 2019
2019,8,2019-08,Salamanca,SALAMANCA,Salamanca,2075,981,0,08.Agosto_Definitivo_2019.xls,AGOSTO 2019
2019,8,2019-08,San Sebastian,SAN SEBASTIAN,Gipuzkoa,23857,540,0,08.Agosto_Definitivo_2019.xls,AGOSTO 2019
2019,8,2019-08,Santiago-Rosalia De Castro,SANTIAGO-ROSALIA DE CASTRO,A Coruna,295781,2130,224977,08.Agosto_Definitivo_2019.xls,AGOSTO 2019
2019,8,2019-08,Seve Ballesteros-Santander,SEVE BALLESTEROS-SANTANDER,Cantabria,120979,1184,0,08.Agosto_Definitivo_2019.xls,AGOSTO 2019
2019,8,2019-08,Sevilla,SEVILLA,Sevilla,632775,5113,661099,08.Agosto_Definitivo_2019.xls,AGOSTO 2019
2019,8,2019-08,Son Bonet,SON BONET,Illes Balears,555,1591,0,08.Agosto_Definitivo_2019.xls,AGOSTO 2019
2019,8,2019-08,Tenerife Norte-C. La Laguna,TENERIFE NORTE-C. LA LAGUNA,Santa Cruz de Tenerife,565849,6788,1037147,08.Agosto_Definitivo_2019.xls,AGOSTO 2019
2019,8,2019-08,Tenerife-Sur,TENERIFE-SUR,Santa Cruz de Tenerife,913186,5528,148276,08.Agosto_Definitivo_2019.xls,AGOSTO 2019
2019,8,2019-08,Valencia,VALENCIA,Valencia,889748,7406,915471,08.Agosto_Definitivo_2019.xls,AGOSTO 2019
2019,8,2019-08,Valladolid,VALLADOLID,Valladolid,26323,726,0,08.Agosto_Definitivo_2019.xls,AGOSTO 2019
2019,8,2019-08,Vigo,VIGO,Pontevedra,95761,1088,58858,08.Agosto_Definitivo_2019.xls,AGOSTO 2019
2019,8,2019-08,Vitoria,VITORIA,Alava,19576,969,4113193,08.Agosto_Definitivo_2019.xls,AGOSTO 2019
2019,8,2019-08,Zaragoza,ZARAGOZA,Zaragoza,51147,784,15610688,08.Agosto_Definitivo_2019.xls,AGOSTO 2019
2020,8,2020-08,A Coruna,A CORUNA,A Coruna,39369,1245,6568,08.Agosto_Definitivo_2020.xls,AGOSTO 2020
2020,8,2020-08,Adolfo Suarez Madrid-Barajas,ADOLFO SUAREZ MADRID-BARAJAS,Madrid,1356653,15182,27667915,08.Agosto_Definitivo_2020.xls,AGOSTO 2020
2020,8,2020-08,Aeropuerto Intl. Region Murcia,AEROPUERTO INTL. REGION MURCIA,Murcia,29470,515,0,08.Agosto_Definitivo_2020.xls,AGOSTO 2020
2020,8,2020-08,Albacete,ALBACETE,Albacete,2,4,0,08.Agosto_Definitivo_2020.xls,AGOSTO 2020
2020,8,2020-08,Algeciras-Helipuerto,ALGECIRAS-HELIPUERTO,Cadiz,2181,216,0,08.Agosto_Definitivo_2020.xls,AGOSTO 2020
2020,8,2020-08,Alicante-Elche Miguel Hdez.,ALICANTE-ELCHE MIGUEL HDEZ.,Alicante,480778,5810,248366,08.Agosto_Definitivo_2020.xls,AGOSTO 2020
2020,8,2020-08,Almeria,ALMERIA,Almeria,26566,662,0,08.Agosto_Definitivo_2020.xls,AGOSTO 2020
2020,8,2020-08,Asturias,ASTURIAS,Asturias,81804,956,295,08.Agosto_Definitivo_2020.xls,AGOSTO 2020
2020,8,2020-08,Badajoz,BADAJOZ,Badajoz,2460,224,0,08.Agosto_Definitivo_2020.xls,AGOSTO 2020
2020,8,2020-08,Barcelona-El Prat J.T.,BARCELONA-EL PRAT J.T.,Barcelona,1110578,14045,8124918,08.Agosto_Definitivo_2020.xls,AGOSTO 2020
2020,8,2020-08,Bilbao,BILBAO,Bizkaia,219507,2447,31696,08.Agosto_Definitivo_2020.xls,AGOSTO 2020
2020,8,2020-08,Burgos,BURGOS,Burgos,3254,1764,0,08.Agosto_Definitivo_2020.xls,AGOSTO 2020
2020,8,2020-08,Ceuta-Helipuerto,CEUTA-HELIPUERTO,Ceuta,3918,407,0,08.Agosto_Definitivo_2020.xls,AGOSTO 2020
2020,8,2020-08,Cordoba,CORDOBA,Cordoba,806,799,0,08.Agosto_Definitivo_2020.xls,AGOSTO 2020
2020,8,2020-08,El Hierro,EL HIERRO,Santa Cruz de Tenerife,27888,568,4636,08.Agosto_Definitivo_2020.xls,AGOSTO 2020
2020,8,2020-08,Fgl Granada-Jaen,FGL GRANADA-JAEN,Granada,42935,864,0,08.Agosto_Definitivo_2020.xls,AGOSTO 2020
2020,8,2020-08,Fuerteventura,FUERTEVENTURA,Las Palmas,262163,3115,27092,08.Agosto_Definitivo_2020.xls,AGOSTO 2020
2020,8,2020-08,Girona-Costa Brava,GIRONA-COSTA BRAVA,Girona,37565,1685,41874,08.Agosto_Definitivo_2020.xls,AGOSTO 2020
2020,8,2020-08,Gran Canaria,GRAN CANARIA,Las Palmas,469667,7088,1220353,08.Agosto_Definitivo_2020.xls,AGOSTO 2020
2020,8,2020-08,Huesca-Pirineos,HUESCA-PIRINEOS,Huesca,12,182,0,08.Agosto_Definitivo_2020.xls,AGOSTO 2020
2020,8,2020-08,Ibiza,IBIZA,Illes Balears,574974,8368,96529,08.Agosto_Definitivo_2020.xls,AGOSTO 2020
2020,8,2020-08,Jerez De La Frontera,JEREZ DE LA FRONTERA,Cadiz,31758,4863,8,08.Agosto_Definitivo_2020.xls,AGOSTO 2020
2020,8,2020-08,La Gomera,LA GOMERA,Santa Cruz de Tenerife,11450,328,31,08.Agosto_Definitivo_2020.xls,AGOSTO 2020
2020,8,2020-08,La Palma,LA PALMA,Santa Cruz de Tenerife,88617,1954,21851,08.Agosto_Definitivo_2020.xls,AGOSTO 2020
2020,8,2020-08,Lanzarote-Cesar Manrique,LANZAROTE-CESAR MANRIQUE,Las Palmas,277432,3693,43505,08.Agosto_Definitivo_2020.xls,AGOSTO 2020
2020,8,2020-08,Leon,LEON,Leon,2741,316,0,08.Agosto_Definitivo_2020.xls,AGOSTO 2020
2020,8,2020-08,Logrono,LOGRONO,La Rioja,424,118,0,08.Agosto_Definitivo_2020.xls,AGOSTO 2020
2020,8,2020-08,Madrid-Cuatro Vientos,MADRID-CUATRO VIENTOS,Madrid,216,5270,0,08.Agosto_Definitivo_2020.xls,AGOSTO 2020
2020,8,2020-08,Malaga-Costa Del Sol,MALAGA-COSTA DEL SOL,Malaga,677851,8931,53667,08.Agosto_Definitivo_2020.xls,AGOSTO 2020
2020,8,2020-08,Melilla,MELILLA,Melilla,20722,517,822,08.Agosto_Definitivo_2020.xls,AGOSTO 2020
2020,8,2020-08,Menorca,MENORCA,Illes Balears,321312,3493,79323,08.Agosto_Definitivo_2020.xls,AGOSTO 2020
2020,8,2020-08,Palma De Mallorca,PALMA DE MALLORCA,Illes Balears,1240013,15562,518897,08.Agosto_Definitivo_2020.xls,AGOSTO 2020
2020,8,2020-08,Pamplona,PAMPLONA,Navarra,4470,288,0,08.Agosto_Definitivo_2020.xls,AGOSTO 2020
2020,8,2020-08,Reus,REUS,Tarragona,9680,1532,0,08.Agosto_Definitivo_2020.xls,AGOSTO 2020
2020,8,2020-08,Sabadell,SABADELL,Barcelona,494,4211,0,08.Agosto_Definitivo_2020.xls,AGOSTO 2020
2020,8,2020-08,Salamanca,SALAMANCA,Salamanca,251,1313,0,08.Agosto_Definitivo_2020.xls,AGOSTO 2020
2020,8,2020-08,San Sebastian,SAN SEBASTIAN,Gipuzkoa,7848,268,0,08.Agosto_Definitivo_2020.xls,AGOSTO 2020
2020,8,2020-08,Santiago-Rosalia De Castro,SANTIAGO-ROSALIA DE CASTRO,A Coruna,147639,1794,251084,08.Agosto_Definitivo_2020.xls,AGOSTO 2020
2020,8,2020-08,Seve Ballesteros-Santander,SEVE BALLESTEROS-SANTANDER,Cantabria,44782,754,0,08.Agosto_Definitivo_2020.xls,AGOSTO 2020
2020,8,2020-08,Sevilla,SEVILLA,Sevilla,255943,4044,746189,08.Agosto_Definitivo_2020.xls,AGOSTO 2020
2020,8,2020-08,Son Bonet,SON BONET,Illes Balears,792,1337,0,08.Agosto_Definitivo_2020.xls,AGOSTO 2020
2020,8,2020-08,Tenerife Norte-C. La Laguna,TENERIFE NORTE-C. LA LAGUNA,Santa Cruz de Tenerife,376703,5948,644845,08.Agosto_Definitivo_2020.xls,AGOSTO 2020
2020,8,2020-08,Tenerife-Sur,TENERIFE-SUR,Santa Cruz de Tenerife,231981,2645,55902,08.Agosto_Definitivo_2020.xls,AGOSTO 2020
2020,8,2020-08,Valencia,VALENCIA,Valencia,338430,4783,778967,08.Agosto_Definitivo_2020.xls,AGOSTO 2020
2020,8,2020-08,Valladolid,VALLADOLID,Valladolid,11719,510,0,08.Agosto_Definitivo_2020.xls,AGOSTO 2020
2020,8,2020-08,Vigo,VIGO,Pontevedra,34916,629,25369,08.Agosto_Definitivo_2020.xls,AGOSTO 2020
2020,8,2020-08,Vitoria,VITORIA,Alava,9709,962,4454970,08.Agosto_Definitivo_2020.xls,AGOSTO 2020
2020,8,2020-08,Zaragoza,ZARAGOZA,Zaragoza,32539,757,14717757,08.Agosto_Definitivo_2020.xls,AGOSTO 2020
2021,8,2021-08,A Coruna,A CORUNA,A Coruna,79585,1256,6789,08_Agosto_Definitivo_2021.xls,AGOSTO 2021
2021,8,2021-08,Adolfo Suarez Madrid-Barajas,ADOLFO SUAREZ MADRID-BARAJAS,Madrid,2970904,23371,41947977,08_Agosto_Definitivo_2021.xls,AGOSTO 2021
2021,8,2021-08,Aeropuerto Intl. Region Murcia,AEROPUERTO INTL. REGION MURCIA,Murcia,66369,611,0,08_Agosto_Definitivo_2021.xls,AGOSTO 2021
2021,8,2021-08,Albacete,ALBACETE,Albacete,5,84,0,08_Agosto_Definitivo_2021.xls,AGOSTO 2021
2021,8,2021-08,Algeciras-Helipuerto,ALGECIRAS-HELIPUERTO,Cadiz,3433,288,0,08_Agosto_Definitivo_2021.xls,AGOSTO 2021
2021,8,2021-08,Alicante-Elche Miguel Hdez.,ALICANTE-ELCHE MIGUEL HDEZ.,Alicante,938204,7828,289662,08_Agosto_Definitivo_2021.xls,AGOSTO 2021
2021,8,2021-08,Almeria,ALMERIA,Almeria,52387,852,0,08_Agosto_Definitivo_2021.xls,AGOSTO 2021
2021,8,2021-08,Asturias,ASTURIAS,Asturias,137849,1148,402,08_Agosto_Definitivo_2021.xls,AGOSTO 2021
2021,8,2021-08,Badajoz,BADAJOZ,Badajoz,7475,287,0,08_Agosto_Definitivo_2021.xls,AGOSTO 2021
2021,8,2021-08,Barcelona-El Prat J.T.,BARCELONA-EL PRAT J.T.,Barcelona,2853548,21857,10604259,08_Agosto_Definitivo_2021.xls,AGOSTO 2021
2021,8,2021-08,Bilbao,BILBAO,Bizkaia,408609,3507,43193,08_Agosto_Definitivo_2021.xls,AGOSTO 2021
2021,8,2021-08,Burgos,BURGOS,Burgos,1448,1908,0,08_Agosto_Definitivo_2021.xls,AGOSTO 2021
2021,8,2021-08,Ceuta-Helipuerto,CEUTA-HELIPUERTO,Ceuta,6464,578,0,08_Agosto_Definitivo_2021.xls,AGOSTO 2021
2021,8,2021-08,Cordoba,CORDOBA,Cordoba,156,1019,0,08_Agosto_Definitivo_2021.xls,AGOSTO 2021
2021,8,2021-08,El Hierro,EL HIERRO,Santa Cruz de Tenerife,30084,546,4772,08_Agosto_Definitivo_2021.xls,AGOSTO 2021
2021,8,2021-08,Fgl Granada-Jaen,FGL GRANADA-JAEN,Granada,73355,924,0,08_Agosto_Definitivo_2021.xls,AGOSTO 2021
2021,8,2021-08,Fuerteventura,FUERTEVENTURA,Las Palmas,400133,3808,26395,08_Agosto_Definitivo_2021.xls,AGOSTO 2021
2021,8,2021-08,Girona-Costa Brava,GIRONA-COSTA BRAVA,Girona,80680,1956,1140,08_Agosto_Definitivo_2021.xls,AGOSTO 2021
2021,8,2021-08,Gran Canaria,GRAN CANARIA,Las Palmas,782586,8699,1379027,08_Agosto_Definitivo_2021.xls,AGOSTO 2021
2021,8,2021-08,Huesca-Pirineos,HUESCA-PIRINEOS,Huesca,43,222,0,08_Agosto_Definitivo_2021.xls,AGOSTO 2021
2021,8,2021-08,Ibiza,IBIZA,Illes Balears,1016485,12160,90217,08_Agosto_Definitivo_2021.xls,AGOSTO 2021
2021,8,2021-08,Jerez De La Frontera,JEREZ DE LA FRONTERA,Cadiz,69883,3271,155,08_Agosto_Definitivo_2021.xls,AGOSTO 2021
2021,8,2021-08,La Gomera,LA GOMERA,Santa Cruz de Tenerife,12896,328,50,08_Agosto_Definitivo_2021.xls,AGOSTO 2021
2021,8,2021-08,La Palma,LA PALMA,Santa Cruz de Tenerife,113615,1853,24452,08_Agosto_Definitivo_2021.xls,AGOSTO 2021
2021,8,2021-08,Lanzarote-Cesar Manrique,LANZAROTE-CESAR MANRIQUE,Las Palmas,468419,4600,34331,08_Agosto_Definitivo_2021.xls,AGOSTO 2021
2021,8,2021-08,Leon,LEON,Leon,7291,469,0,08_Agosto_Definitivo_2021.xls,AGOSTO 2021
2021,8,2021-08,Logrono,LOGRONO,La Rioja,504,238,0,08_Agosto_Definitivo_2021.xls,AGOSTO 2021
2021,8,2021-08,Madrid-Cuatro Vientos,MADRID-CUATRO VIENTOS,Madrid,163,5397,0,08_Agosto_Definitivo_2021.xls,AGOSTO 2021
2021,8,2021-08,Malaga-Costa Del Sol,MALAGA-COSTA DEL SOL,Malaga,1400183,13034,248158,08_Agosto_Definitivo_2021.xls,AGOSTO 2021
2021,8,2021-08,Melilla,MELILLA,Melilla,31657,696,1638,08_Agosto_Definitivo_2021.xls,AGOSTO 2021
2021,8,2021-08,Menorca,MENORCA,Illes Balears,577454,5247,71055,08_Agosto_Definitivo_2021.xls,AGOSTO 2021
2021,8,2021-08,Palma De Mallorca,PALMA DE MALLORCA,Illes Balears,2651405,23245,641112,08_Agosto_Definitivo_2021.xls,AGOSTO 2021
2021,8,2021-08,Pamplona,PAMPLONA,Navarra,14524,626,360,08_Agosto_Definitivo_2021.xls,AGOSTO 2021
2021,8,2021-08,Reus,REUS,Tarragona,45476,1164,0,08_Agosto_Definitivo_2021.xls,AGOSTO 2021
2021,8,2021-08,Sabadell,SABADELL,Barcelona,578,3972,0,08_Agosto_Definitivo_2021.xls,AGOSTO 2021
2021,8,2021-08,Salamanca,SALAMANCA,Salamanca,3246,1157,0,08_Agosto_Definitivo_2021.xls,AGOSTO 2021
2021,8,2021-08,San Sebastian,SAN SEBASTIAN,Gipuzkoa,19766,401,0,08_Agosto_Definitivo_2021.xls,AGOSTO 2021
2021,8,2021-08,Santiago-Rosalia De Castro,SANTIAGO-ROSALIA DE CASTRO,A Coruna,270304,2162,393169,08_Agosto_Definitivo_2021.xls,AGOSTO 2021
2021,8,2021-08,Seve Ballesteros-Santander,SEVE BALLESTEROS-SANTANDER,Cantabria,88183,1187,0,08_Agosto_Definitivo_2021.xls,AGOSTO 2021
2021,8,2021-08,Sevilla,SEVILLA,Sevilla,466490,4479,691727,08_Agosto_Definitivo_2021.xls,AGOSTO 2021
2021,8,2021-08,Son Bonet,SON BONET,Illes Balears,1261,1634,0,08_Agosto_Definitivo_2021.xls,AGOSTO 2021
2021,8,2021-08,Tenerife Norte-C. La Laguna,TENERIFE NORTE-C. LA LAGUNA,Santa Cruz de Tenerife,504163,5948,1053693,08_Agosto_Definitivo_2021.xls,AGOSTO 2021
2021,8,2021-08,Tenerife-Sur,TENERIFE-SUR,Santa Cruz de Tenerife,517376,4516,53853,08_Agosto_Definitivo_2021.xls,AGOSTO 2021
2021,8,2021-08,Valencia,VALENCIA,Valencia,666894,6645,886406,08_Agosto_Definitivo_2021.xls,AGOSTO 2021
2021,8,2021-08,Valladolid,VALLADOLID,Valladolid,22849,867,0,08_Agosto_Definitivo_2021.xls,AGOSTO 2021
2021,8,2021-08,Vigo,VIGO,Pontevedra,78009,1095,55866,08_Agosto_Definitivo_2021.xls,AGOSTO 2021
2021,8,2021-08,Vitoria,VITORIA,Alava,19296,1061,4992991,08_Agosto_Definitivo_2021.xls,AGOSTO 2021
2021,8,2021-08,Zaragoza,ZARAGOZA,Zaragoza,49831,877,16243191,08_Agosto_Definitivo_2021.xls,AGOSTO 2021
2015,9,2015-09,A Coruna,A CORUNA,A Coruna,94397,1322,8813,09.Septiembre-Definitivo-2015.xls,SEPTIEMBRE
2015,9,2015-09,Adolfo Suarez Madrid-Barajas,ADOLFO SUAREZ MADRID-BARAJAS,Madrid,4331479,32279,30729836,09.Septiembre-Definitivo-2015.xls,SEPTIEMBRE
2015,9,2015-09,Albacete,ALBACETE,Albacete,29,15,0,09.Septiembre-Definitivo-2015.xls,SEPTIEMBRE
2015,9,2015-09,Algeciras-Helipuerto,ALGECIRAS-HELIPUERTO,Cadiz,0,14,0,09.Septiembre-Definitivo-2015.xls,SEPTIEMBRE
2015,9,2015-09,Alicante-Elche,ALICANTE-ELCHE,Alicante,1097644,7300,351609,09.Septiembre-Definitivo-2015.xls,SEPTIEMBRE
2015,9,2015-09,Almeria,ALMERIA,Almeria,78671,1007,52,09.Septiembre-Definitivo-2015.xls,SEPTIEMBRE
2015,9,2015-09,Asturias,ASTURIAS,Asturias,112945,1057,10027,09.Septiembre-Definitivo-2015.xls,SEPTIEMBRE
2015,9,2015-09,Badajoz,BADAJOZ,Badajoz,296,56,0,09.Septiembre-Definitivo-2015.xls,SEPTIEMBRE
2015,9,2015-09,Barcelona-El Prat,BARCELONA-EL PRAT,Barcelona,3974601,27271,9856047,09.Septiembre-Definitivo-2015.xls,SEPTIEMBRE
2015,9,2015-09,Bilbao,BILBAO,Bizkaia,417475,4061,257422,09.Septiembre-Definitivo-2015.xls,SEPTIEMBRE
2015,9,2015-09,Burgos,BURGOS,Burgos,510,199,0,09.Septiembre-Definitivo-2015.xls,SEPTIEMBRE
2015,9,2015-09,Ceuta-Helipuerto,CEUTA-HELIPUERTO,Ceuta,63,14,0,09.Septiembre-Definitivo-2015.xls,SEPTIEMBRE
2015,9,2015-09,Cordoba,CORDOBA,Cordoba,729,566,0,09.Septiembre-Definitivo-2015.xls,SEPTIEMBRE
2015,9,2015-09,El Hierro,EL HIERRO,Santa Cruz de Tenerife,13368,330,6094,09.Septiembre-Definitivo-2015.xls,SEPTIEMBRE
2015,9,2015-09,Fgl Granada-Jaen,FGL GRANADA-JAEN,Granada,67646,988,0,09.Septiembre-Definitivo-2015.xls,SEPTIEMBRE
2015,9,2015-09,Fuerteventura,FUERTEVENTURA,Las Palmas,421260,3121,74910,09.Septiembre-Definitivo-2015.xls,SEPTIEMBRE
2015,9,2015-09,Girona,GIRONA,Girona,217884,2045,6050,09.Septiembre-Definitivo-2015.xls,SEPTIEMBRE
2015,9,2015-09,Gran Canaria,GRAN CANARIA,Las Palmas,760953,7148,1573573,09.Septiembre-Definitivo-2015.xls,SEPTIEMBRE
2015,9,2015-09,Huesca-Pirineos,HUESCA-PIRINEOS,Huesca,8,347,0,09.Septiembre-Definitivo-2015.xls,SEPTIEMBRE
2015,9,2015-09,Ibiza,IBIZA,Illes Balears,980867,8553,199847,09.Septiembre-Definitivo-2015.xls,SEPTIEMBRE
2015,9,2015-09,Jerez De La Frontera,JEREZ DE LA FRONTERA,Cadiz,98236,4176,58,09.Septiembre-Definitivo-2015.xls,SEPTIEMBRE
2015,9,2015-09,La Gomera,LA GOMERA,Santa Cruz de Tenerife,3206,174,33,09.Septiembre-Definitivo-2015.xls,SEPTIEMBRE
2015,9,2015-09,La Palma,LA PALMA,Santa Cruz de Tenerife,76258,1240,40555,09.Septiembre-Definitivo-2015.xls,SEPTIEMBRE
2015,9,2015-09,Lanzarote,LANZAROTE,Las Palmas,506147,3966,136369,09.Septiembre-Definitivo-2015.xls,SEPTIEMBRE
2015,9,2015-09,Leon,LEON,Leon,4114,247,0,09.Septiembre-Definitivo-2015.xls,SEPTIEMBRE
2015,9,2015-09,Logrono,LOGRONO,La Rioja,1271,124,0,09.Septiembre-Definitivo-2015.xls,SEPTIEMBRE
2015,9,2015-09,Madrid-Cuatro Vientos,MADRID-CUATRO VIENTOS,Madrid,184,3468,0,09.Septiembre-Definitivo-2015.xls,SEPTIEMBRE
2015,9,2015-09,Malaga-Costa Del Sol,MALAGA-COSTA DEL SOL,Malaga,1534974,10813,229375,09.Septiembre-Definitivo-2015.xls,SEPTIEMBRE
2015,9,2015-09,Melilla,MELILLA,Melilla,28330,718,9798,09.Septiembre-Definitivo-2015.xls,SEPTIEMBRE
2015,9,2015-09,Menorca,MENORCA,Illes Balears,425306,3684,143403,09.Septiembre-Definitivo-2015.xls,SEPTIEMBRE
2015,9,2015-09,Murcia-San Javier,MURCIA-SAN JAVIER,Murcia,138693,1011,0,09.Septiembre-Definitivo-2015.xls,SEPTIEMBRE
2015,9,2015-09,Palma De Mallorca,PALMA DE MALLORCA,Illes Balears,3114934,21218,998823,09.Septiembre-Definitivo-2015.xls,SEPTIEMBRE
2015,9,2015-09,Pamplona,PAMPLONA,Navarra,12441,465,152,09.Septiembre-Definitivo-2015.xls,SEPTIEMBRE
2015,9,2015-09,Reus,REUS,Tarragona,106555,1361,0,09.Septiembre-Definitivo-2015.xls,SEPTIEMBRE
2015,9,2015-09,Sabadell,SABADELL,Barcelona,344,2362,0,09.Septiembre-Definitivo-2015.xls,SEPTIEMBRE
2015,9,2015-09,Salamanca,SALAMANCA,Salamanca,2917,726,0,09.Septiembre-Definitivo-2015.xls,SEPTIEMBRE
2015,9,2015-09,San Sebastian,SAN SEBASTIAN,Gipuzkoa,24482,677,0,09.Septiembre-Definitivo-2015.xls,SEPTIEMBRE
2015,9,2015-09,Santiago,SANTIAGO,A Coruna,236136,2034,190460,09.Septiembre-Definitivo-2015.xls,SEPTIEMBRE
2015,9,2015-09,Seve Ballesteros-Santander,SEVE BALLESTEROS-SANTANDER,Cantabria,97071,1072,0,09.Septiembre-Definitivo-2015.xls,SEPTIEMBRE
2015,9,2015-09,Sevilla,SEVILLA,Sevilla,405713,3958,483547,09.Septiembre-Definitivo-2015.xls,SEPTIEMBRE
2015,9,2015-09,Son Bonet,SON BONET,Illes Balears,401,1279,0,09.Septiembre-Definitivo-2015.xls,SEPTIEMBRE
2015,9,2015-09,Tenerife Norte,TENERIFE NORTE,Santa Cruz de Tenerife,335747,4512,1298241,09.Septiembre-Definitivo-2015.xls,SEPTIEMBRE
2015,9,2015-09,Tenerife Sur,TENERIFE SUR,Santa Cruz de Tenerife,677699,4135,258115,09.Septiembre-Definitivo-2015.xls,SEPTIEMBRE
2015,9,2015-09,Valencia,VALENCIA,Valencia,490990,5224,1033762,09.Septiembre-Definitivo-2015.xls,SEPTIEMBRE
2015,9,2015-09,Valladolid,VALLADOLID,Valladolid,21207,507,2162,09.Septiembre-Definitivo-2015.xls,SEPTIEMBRE
2015,9,2015-09,Vigo,VIGO,Pontevedra,69360,933,29063,09.Septiembre-Definitivo-2015.xls,SEPTIEMBRE
2015,9,2015-09,Vitoria,VITORIA,Alava,1149,631,3989208,09.Septiembre-Definitivo-2015.xls,SEPTIEMBRE
2015,9,2015-09,Zaragoza,ZARAGOZA,Zaragoza,40903,755,9980557,09.Septiembre-Definitivo-2015.xls,SEPTIEMBRE
2016,9,2016-09,A Coruna,A CORUNA,A Coruna,97504,1356,14556,09.Septiembre-Definitivo-2016.xls,SEPTIEMBRE 2016
2016,9,2016-09,Adolfo Suarez Madrid-Barajas,ADOLFO SUAREZ MADRID-BARAJAS,Madrid,4610324,33425,35335824,09.Septiembre-Definitivo-2016.xls,SEPTIEMBRE 2016
2016,9,2016-09,Albacete,ALBACETE,Albacete,46,21,0,09.Septiembre-Definitivo-2016.xls,SEPTIEMBRE 2016
2016,9,2016-09,Algeciras-Helipuerto,ALGECIRAS-HELIPUERTO,Cadiz,0,2,0,09.Septiembre-Definitivo-2016.xls,SEPTIEMBRE 2016
2016,9,2016-09,Alicante-Elche,ALICANTE-ELCHE,Alicante,1295675,8737,439483,09.Septiembre-Definitivo-2016.xls,SEPTIEMBRE 2016
2016,9,2016-09,Almeria,ALMERIA,Almeria,104446,1194,580,09.Septiembre-Definitivo-2016.xls,SEPTIEMBRE 2016
2016,9,2016-09,Asturias,ASTURIAS,Asturias,125618,1121,3336,09.Septiembre-Definitivo-2016.xls,SEPTIEMBRE 2016
2016,9,2016-09,Badajoz,BADAJOZ,Badajoz,2842,131,0,09.Septiembre-Definitivo-2016.xls,SEPTIEMBRE 2016
2016,9,2016-09,Barcelona-El Prat,BARCELONA-EL PRAT,Barcelona,4359940,29230,11654881,09.Septiembre-Definitivo-2016.xls,SEPTIEMBRE 2016
2016,9,2016-09,Bilbao,BILBAO,Bizkaia,439266,4131,282520,09.Septiembre-Definitivo-2016.xls,SEPTIEMBRE 2016
2016,9,2016-09,Burgos,BURGOS,Burgos,520,194,0,09.Septiembre-Definitivo-2016.xls,SEPTIEMBRE 2016
2016,9,2016-09,Ceuta-Helipuerto,CEUTA-HELIPUERTO,Ceuta,55,18,0,09.Septiembre-Definitivo-2016.xls,SEPTIEMBRE 2016
2016,9,2016-09,Cordoba,CORDOBA,Cordoba,809,716,0,09.Septiembre-Definitivo-2016.xls,SEPTIEMBRE 2016
2016,9,2016-09,El Hierro,EL HIERRO,Santa Cruz de Tenerife,14252,328,6319,09.Septiembre-Definitivo-2016.xls,SEPTIEMBRE 2016
2016,9,2016-09,Fgl Granada-Jaen,FGL GRANADA-JAEN,Granada,67185,893,991,09.Septiembre-Definitivo-2016.xls,SEPTIEMBRE 2016
2016,9,2016-09,Fuerteventura,FUERTEVENTURA,Las Palmas,460974,3760,78463,09.Septiembre-Definitivo-2016.xls,SEPTIEMBRE 2016
2016,9,2016-09,Girona,GIRONA,Girona,200199,1868,3317,09.Septiembre-Definitivo-2016.xls,SEPTIEMBRE 2016
2016,9,2016-09,Gran Canaria,GRAN CANARIA,Las Palmas,886049,8392,1437097,09.Septiembre-Definitivo-2016.xls,SEPTIEMBRE 2016
2016,9,2016-09,Huesca-Pirineos,HUESCA-PIRINEOS,Huesca,5,374,0,09.Septiembre-Definitivo-2016.xls,SEPTIEMBRE 2016
2016,9,2016-09,Ibiza,IBIZA,Illes Balears,1124159,9609,174634,09.Septiembre-Definitivo-2016.xls,SEPTIEMBRE 2016
2016,9,2016-09,Jerez De La Frontera,JEREZ DE LA FRONTERA,Cadiz,107725,4349,0,09.Septiembre-Definitivo-2016.xls,SEPTIEMBRE 2016
2016,9,2016-09,La Gomera,LA GOMERA,Santa Cruz de Tenerife,3752,148,31,09.Septiembre-Definitivo-2016.xls,SEPTIEMBRE 2016
2016,9,2016-09,La Palma,LA PALMA,Santa Cruz de Tenerife,89472,1322,40334,09.Septiembre-Definitivo-2016.xls,SEPTIEMBRE 2016
2016,9,2016-09,Lanzarote,LANZAROTE,Las Palmas,567980,4574,151722,09.Septiembre-Definitivo-2016.xls,SEPTIEMBRE 2016
2016,9,2016-09,Leon,LEON,Leon,4359,232,0,09.Septiembre-Definitivo-2016.xls,SEPTIEMBRE 2016
2016,9,2016-09,Logrono,LOGRONO,La Rioja,1745,132,0,09.Septiembre-Definitivo-2016.xls,SEPTIEMBRE 2016
2016,9,2016-09,Madrid-Cuatro Vientos,MADRID-CUATRO VIENTOS,Madrid,223,3551,0,09.Septiembre-Definitivo-2016.xls,SEPTIEMBRE 2016
2016,9,2016-09,Malaga-Costa Del Sol,MALAGA-COSTA DEL SOL,Malaga,1779487,12402,183319,09.Septiembre-Definitivo-2016.xls,SEPTIEMBRE 2016
2016,9,2016-09,Melilla,MELILLA,Melilla,30957,767,10198,09.Septiembre-Definitivo-2016.xls,SEPTIEMBRE 2016
2016,9,2016-09,Menorca,MENORCA,Illes Balears,471842,4017,125924,09.Septiembre-Definitivo-2016.xls,SEPTIEMBRE 2016
2016,9,2016-09,Murcia-San Javier,MURCIA-SAN JAVIER,Murcia,134149,929,0,09.Septiembre-Definitivo-2016.xls,SEPTIEMBRE 2016
2016,9,2016-09,Palma De Mallorca,PALMA DE MALLORCA,Illes Balears,3406821,23723,1022957,09.Septiembre-Definitivo-2016.xls,SEPTIEMBRE 2016
2016,9,2016-09,Pamplona,PAMPLONA,Navarra,13409,481,0,09.Septiembre-Definitivo-2016.xls,SEPTIEMBRE 2016
2016,9,2016-09,Reus,REUS,Tarragona,125757,1499,0,09.Septiembre-Definitivo-2016.xls,SEPTIEMBRE 2016
2016,9,2016-09,Sabadell,SABADELL,Barcelona,396,3229,0,09.Septiembre-Definitivo-2016.xls,SEPTIEMBRE 2016
2016,9,2016-09,Salamanca,SALAMANCA,Salamanca,741,976,0,09.Septiembre-Definitivo-2016.xls,SEPTIEMBRE 2016
2016,9,2016-09,San Sebastian,SAN SEBASTIAN,Gipuzkoa,24220,664,330,09.Septiembre-Definitivo-2016.xls,SEPTIEMBRE 2016
2016,9,2016-09,Santiago,SANTIAGO,A Coruna,241751,1980,208246,09.Septiembre-Definitivo-2016.xls,SEPTIEMBRE 2016
2016,9,2016-09,Seve Ballesteros-Santander,SEVE BALLESTEROS-SANTANDER,Cantabria,79342,1014,0,09.Septiembre-Definitivo-2016.xls,SEPTIEMBRE 2016
2016,9,2016-09,Sevilla,SEVILLA,Sevilla,419111,4124,511255,09.Septiembre-Definitivo-2016.xls,SEPTIEMBRE 2016
2016,9,2016-09,Son Bonet,SON BONET,Illes Balears,257,1239,0,09.Septiembre-Definitivo-2016.xls,SEPTIEMBRE 2016
2016,9,2016-09,Tenerife Norte,TENERIFE NORTE,Santa Cruz de Tenerife,362888,4739,1061711,09.Septiembre-Definitivo-2016.xls,SEPTIEMBRE 2016
2016,9,2016-09,Tenerife Sur,TENERIFE SUR,Santa Cruz de Tenerife,811578,4852,246079,09.Septiembre-Definitivo-2016.xls,SEPTIEMBRE 2016
2016,9,2016-09,Valencia,VALENCIA,Valencia,566433,5798,1010222,09.Septiembre-Definitivo-2016.xls,SEPTIEMBRE 2016
2016,9,2016-09,Valladolid,VALLADOLID,Valladolid,21313,550,0,09.Septiembre-Definitivo-2016.xls,SEPTIEMBRE 2016
2016,9,2016-09,Vigo,VIGO,Pontevedra,94670,1154,35884,09.Septiembre-Definitivo-2016.xls,SEPTIEMBRE 2016
2016,9,2016-09,Vitoria,VITORIA,Alava,1535,551,4481454,09.Septiembre-Definitivo-2016.xls,SEPTIEMBRE 2016
2016,9,2016-09,Zaragoza,ZARAGOZA,Zaragoza,36494,733,11735909,09.Septiembre-Definitivo-2016.xls,SEPTIEMBRE 2016
2017,9,2017-09,A Coruna,A CORUNA,A Coruna,105109,1466,10083,09.Septiembre_Definitivo_2017.xls,SEPTIEMBRE 2017
2017,9,2017-09,Adolfo Suarez Madrid-Barajas,ADOLFO SUAREZ MADRID-BARAJAS,Madrid,4807733,33931,39095931,09.Septiembre_Definitivo_2017.xls,SEPTIEMBRE 2017
2017,9,2017-09,Albacete,ALBACETE,Albacete,76,26,0,09.Septiembre_Definitivo_2017.xls,SEPTIEMBRE 2017
2017,9,2017-09,Algeciras-Helipuerto,ALGECIRAS-HELIPUERTO,Cadiz,1717,230,0,09.Septiembre_Definitivo_2017.xls,SEPTIEMBRE 2017
2017,9,2017-09,Alicante-Elche,ALICANTE-ELCHE,Alicante,1437449,9391,294393,09.Septiembre_Definitivo_2017.xls,SEPTIEMBRE 2017
2017,9,2017-09,Almeria,ALMERIA,Almeria,123856,1302,1692,09.Septiembre_Definitivo_2017.xls,SEPTIEMBRE 2017
2017,9,2017-09,Asturias,ASTURIAS,Asturias,133428,1200,1249,09.Septiembre_Definitivo_2017.xls,SEPTIEMBRE 2017
2017,9,2017-09,Badajoz,BADAJOZ,Badajoz,3948,188,0,09.Septiembre_Definitivo_2017.xls,SEPTIEMBRE 2017
2017,9,2017-09,Barcelona-El Prat,BARCELONA-EL PRAT,Barcelona,4637662,30583,13893964,09.Septiembre_Definitivo_2017.xls,SEPTIEMBRE 2017
2017,9,2017-09,Bilbao,BILBAO,Bizkaia,476756,4331,109188,09.Septiembre_Definitivo_2017.xls,SEPTIEMBRE 2017
2017,9,2017-09,Burgos,BURGOS,Burgos,780,321,0,09.Septiembre_Definitivo_2017.xls,SEPTIEMBRE 2017
2017,9,2017-09,Ceuta-Helipuerto,CEUTA-HELIPUERTO,Ceuta,2785,403,0,09.Septiembre_Definitivo_2017.xls,SEPTIEMBRE 2017
2017,9,2017-09,Cordoba,CORDOBA,Cordoba,960,858,0,09.Septiembre_Definitivo_2017.xls,SEPTIEMBRE 2017
2017,9,2017-09,El Hierro,EL HIERRO,Santa Cruz de Tenerife,21031,396,5037,09.Septiembre_Definitivo_2017.xls,SEPTIEMBRE 2017
2017,9,2017-09,Fgl Granada-Jaen,FGL GRANADA-JAEN,Granada,86140,1199,2,09.Septiembre_Definitivo_2017.xls,SEPTIEMBRE 2017
2017,9,2017-09,Fuerteventura,FUERTEVENTURA,Las Palmas,512939,4078,77668,09.Septiembre_Definitivo_2017.xls,SEPTIEMBRE 2017
2017,9,2017-09,Girona,GIRONA,Girona,254348,1885,14175,09.Septiembre_Definitivo_2017.xls,SEPTIEMBRE 2017
2017,9,2017-09,Gran Canaria,GRAN CANARIA,Las Palmas,1017869,9034,1446582,09.Septiembre_Definitivo_2017.xls,SEPTIEMBRE 2017
2017,9,2017-09,Huesca-Pirineos,HUESCA-PIRINEOS,Huesca,11,765,0,09.Septiembre_Definitivo_2017.xls,SEPTIEMBRE 2017
2017,9,2017-09,Ibiza,IBIZA,Illes Balears,1153081,9817,168156,09.Septiembre_Definitivo_2017.xls,SEPTIEMBRE 2017
2017,9,2017-09,Jerez De La Frontera,JEREZ DE LA FRONTERA,Cadiz,122807,4433,0,09.Septiembre_Definitivo_2017.xls,SEPTIEMBRE 2017
2017,9,2017-09,La Gomera,LA GOMERA,Santa Cruz de Tenerife,5451,156,65,09.Septiembre_Definitivo_2017.xls,SEPTIEMBRE 2017
2017,9,2017-09,La Palma,LA PALMA,Santa Cruz de Tenerife,107117,1473,43934,09.Septiembre_Definitivo_2017.xls,SEPTIEMBRE 2017
2017,9,2017-09,Lanzarote,LANZAROTE,Las Palmas,621934,4881,148926,09.Septiembre_Definitivo_2017.xls,SEPTIEMBRE 2017
2017,9,2017-09,Leon,LEON,Leon,5487,181,0,09.Septiembre_Definitivo_2017.xls,SEPTIEMBRE 2017
2017,9,2017-09,Logrono,LOGRONO,La Rioja,2310,140,0,09.Septiembre_Definitivo_2017.xls,SEPTIEMBRE 2017
2017,9,2017-09,Madrid-Cuatro Vientos,MADRID-CUATRO VIENTOS,Madrid,516,4276,0,09.Septiembre_Definitivo_2017.xls,SEPTIEMBRE 2017
2017,9,2017-09,Malaga-Costa Del Sol,MALAGA-COSTA DEL SOL,Malaga,1974837,13699,296191,09.Septiembre_Definitivo_2017.xls,SEPTIEMBRE 2017
2017,9,2017-09,Melilla,MELILLA,Melilla,29714,704,8985,09.Septiembre_Definitivo_2017.xls,SEPTIEMBRE 2017
2017,9,2017-09,Menorca,MENORCA,Illes Balears,516650,3953,116652,09.Septiembre_Definitivo_2017.xls,SEPTIEMBRE 2017
2017,9,2017-09,Murcia-San Javier,MURCIA-SAN JAVIER,Murcia,141442,976,0,09.Septiembre_Definitivo_2017.xls,SEPTIEMBRE 2017
2017,9,2017-09,Palma De Mallorca,PALMA DE MALLORCA,Illes Balears,3641313,25265,840311,09.Septiembre_Definitivo_2017.xls,SEPTIEMBRE 2017
2017,9,2017-09,Pamplona,PAMPLONA,Navarra,13176,478,0,09.Septiembre_Definitivo_2017.xls,SEPTIEMBRE 2017
2017,9,2017-09,Reus,REUS,Tarragona,159578,1750,0,09.Septiembre_Definitivo_2017.xls,SEPTIEMBRE 2017
2017,9,2017-09,Sabadell,SABADELL,Barcelona,440,3280,0,09.Septiembre_Definitivo_2017.xls,SEPTIEMBRE 2017
2017,9,2017-09,Salamanca,SALAMANCA,Salamanca,1290,844,0,09.Septiembre_Definitivo_2017.xls,SEPTIEMBRE 2017
2017,9,2017-09,San Sebastian,SAN SEBASTIAN,Gipuzkoa,25158,674,486,09.Septiembre_Definitivo_2017.xls,SEPTIEMBRE 2017
2017,9,2017-09,Santiago,SANTIAGO,A Coruna,244738,1897,240458,09.Septiembre_Definitivo_2017.xls,SEPTIEMBRE 2017
2017,9,2017-09,Seve Ballesteros-Santander,SEVE BALLESTEROS-SANTANDER,Cantabria,86385,1045,0,09.Septiembre_Definitivo_2017.xls,SEPTIEMBRE 2017
2017,9,2017-09,Sevilla,SEVILLA,Sevilla,452001,4251,951693,09.Septiembre_Definitivo_2017.xls,SEPTIEMBRE 2017
2017,9,2017-09,Son Bonet,SON BONET,Illes Balears,318,1169,0,09.Septiembre_Definitivo_2017.xls,SEPTIEMBRE 2017
2017,9,2017-09,Tenerife Norte,TENERIFE NORTE,Santa Cruz de Tenerife,428519,5275,1108028,09.Septiembre_Definitivo_2017.xls,SEPTIEMBRE 2017
2017,9,2017-09,Tenerife Sur,TENERIFE SUR,Santa Cruz de Tenerife,889343,5239,213910,09.Septiembre_Definitivo_2017.xls,SEPTIEMBRE 2017
2017,9,2017-09,Valencia,VALENCIA,Valencia,658642,6273,1049120,09.Septiembre_Definitivo_2017.xls,SEPTIEMBRE 2017
2017,9,2017-09,Valladolid,VALLADOLID,Valladolid,19371,572,10340,09.Septiembre_Definitivo_2017.xls,SEPTIEMBRE 2017
2017,9,2017-09,Vigo,VIGO,Pontevedra,105916,1248,93179,09.Septiembre_Definitivo_2017.xls,SEPTIEMBRE 2017
2017,9,2017-09,Vitoria,VITORIA,Alava,7428,776,5200841,09.Septiembre_Definitivo_2017.xls,SEPTIEMBRE 2017
2017,9,2017-09,Zaragoza,ZARAGOZA,Zaragoza,42378,797,15983073,09.Septiembre_Definitivo_2017.xls,SEPTIEMBRE 2017
2018,9,2018-09,A Coruna,A CORUNA,A Coruna,108953,1703,14701,09.Septiembre_Definitivo_2018.xls,SEPTIEMBRE 2018
2018,9,2018-09,Adolfo Suarez Madrid-Barajas,ADOLFO SUAREZ MADRID-BARAJAS,Madrid,5203244,36156,43395079,09.Septiembre_Definitivo_2018.xls,SEPTIEMBRE 2018
2018,9,2018-09,Albacete,ALBACETE,Albacete,34,13,0,09.Septiembre_Definitivo_2018.xls,SEPTIEMBRE 2018
2018,9,2018-09,Algeciras-Helipuerto,ALGECIRAS-HELIPUERTO,Cadiz,2541,220,0,09.Septiembre_Definitivo_2018.xls,SEPTIEMBRE 2018
2018,9,2018-09,Alicante-Elche,ALICANTE-ELCHE,Alicante,1431169,9560,297354,09.Septiembre_Definitivo_2018.xls,SEPTIEMBRE 2018
2018,9,2018-09,Almeria,ALMERIA,Almeria,127493,1238,7546,09.Septiembre_Definitivo_2018.xls,SEPTIEMBRE 2018
2018,9,2018-09,Asturias,ASTURIAS,Asturias,136217,1260,1759,09.Septiembre_Definitivo_2018.xls,SEPTIEMBRE 2018
2018,9,2018-09,Badajoz,BADAJOZ,Badajoz,3886,176,0,09.Septiembre_Definitivo_2018.xls,SEPTIEMBRE 2018
2018,9,2018-09,Barcelona-El Prat J.T.,BARCELONA-EL PRAT J.T.,Barcelona,4843853,31611,14818474,09.Septiembre_Definitivo_2018.xls,SEPTIEMBRE 2018
2018,9,2018-09,Bilbao,BILBAO,Bizkaia,523619,4620,95007,09.Septiembre_Definitivo_2018.xls,SEPTIEMBRE 2018
2018,9,2018-09,Burgos,BURGOS,Burgos,1493,321,0,09.Septiembre_Definitivo_2018.xls,SEPTIEMBRE 2018
2018,9,2018-09,Ceuta-Helipuerto,CEUTA-HELIPUERTO,Ceuta,4204,370,0,09.Septiembre_Definitivo_2018.xls,SEPTIEMBRE 2018
2018,9,2018-09,Cordoba,CORDOBA,Cordoba,861,820,0,09.Septiembre_Definitivo_2018.xls,SEPTIEMBRE 2018
2018,9,2018-09,El Hierro,EL HIERRO,Santa Cruz de Tenerife,22466,440,5316,09.Septiembre_Definitivo_2018.xls,SEPTIEMBRE 2018
2018,9,2018-09,Fgl Granada-Jaen,FGL GRANADA-JAEN,Granada,106062,1198,0,09.Septiembre_Definitivo_2018.xls,SEPTIEMBRE 2018
2018,9,2018-09,Fuerteventura,FUERTEVENTURA,Las Palmas,509426,4188,105236,09.Septiembre_Definitivo_2018.xls,SEPTIEMBRE 2018
2018,9,2018-09,Girona,GIRONA,Girona,280660,2131,5278,09.Septiembre_Definitivo_2018.xls,SEPTIEMBRE 2018
2018,9,2018-09,Gran Canaria,GRAN CANARIA,Las Palmas,1051746,10183,1537553,09.Septiembre_Definitivo_2018.xls,SEPTIEMBRE 2018
2018,9,2018-09,Huesca-Pirineos,HUESCA-PIRINEOS,Huesca,34,1339,0,09.Septiembre_Definitivo_2018.xls,SEPTIEMBRE 2018
2018,9,2018-09,Ibiza,IBIZA,Illes Balears,1161835,9873,160000,09.Septiembre_Definitivo_2018.xls,SEPTIEMBRE 2018
2018,9,2018-09,Jerez De La Frontera,JEREZ DE LA FRONTERA,Cadiz,128217,4637,0,09.Septiembre_Definitivo_2018.xls,SEPTIEMBRE 2018
2018,9,2018-09,La Gomera,LA GOMERA,Santa Cruz de Tenerife,7415,311,41,09.Septiembre_Definitivo_2018.xls,SEPTIEMBRE 2018
2018,9,2018-09,La Palma,LA PALMA,Santa Cruz de Tenerife,112110,1812,34824,09.Septiembre_Definitivo_2018.xls,SEPTIEMBRE 2018
2018,9,2018-09,Lanzarote Cesar Manrique,LANZAROTE CESAR MANRIQUE,Las Palmas,617712,5032,139450,09.Septiembre_Definitivo_2018.xls,SEPTIEMBRE 2018
2018,9,2018-09,Leon,LEON,Leon,5032,317,0,09.Septiembre_Definitivo_2018.xls,SEPTIEMBRE 2018
2018,9,2018-09,Logrono,LOGRONO,La Rioja,2513,127,0,09.Septiembre_Definitivo_2018.xls,SEPTIEMBRE 2018
2018,9,2018-09,Madrid-Cuatro Vientos,MADRID-CUATRO VIENTOS,Madrid,348,4931,0,09.Septiembre_Definitivo_2018.xls,SEPTIEMBRE 2018
2018,9,2018-09,Malaga-Costa Del Sol,MALAGA-COSTA DEL SOL,Malaga,1979962,13801,291755,09.Septiembre_Definitivo_2018.xls,SEPTIEMBRE 2018
2018,9,2018-09,Melilla,MELILLA,Melilla,32848,761,11297,09.Septiembre_Definitivo_2018.xls,SEPTIEMBRE 2018
2018,9,2018-09,Menorca,MENORCA,Illes Balears,515531,4277,112644,09.Septiembre_Definitivo_2018.xls,SEPTIEMBRE 2018
2018,9,2018-09,Murcia-San Javier,MURCIA-SAN JAVIER,Murcia,148959,989,85,09.Septiembre_Definitivo_2018.xls,SEPTIEMBRE 2018
2018,9,2018-09,Palma De Mallorca,PALMA DE MALLORCA,Illes Balears,3760866,26663,871194,09.Septiembre_Definitivo_2018.xls,SEPTIEMBRE 2018
2018,9,2018-09,Pamplona,PAMPLONA,Navarra,18478,623,0,09.Septiembre_Definitivo_2018.xls,SEPTIEMBRE 2018
2018,9,2018-09,Reus,REUS,Tarragona,169108,1947,0,09.Septiembre_Definitivo_2018.xls,SEPTIEMBRE 2018
2018,9,2018-09,Sabadell,SABADELL,Barcelona,494,3979,0,09.Septiembre_Definitivo_2018.xls,SEPTIEMBRE 2018
2018,9,2018-09,Salamanca,SALAMANCA,Salamanca,1243,956,0,09.Septiembre_Definitivo_2018.xls,SEPTIEMBRE 2018
2018,9,2018-09,San Sebastian,SAN SEBASTIAN,Gipuzkoa,28598,666,0,09.Septiembre_Definitivo_2018.xls,SEPTIEMBRE 2018
2018,9,2018-09,Santiago,SANTIAGO,A Coruna,259031,2172,238145,09.Septiembre_Definitivo_2018.xls,SEPTIEMBRE 2018
2018,9,2018-09,Seve Ballesteros-Santander,SEVE BALLESTEROS-SANTANDER,Cantabria,105440,1077,0,09.Septiembre_Definitivo_2018.xls,SEPTIEMBRE 2018
2018,9,2018-09,Sevilla,SEVILLA,Sevilla,563301,5104,901299,09.Septiembre_Definitivo_2018.xls,SEPTIEMBRE 2018
2018,9,2018-09,Son Bonet,SON BONET,Illes Balears,525,1139,0,09.Septiembre_Definitivo_2018.xls,SEPTIEMBRE 2018
2018,9,2018-09,Tenerife Norte,TENERIFE NORTE,Santa Cruz de Tenerife,482490,6240,1031463,09.Septiembre_Definitivo_2018.xls,SEPTIEMBRE 2018
2018,9,2018-09,Tenerife Sur,TENERIFE SUR,Santa Cruz de Tenerife,855736,5307,200464,09.Septiembre_Definitivo_2018.xls,SEPTIEMBRE 2018
2018,9,2018-09,Valencia,VALENCIA,Valencia,725610,6460,1134970,09.Septiembre_Definitivo_2018.xls,SEPTIEMBRE 2018
2018,9,2018-09,Valladolid,VALLADOLID,Valladolid,23435,601,915,09.Septiembre_Definitivo_2018.xls,SEPTIEMBRE 2018
2018,9,2018-09,Vigo,VIGO,Pontevedra,112618,1260,47508,09.Septiembre_Definitivo_2018.xls,SEPTIEMBRE 2018
2018,9,2018-09,Vitoria,VITORIA,Alava,12124,832,4793403,09.Septiembre_Definitivo_2018.xls,SEPTIEMBRE 2018
2018,9,2018-09,Zaragoza,ZARAGOZA,Zaragoza,52548,982,16908784,09.Septiembre_Definitivo_2018.xls,SEPTIEMBRE 2018
2019,9,2019-09,A Coruna,A CORUNA,A Coruna,121632,1656,12971,09.Septiembre_Definitivo_2019.xls,SEPTIEMBRE 2019
2019,9,2019-09,Adolfo Suarez Madrid-Barajas,ADOLFO SUAREZ MADRID-BARAJAS,Madrid,5571293,37290,47767485,09.Septiembre_Definitivo_2019.xls,SEPTIEMBRE 2019
2019,9,2019-09,Aeropuerto Intl. Region Murcia,AEROPUERTO INTL. REGION MURCIA,Murcia,130535,898,0,09.Septiembre_Definitivo_2019.xls,SEPTIEMBRE 2019
2019,9,2019-09,Albacete,ALBACETE,Albacete,75,42,0,09.Septiembre_Definitivo_2019.xls,SEPTIEMBRE 2019
2019,9,2019-09,Algeciras-Helipuerto,ALGECIRAS-HELIPUERTO,Cadiz,3002,272,0,09.Septiembre_Definitivo_2019.xls,SEPTIEMBRE 2019
2019,9,2019-09,Alicante-Elche,ALICANTE-ELCHE,Alicante,1552541,10037,337014,09.Septiembre_Definitivo_2019.xls,SEPTIEMBRE 2019
2019,9,2019-09,Almeria,ALMERIA,Almeria,122069,1232,0,09.Septiembre_Definitivo_2019.xls,SEPTIEMBRE 2019
2019,9,2019-09,Asturias,ASTURIAS,Asturias,140959,1303,1515,09.Septiembre_Definitivo_2019.xls,SEPTIEMBRE 2019
2019,9,2019-09,Badajoz,BADAJOZ,Badajoz,5948,255,0,09.Septiembre_Definitivo_2019.xls,SEPTIEMBRE 2019
2019,9,2019-09,Barcelona-El Prat J.T.,BARCELONA-EL PRAT J.T.,Barcelona,5106950,32111,15921338,09.Septiembre_Definitivo_2019.xls,SEPTIEMBRE 2019
2019,9,2019-09,Bilbao,BILBAO,Bizkaia,583128,4909,84066,09.Septiembre_Definitivo_2019.xls,SEPTIEMBRE 2019
2019,9,2019-09,Burgos,BURGOS,Burgos,1406,249,0,09.Septiembre_Definitivo_2019.xls,SEPTIEMBRE 2019
2019,9,2019-09,Ceuta-Helipuerto,CEUTA-HELIPUERTO,Ceuta,5971,554,0,09.Septiembre_Definitivo_2019.xls,SEPTIEMBRE 2019
2019,9,2019-09,Cordoba,CORDOBA,Cordoba,1163,1164,0,09.Septiembre_Definitivo_2019.xls,SEPTIEMBRE 2019
2019,9,2019-09,El Hierro,EL HIERRO,Santa Cruz de Tenerife,23879,418,5650,09.Septiembre_Definitivo_2019.xls,SEPTIEMBRE 2019
2019,9,2019-09,Fgl Granada-Jaen,FGL GRANADA-JAEN,Granada,114238,1176,0,09.Septiembre_Definitivo_2019.xls,SEPTIEMBRE 2019
2019,9,2019-09,Fuerteventura,FUERTEVENTURA,Las Palmas,462926,3925,51497,09.Septiembre_Definitivo_2019.xls,SEPTIEMBRE 2019
2019,9,2019-09,Girona-Costa Brava,GIRONA-COSTA BRAVA,Girona,258753,2019,11387,09.Septiembre_Definitivo_2019.xls,SEPTIEMBRE 2019
2019,9,2019-09,Gran Canaria,GRAN CANARIA,Las Palmas,987333,9773,1761460,09.Septiembre_Definitivo_2019.xls,SEPTIEMBRE 2019
2019,9,2019-09,Huesca-Pirineos,HUESCA-PIRINEOS,Huesca,3,574,0,09.Septiembre_Definitivo_2019.xls,SEPTIEMBRE 2019
2019,9,2019-09,Ibiza,IBIZA,Illes Balears,1148080,9482,124473,09.Septiembre_Definitivo_2019.xls,SEPTIEMBRE 2019
2019,9,2019-09,Jerez De La Frontera,JEREZ DE LA FRONTERA,Cadiz,126469,4783,69,09.Septiembre_Definitivo_2019.xls,SEPTIEMBRE 2019
2019,9,2019-09,La Gomera,LA GOMERA,Santa Cruz de Tenerife,9090,318,178,09.Septiembre_Definitivo_2019.xls,SEPTIEMBRE 2019
2019,9,2019-09,La Palma,LA PALMA,Santa Cruz de Tenerife,118768,1687,32832,09.Septiembre_Definitivo_2019.xls,SEPTIEMBRE 2019
2019,9,2019-09,Lanzarote-Cesar Manrique,LANZAROTE-CESAR MANRIQUE,Las Palmas,610473,5067,115421,09.Septiembre_Definitivo_2019.xls,SEPTIEMBRE 2019
2019,9,2019-09,Leon,LEON,Leon,5494,237,0,09.Septiembre_Definitivo_2019.xls,SEPTIEMBRE 2019
2019,9,2019-09,Logrono,LOGRONO,La Rioja,2219,146,0,09.Septiembre_Definitivo_2019.xls,SEPTIEMBRE 2019
2019,9,2019-09,Madrid-Cuatro Vientos,MADRID-CUATRO VIENTOS,Madrid,316,5091,0,09.Septiembre_Definitivo_2019.xls,SEPTIEMBRE 2019
2019,9,2019-09,Malaga-Costa Del Sol,MALAGA-COSTA DEL SOL,Malaga,2026920,14039,361753,09.Septiembre_Definitivo_2019.xls,SEPTIEMBRE 2019
2019,9,2019-09,Melilla,MELILLA,Melilla,39364,907,8724,09.Septiembre_Definitivo_2019.xls,SEPTIEMBRE 2019
2019,9,2019-09,Menorca,MENORCA,Illes Balears,492504,4049,117129,09.Septiembre_Definitivo_2019.xls,SEPTIEMBRE 2019
2019,9,2019-09,Murcia-San Javier,MURCIA-SAN JAVIER,Murcia,0,0,0,09.Septiembre_Definitivo_2019.xls,SEPTIEMBRE 2019
2019,9,2019-09,Palma De Mallorca,PALMA DE MALLORCA,Illes Balears,3767033,25718,788458,09.Septiembre_Definitivo_2019.xls,SEPTIEMBRE 2019
2019,9,2019-09,Pamplona,PAMPLONA,Navarra,23517,587,47,09.Septiembre_Definitivo_2019.xls,SEPTIEMBRE 2019
2019,9,2019-09,Reus,REUS,Tarragona,160594,1897,0,09.Septiembre_Definitivo_2019.xls,SEPTIEMBRE 2019
2019,9,2019-09,Sabadell,SABADELL,Barcelona,479,4474,0,09.Septiembre_Definitivo_2019.xls,SEPTIEMBRE 2019
2019,9,2019-09,Salamanca,SALAMANCA,Salamanca,921,947,0,09.Septiembre_Definitivo_2019.xls,SEPTIEMBRE 2019
2019,9,2019-09,San Sebastian,SAN SEBASTIAN,Gipuzkoa,32273,729,0,09.Septiembre_Definitivo_2019.xls,SEPTIEMBRE 2019
2019,9,2019-09,Santiago-Rosalia De Castro,SANTIAGO-ROSALIA DE CASTRO,A Coruna,281441,2275,288628,09.Septiembre_Definitivo_2019.xls,SEPTIEMBRE 2019
2019,9,2019-09,Seve Ballesteros-Santander,SEVE BALLESTEROS-SANTANDER,Cantabria,107101,1045,34,09.Septiembre_Definitivo_2019.xls,SEPTIEMBRE 2019
2019,9,2019-09,Sevilla,SEVILLA,Sevilla,673466,5631,885964,09.Septiembre_Definitivo_2019.xls,SEPTIEMBRE 2019
2019,9,2019-09,Son Bonet,SON BONET,Illes Balears,165,1109,0,09.Septiembre_Definitivo_2019.xls,SEPTIEMBRE 2019
2019,9,2019-09,Tenerife Norte-C. La Laguna,TENERIFE NORTE-C. LA LAGUNA,Santa Cruz de Tenerife,517244,6314,1029917,09.Septiembre_Definitivo_2019.xls,SEPTIEMBRE 2019
2019,9,2019-09,Tenerife-Sur,TENERIFE-SUR,Santa Cruz de Tenerife,829249,5174,161063,09.Septiembre_Definitivo_2019.xls,SEPTIEMBRE 2019
2019,9,2019-09,Valencia,VALENCIA,Valencia,791361,6999,1140123,09.Septiembre_Definitivo_2019.xls,SEPTIEMBRE 2019
2019,9,2019-09,Valladolid,VALLADOLID,Valladolid,24592,723,0,09.Septiembre_Definitivo_2019.xls,SEPTIEMBRE 2019
2019,9,2019-09,Vigo,VIGO,Pontevedra,92813,1095,46161,09.Septiembre_Definitivo_2019.xls,SEPTIEMBRE 2019
2019,9,2019-09,Vitoria,VITORIA,Alava,16056,872,5202906,09.Septiembre_Definitivo_2019.xls,SEPTIEMBRE 2019
2019,9,2019-09,Zaragoza,ZARAGOZA,Zaragoza,45900,805,16604199,09.Septiembre_Definitivo_2019.xls,SEPTIEMBRE 2019
2020,9,2020-09,A Coruna,A CORUNA,A Coruna,34378,1311,7120,09.Septiembre_Definitivo_2020.xls,SEPTIEMBRE 2020
2020,9,2020-09,Adolfo Suarez Madrid-Barajas,ADOLFO SUAREZ MADRID-BARAJAS,Madrid,984764,12412,31744407,09.Septiembre_Definitivo_2020.xls,SEPTIEMBRE 2020
2020,9,2020-09,Aeropuerto Intl. Region Murcia,AEROPUERTO INTL. REGION MURCIA,Murcia,17164,346,0,09.Septiembre_Definitivo_2020.xls,SEPTIEMBRE 2020
2020,9,2020-09,Albacete,ALBACETE,Albacete,190,28,0,09.Septiembre_Definitivo_2020.xls,SEPTIEMBRE 2020
2020,9,2020-09,Algeciras-Helipuerto,ALGECIRAS-HELIPUERTO,Cadiz,2486,246,0,09.Septiembre_Definitivo_2020.xls,SEPTIEMBRE 2020
2020,9,2020-09,Alicante-Elche Miguel Hdez.,ALICANTE-ELCHE MIGUEL HDEZ.,Alicante,256993,3862,296846,09.Septiembre_Definitivo_2020.xls,SEPTIEMBRE 2020
2020,9,2020-09,Almeria,ALMERIA,Almeria,19161,652,0,09.Septiembre_Definitivo_2020.xls,SEPTIEMBRE 2020
2020,9,2020-09,Asturias,ASTURIAS,Asturias,58605,689,66,09.Septiembre_Definitivo_2020.xls,SEPTIEMBRE 2020
2020,9,2020-09,Badajoz,BADAJOZ,Badajoz,1736,144,0,09.Septiembre_Definitivo_2020.xls,SEPTIEMBRE 2020
2020,9,2020-09,Barcelona-El Prat J.T.,BARCELONA-EL PRAT J.T.,Barcelona,844410,10497,9946501,09.Septiembre_Definitivo_2020.xls,SEPTIEMBRE 2020
2020,9,2020-09,Bilbao,BILBAO,Bizkaia,161337,2066,31327,09.Septiembre_Definitivo_2020.xls,SEPTIEMBRE 2020
2020,9,2020-09,Burgos,BURGOS,Burgos,2701,1339,0,09.Septiembre_Definitivo_2020.xls,SEPTIEMBRE 2020
2020,9,2020-09,Ceuta-Helipuerto,CEUTA-HELIPUERTO,Ceuta,4264,453,0,09.Septiembre_Definitivo_2020.xls,SEPTIEMBRE 2020
2020,9,2020-09,Cordoba,CORDOBA,Cordoba,890,800,0,09.Septiembre_Definitivo_2020.xls,SEPTIEMBRE 2020
2020,9,2020-09,El Hierro,EL HIERRO,Santa Cruz de Tenerife,18037,442,4635,09.Septiembre_Definitivo_2020.xls,SEPTIEMBRE 2020
2020,9,2020-09,Fgl Granada-Jaen,FGL GRANADA-JAEN,Granada,36274,862,0,09.Septiembre_Definitivo_2020.xls,SEPTIEMBRE 2020
2020,9,2020-09,Fuerteventura,FUERTEVENTURA,Las Palmas,140523,2226,24451,09.Septiembre_Definitivo_2020.xls,SEPTIEMBRE 2020
2020,9,2020-09,Girona-Costa Brava,GIRONA-COSTA BRAVA,Girona,8603,1186,92927,09.Septiembre_Definitivo_2020.xls,SEPTIEMBRE 2020
2020,9,2020-09,Gran Canaria,GRAN CANARIA,Las Palmas,295829,5685,1158528,09.Septiembre_Definitivo_2020.xls,SEPTIEMBRE 2020
2020,9,2020-09,Huesca-Pirineos,HUESCA-PIRINEOS,Huesca,252,218,0,09.Septiembre_Definitivo_2020.xls,SEPTIEMBRE 2020
2020,9,2020-09,Ibiza,IBIZA,Illes Balears,275016,4595,93887,09.Septiembre_Definitivo_2020.xls,SEPTIEMBRE 2020
2020,9,2020-09,Jerez De La Frontera,JEREZ DE LA FRONTERA,Cadiz,17413,4326,2,09.Septiembre_Definitivo_2020.xls,SEPTIEMBRE 2020
2020,9,2020-09,La Gomera,LA GOMERA,Santa Cruz de Tenerife,7161,342,67,09.Septiembre_Definitivo_2020.xls,SEPTIEMBRE 2020
2020,9,2020-09,La Palma,LA PALMA,Santa Cruz de Tenerife,61500,1337,23292,09.Septiembre_Definitivo_2020.xls,SEPTIEMBRE 2020
2020,9,2020-09,Lanzarote-Cesar Manrique,LANZAROTE-CESAR MANRIQUE,Las Palmas,164226,2724,41625,09.Septiembre_Definitivo_2020.xls,SEPTIEMBRE 2020
2020,9,2020-09,Leon,LEON,Leon,844,322,0,09.Septiembre_Definitivo_2020.xls,SEPTIEMBRE 2020
2020,9,2020-09,Logrono,LOGRONO,La Rioja,363,115,0,09.Septiembre_Definitivo_2020.xls,SEPTIEMBRE 2020
2020,9,2020-09,Madrid-Cuatro Vientos,MADRID-CUATRO VIENTOS,Madrid,200,5382,0,09.Septiembre_Definitivo_2020.xls,SEPTIEMBRE 2020
2020,9,2020-09,Malaga-Costa Del Sol,MALAGA-COSTA DEL SOL,Malaga,366312,6232,55589,09.Septiembre_Definitivo_2020.xls,SEPTIEMBRE 2020
2020,9,2020-09,Melilla,MELILLA,Melilla,19103,475,986,09.Septiembre_Definitivo_2020.xls,SEPTIEMBRE 2020
2020,9,2020-09,Menorca,MENORCA,Illes Balears,168850,1940,80919,09.Septiembre_Definitivo_2020.xls,SEPTIEMBRE 2020
2020,9,2020-09,Palma De Mallorca,PALMA DE MALLORCA,Illes Balears,513068,8972,555514,09.Septiembre_Definitivo_2020.xls,SEPTIEMBRE 2020
2020,9,2020-09,Pamplona,PAMPLONA,Navarra,8218,375,0,09.Septiembre_Definitivo_2020.xls,SEPTIEMBRE 2020
2020,9,2020-09,Reus,REUS,Tarragona,4774,1497,0,09.Septiembre_Definitivo_2020.xls,SEPTIEMBRE 2020
2020,9,2020-09,Sabadell,SABADELL,Barcelona,395,4407,0,09.Septiembre_Definitivo_2020.xls,SEPTIEMBRE 2020
2020,9,2020-09,Salamanca,SALAMANCA,Salamanca,179,973,0,09.Septiembre_Definitivo_2020.xls,SEPTIEMBRE 2020
2020,9,2020-09,San Sebastian,SAN SEBASTIAN,Gipuzkoa,4550,190,0,09.Septiembre_Definitivo_2020.xls,SEPTIEMBRE 2020
2020,9,2020-09,Santiago-Rosalia De Castro,SANTIAGO-ROSALIA DE CASTRO,A Coruna,94958,1343,286424,09.Septiembre_Definitivo_2020.xls,SEPTIEMBRE 2020
2020,9,2020-09,Seve Ballesteros-Santander,SEVE BALLESTEROS-SANTANDER,Cantabria,28256,686,0,09.Septiembre_Definitivo_2020.xls,SEPTIEMBRE 2020
2020,9,2020-09,Sevilla,SEVILLA,Sevilla,178083,3381,707849,09.Septiembre_Definitivo_2020.xls,SEPTIEMBRE 2020
2020,9,2020-09,Son Bonet,SON BONET,Illes Balears,488,1139,0,09.Septiembre_Definitivo_2020.xls,SEPTIEMBRE 2020
2020,9,2020-09,Tenerife Norte-C. La Laguna,TENERIFE NORTE-C. LA LAGUNA,Santa Cruz de Tenerife,277608,4747,691580,09.Septiembre_Definitivo_2020.xls,SEPTIEMBRE 2020
2020,9,2020-09,Tenerife-Sur,TENERIFE-SUR,Santa Cruz de Tenerife,134737,1966,47753,09.Septiembre_Definitivo_2020.xls,SEPTIEMBRE 2020
2020,9,2020-09,Valencia,VALENCIA,Valencia,187892,3361,972758,09.Septiembre_Definitivo_2020.xls,SEPTIEMBRE 2020
2020,9,2020-09,Valladolid,VALLADOLID,Valladolid,7083,381,0,09.Septiembre_Definitivo_2020.xls,SEPTIEMBRE 2020
2020,9,2020-09,Vigo,VIGO,Pontevedra,26139,575,24284,09.Septiembre_Definitivo_2020.xls,SEPTIEMBRE 2020
2020,9,2020-09,Vitoria,VITORIA,Alava,3970,1010,5774202,09.Septiembre_Definitivo_2020.xls,SEPTIEMBRE 2020
2020,9,2020-09,Zaragoza,ZARAGOZA,Zaragoza,17159,832,18796047,09.Septiembre_Definitivo_2020.xls,SEPTIEMBRE 2020
2021,9,2021-09,A Coruna,A CORUNA,A Coruna,74344,1217,7837,09_Septiembre_Definitivo_2021.xls,SEPTIEMBRE 2021
2021,9,2021-09,Adolfo Suarez Madrid-Barajas,ADOLFO SUAREZ MADRID-BARAJAS,Madrid,2841185,22946,47189216,09_Septiembre_Definitivo_2021.xls,SEPTIEMBRE 2021
2021,9,2021-09,Aeropuerto Intl. Region Murcia,AEROPUERTO INTL. REGION MURCIA,Murcia,58634,554,0,09_Septiembre_Definitivo_2021.xls,SEPTIEMBRE 2021
2021,9,2021-09,Albacete,ALBACETE,Albacete,92,72,0,09_Septiembre_Definitivo_2021.xls,SEPTIEMBRE 2021
2021,9,2021-09,Algeciras-Helipuerto,ALGECIRAS-HELIPUERTO,Cadiz,3463,298,0,09_Septiembre_Definitivo_2021.xls,SEPTIEMBRE 2021
2021,9,2021-09,Alicante-Elche Miguel Hdez.,ALICANTE-ELCHE MIGUEL HDEZ.,Alicante,909985,7422,340821,09_Septiembre_Definitivo_2021.xls,SEPTIEMBRE 2021
2021,9,2021-09,Almeria,ALMERIA,Almeria,50711,817,0,09_Septiembre_Definitivo_2021.xls,SEPTIEMBRE 2021
2021,9,2021-09,Asturias,ASTURIAS,Asturias,117646,963,981,09_Septiembre_Definitivo_2021.xls,SEPTIEMBRE 2021
2021,9,2021-09,Badajoz,BADAJOZ,Badajoz,4372,205,0,09_Septiembre_Definitivo_2021.xls,SEPTIEMBRE 2021
2021,9,2021-09,Barcelona-El Prat J.T.,BARCELONA-EL PRAT J.T.,Barcelona,2634537,20839,12279866,09_Septiembre_Definitivo_2021.xls,SEPTIEMBRE 2021
2021,9,2021-09,Bilbao,BILBAO,Bizkaia,359572,3179,40299,09_Septiembre_Definitivo_2021.xls,SEPTIEMBRE 2021
2021,9,2021-09,Burgos,BURGOS,Burgos,980,1707,200,09_Septiembre_Definitivo_2021.xls,SEPTIEMBRE 2021
2021,9,2021-09,Ceuta-Helipuerto,CEUTA-HELIPUERTO,Ceuta,6327,579,0,09_Septiembre_Definitivo_2021.xls,SEPTIEMBRE 2021
2021,9,2021-09,Cordoba,CORDOBA,Cordoba,407,719,0,09_Septiembre_Definitivo_2021.xls,SEPTIEMBRE 2021
2021,9,2021-09,El Hierro,EL HIERRO,Santa Cruz de Tenerife,25627,496,5053,09_Septiembre_Definitivo_2021.xls,SEPTIEMBRE 2021
2021,9,2021-09,Fgl Granada-Jaen,FGL GRANADA-JAEN,Granada,66329,1041,0,09_Septiembre_Definitivo_2021.xls,SEPTIEMBRE 2021
2021,9,2021-09,Fuerteventura,FUERTEVENTURA,Las Palmas,361898,3540,26568,09_Septiembre_Definitivo_2021.xls,SEPTIEMBRE 2021
2021,9,2021-09,Girona-Costa Brava,GIRONA-COSTA BRAVA,Girona,69028,1518,410,09_Septiembre_Definitivo_2021.xls,SEPTIEMBRE 2021
2021,9,2021-09,Gran Canaria,GRAN CANARIA,Las Palmas,725359,8229,2059433,09_Septiembre_Definitivo_2021.xls,SEPTIEMBRE 2021
2021,9,2021-09,Huesca-Pirineos,HUESCA-PIRINEOS,Huesca,20,280,0,09_Septiembre_Definitivo_2021.xls,SEPTIEMBRE 2021
2021,9,2021-09,Ibiza,IBIZA,Illes Balears,841946,9017,97073,09_Septiembre_Definitivo_2021.xls,SEPTIEMBRE 2021
2021,9,2021-09,Jerez De La Frontera,JEREZ DE LA FRONTERA,Cadiz,71717,3123,115,09_Septiembre_Definitivo_2021.xls,SEPTIEMBRE 2021
2021,9,2021-09,La Gomera,LA GOMERA,Santa Cruz de Tenerife,9128,270,80,09_Septiembre_Definitivo_2021.xls,SEPTIEMBRE 2021
2021,9,2021-09,La Palma,LA PALMA,Santa Cruz de Tenerife,79658,1378,20020,09_Septiembre_Definitivo_2021.xls,SEPTIEMBRE 2021
2021,9,2021-09,Lanzarote-Cesar Manrique,LANZAROTE-CESAR MANRIQUE,Las Palmas,420259,4206,44164,09_Septiembre_Definitivo_2021.xls,SEPTIEMBRE 2021
2021,9,2021-09,Leon,LEON,Leon,2771,316,0,09_Septiembre_Definitivo_2021.xls,SEPTIEMBRE 2021
2021,9,2021-09,Logrono,LOGRONO,La Rioja,610,144,0,09_Septiembre_Definitivo_2021.xls,SEPTIEMBRE 2021
2021,9,2021-09,Madrid-Cuatro Vientos,MADRID-CUATRO VIENTOS,Madrid,249,5470,0,09_Septiembre_Definitivo_2021.xls,SEPTIEMBRE 2021
2021,9,2021-09,Malaga-Costa Del Sol,MALAGA-COSTA DEL SOL,Malaga,1338487,12097,211882,09_Septiembre_Definitivo_2021.xls,SEPTIEMBRE 2021
2021,9,2021-09,Melilla,MELILLA,Melilla,32280,763,1423,09_Septiembre_Definitivo_2021.xls,SEPTIEMBRE 2021
2021,9,2021-09,Menorca,MENORCA,Illes Balears,386508,3780,72486,09_Septiembre_Definitivo_2021.xls,SEPTIEMBRE 2021
2021,9,2021-09,Palma De Mallorca,PALMA DE MALLORCA,Illes Balears,2306280,19564,646653,09_Septiembre_Definitivo_2021.xls,SEPTIEMBRE 2021
2021,9,2021-09,Pamplona,PAMPLONA,Navarra,12270,473,0,09_Septiembre_Definitivo_2021.xls,SEPTIEMBRE 2021
2021,9,2021-09,Reus,REUS,Tarragona,40233,1286,0,09_Septiembre_Definitivo_2021.xls,SEPTIEMBRE 2021
2021,9,2021-09,Sabadell,SABADELL,Barcelona,481,3732,0,09_Septiembre_Definitivo_2021.xls,SEPTIEMBRE 2021
2021,9,2021-09,Salamanca,SALAMANCA,Salamanca,1851,732,0,09_Septiembre_Definitivo_2021.xls,SEPTIEMBRE 2021
2021,9,2021-09,San Sebastian,SAN SEBASTIAN,Gipuzkoa,23523,440,5,09_Septiembre_Definitivo_2021.xls,SEPTIEMBRE 2021
2021,9,2021-09,Santiago-Rosalia De Castro,SANTIAGO-ROSALIA DE CASTRO,A Coruna,233207,1966,448707,09_Septiembre_Definitivo_2021.xls,SEPTIEMBRE 2021
2021,9,2021-09,Seve Ballesteros-Santander,SEVE BALLESTEROS-SANTANDER,Cantabria,75515,1000,0,09_Septiembre_Definitivo_2021.xls,SEPTIEMBRE 2021
2021,9,2021-09,Sevilla,SEVILLA,Sevilla,461242,4818,754487,09_Septiembre_Definitivo_2021.xls,SEPTIEMBRE 2021
2021,9,2021-09,Son Bonet,SON BONET,Illes Balears,659,1175,0,09_Septiembre_Definitivo_2021.xls,SEPTIEMBRE 2021
2021,9,2021-09,Tenerife Norte-C. La Laguna,TENERIFE NORTE-C. LA LAGUNA,Santa Cruz de Tenerife,432076,5397,1016757,09_Septiembre_Definitivo_2021.xls,SEPTIEMBRE 2021
2021,9,2021-09,Tenerife-Sur,TENERIFE-SUR,Santa Cruz de Tenerife,530759,4537,64669,09_Septiembre_Definitivo_2021.xls,SEPTIEMBRE 2021
2021,9,2021-09,Valencia,VALENCIA,Valencia,567404,5857,1083439,09_Septiembre_Definitivo_2021.xls,SEPTIEMBRE 2021
2021,9,2021-09,Valladolid,VALLADOLID,Valladolid,14042,655,0,09_Septiembre_Definitivo_2021.xls,SEPTIEMBRE 2021
2021,9,2021-09,Vigo,VIGO,Pontevedra,67649,1057,149767,09_Septiembre_Definitivo_2021.xls,SEPTIEMBRE 2021
2021,9,2021-09,Vitoria,VITORIA,Alava,17080,1086,6204152,09_Septiembre_Definitivo_2021.xls,SEPTIEMBRE 2021
2021,9,2021-09,Zaragoza,ZARAGOZA,Zaragoza,37845,1081,18793173,09_Septiembre_Definitivo_2021.xls,SEPTIEMBRE 2021
2015,10,2015-10,A Coruna,A CORUNA,A Coruna,90810,1263,13191,10.Octubre-Definitivo-2015.xls,OCTUBRE
2015,10,2015-10,Adolfo Suarez Madrid-Barajas,ADOLFO SUAREZ MADRID-BARAJAS,Madrid,4271138,32127,35517715,10.Octubre-Definitivo-2015.xls,OCTUBRE
2015,10,2015-10,Albacete,ALBACETE,Albacete,259,84,0,10.Octubre-Definitivo-2015.xls,OCTUBRE
2015,10,2015-10,Algeciras-Helipuerto,ALGECIRAS-HELIPUERTO,Cadiz,1,4,0,10.Octubre-Definitivo-2015.xls,OCTUBRE
2015,10,2015-10,Alicante-Elche,ALICANTE-ELCHE,Alicante,1027071,7036,393052,10.Octubre-Definitivo-2015.xls,OCTUBRE
2015,10,2015-10,Almeria,ALMERIA,Almeria,64122,1019,428,10.Octubre-Definitivo-2015.xls,OCTUBRE
2015,10,2015-10,Asturias,ASTURIAS,Asturias,90308,854,8141,10.Octubre-Definitivo-2015.xls,OCTUBRE
2015,10,2015-10,Badajoz,BADAJOZ,Badajoz,221,46,0,10.Octubre-Definitivo-2015.xls,OCTUBRE
2015,10,2015-10,Barcelona-El Prat,BARCELONA-EL PRAT,Barcelona,3621777,25349,11070295,10.Octubre-Definitivo-2015.xls,OCTUBRE
2015,10,2015-10,Bilbao,BILBAO,Bizkaia,380751,3968,246064,10.Octubre-Definitivo-2015.xls,OCTUBRE
2015,10,2015-10,Burgos,BURGOS,Burgos,278,123,0,10.Octubre-Definitivo-2015.xls,OCTUBRE
2015,10,2015-10,Ceuta-Helipuerto,CEUTA-HELIPUERTO,Ceuta,95,28,0,10.Octubre-Definitivo-2015.xls,OCTUBRE
2015,10,2015-10,Cordoba,CORDOBA,Cordoba,583,503,0,10.Octubre-Definitivo-2015.xls,OCTUBRE
2015,10,2015-10,El Hierro,EL HIERRO,Santa Cruz de Tenerife,12466,296,6721,10.Octubre-Definitivo-2015.xls,OCTUBRE
2015,10,2015-10,Fgl Granada-Jaen,FGL GRANADA-JAEN,Granada,66688,1005,0,10.Octubre-Definitivo-2015.xls,OCTUBRE
2015,10,2015-10,Fuerteventura,FUERTEVENTURA,Las Palmas,483320,3505,87727,10.Octubre-Definitivo-2015.xls,OCTUBRE
2015,10,2015-10,Girona,GIRONA,Girona,182853,1736,1457,10.Octubre-Definitivo-2015.xls,OCTUBRE
2015,10,2015-10,Gran Canaria,GRAN CANARIA,Las Palmas,935690,8558,1597350,10.Octubre-Definitivo-2015.xls,OCTUBRE
2015,10,2015-10,Huesca-Pirineos,HUESCA-PIRINEOS,Huesca,28,439,0,10.Octubre-Definitivo-2015.xls,OCTUBRE
2015,10,2015-10,Ibiza,IBIZA,Illes Balears,489874,4884,156741,10.Octubre-Definitivo-2015.xls,OCTUBRE
2015,10,2015-10,Jerez De La Frontera,JEREZ DE LA FRONTERA,Cadiz,95381,3459,106,10.Octubre-Definitivo-2015.xls,OCTUBRE
2015,10,2015-10,La Gomera,LA GOMERA,Santa Cruz de Tenerife,2845,131,199,10.Octubre-Definitivo-2015.xls,OCTUBRE
2015,10,2015-10,La Palma,LA PALMA,Santa Cruz de Tenerife,80054,1257,43254,10.Octubre-Definitivo-2015.xls,OCTUBRE
2015,10,2015-10,Lanzarote,LANZAROTE,Las Palmas,566004,4498,154134,10.Octubre-Definitivo-2015.xls,OCTUBRE
2015,10,2015-10,Leon,LEON,Leon,3653,142,0,10.Octubre-Definitivo-2015.xls,OCTUBRE
2015,10,2015-10,Logrono,LOGRONO,La Rioja,1728,122,0,10.Octubre-Definitivo-2015.xls,OCTUBRE
2015,10,2015-10,Madrid-Cuatro Vientos,MADRID-CUATRO VIENTOS,Madrid,139,2752,0,10.Octubre-Definitivo-2015.xls,OCTUBRE
2015,10,2015-10,Malaga-Costa Del Sol,MALAGA-COSTA DEL SOL,Malaga,1431683,10241,212516,10.Octubre-Definitivo-2015.xls,OCTUBRE
2015,10,2015-10,Melilla,MELILLA,Melilla,27193,737,11740,10.Octubre-Definitivo-2015.xls,OCTUBRE
2015,10,2015-10,Menorca,MENORCA,Illes Balears,185040,2136,105415,10.Octubre-Definitivo-2015.xls,OCTUBRE
2015,10,2015-10,Murcia-San Javier,MURCIA-SAN JAVIER,Murcia,115981,846,0,10.Octubre-Definitivo-2015.xls,OCTUBRE
2015,10,2015-10,Palma De Mallorca,PALMA DE MALLORCA,Illes Balears,2371855,17794,1016968,10.Octubre-Definitivo-2015.xls,OCTUBRE
2015,10,2015-10,Pamplona,PAMPLONA,Navarra,13388,501,0,10.Octubre-Definitivo-2015.xls,OCTUBRE
2015,10,2015-10,Reus,REUS,Tarragona,59322,1291,0,10.Octubre-Definitivo-2015.xls,OCTUBRE
2015,10,2015-10,Sabadell,SABADELL,Barcelona,321,2601,0,10.Octubre-Definitivo-2015.xls,OCTUBRE
2015,10,2015-10,Salamanca,SALAMANCA,Salamanca,2865,692,0,10.Octubre-Definitivo-2015.xls,OCTUBRE
2015,10,2015-10,San Sebastian,SAN SEBASTIAN,Gipuzkoa,24620,664,629,10.Octubre-Definitivo-2015.xls,OCTUBRE
2015,10,2015-10,Santiago,SANTIAGO,A Coruna,210266,1788,223207,10.Octubre-Definitivo-2015.xls,OCTUBRE
2015,10,2015-10,Seve Ballesteros-Santander,SEVE BALLESTEROS-SANTANDER,Cantabria,85613,944,0,10.Octubre-Definitivo-2015.xls,OCTUBRE
2015,10,2015-10,Sevilla,SEVILLA,Sevilla,395850,4059,519022,10.Octubre-Definitivo-2015.xls,OCTUBRE
2015,10,2015-10,Son Bonet,SON BONET,Illes Balears,345,984,0,10.Octubre-Definitivo-2015.xls,OCTUBRE
2015,10,2015-10,Tenerife Norte,TENERIFE NORTE,Santa Cruz de Tenerife,331108,4435,1176087,10.Octubre-Definitivo-2015.xls,OCTUBRE
2015,10,2015-10,Tenerife Sur,TENERIFE SUR,Santa Cruz de Tenerife,819511,5050,259594,10.Octubre-Definitivo-2015.xls,OCTUBRE
2015,10,2015-10,Valencia,VALENCIA,Valencia,463152,5156,1269861,10.Octubre-Definitivo-2015.xls,OCTUBRE
2015,10,2015-10,Valladolid,VALLADOLID,Valladolid,22770,511,30728,10.Octubre-Definitivo-2015.xls,OCTUBRE
2015,10,2015-10,Vigo,VIGO,Pontevedra,64302,835,54202,10.Octubre-Definitivo-2015.xls,OCTUBRE
2015,10,2015-10,Vitoria,VITORIA,Alava,602,597,4335474,10.Octubre-Definitivo-2015.xls,OCTUBRE
2015,10,2015-10,Zaragoza,ZARAGOZA,Zaragoza,33051,596,9166018,10.Octubre-Definitivo-2015.xls,OCTUBRE
2016,10,2016-10,A Coruna,A CORUNA,A Coruna,98607,1500,13854,10.Octubre-Definitivo-2016.xls,OCTUBRE 2016
2016,10,2016-10,Adolfo Suarez Madrid-Barajas,ADOLFO SUAREZ MADRID-BARAJAS,Madrid,4516960,32662,40812580,10.Octubre-Definitivo-2016.xls,OCTUBRE 2016
2016,10,2016-10,Albacete,ALBACETE,Albacete,199,71,0,10.Octubre-Definitivo-2016.xls,OCTUBRE 2016
2016,10,2016-10,Algeciras-Helipuerto,ALGECIRAS-HELIPUERTO,Cadiz,6,2,0,10.Octubre-Definitivo-2016.xls,OCTUBRE 2016
2016,10,2016-10,Alicante-Elche,ALICANTE-ELCHE,Alicante,1227162,8434,460463,10.Octubre-Definitivo-2016.xls,OCTUBRE 2016
2016,10,2016-10,Almeria,ALMERIA,Almeria,82335,1026,72,10.Octubre-Definitivo-2016.xls,OCTUBRE 2016
2016,10,2016-10,Asturias,ASTURIAS,Asturias,104315,994,5646,10.Octubre-Definitivo-2016.xls,OCTUBRE 2016
2016,10,2016-10,Badajoz,BADAJOZ,Badajoz,2881,147,0,10.Octubre-Definitivo-2016.xls,OCTUBRE 2016
2016,10,2016-10,Barcelona-El Prat,BARCELONA-EL PRAT,Barcelona,4018769,27317,13339068,10.Octubre-Definitivo-2016.xls,OCTUBRE 2016
2016,10,2016-10,Bilbao,BILBAO,Bizkaia,401241,3945,247488,10.Octubre-Definitivo-2016.xls,OCTUBRE 2016
2016,10,2016-10,Burgos,BURGOS,Burgos,577,236,0,10.Octubre-Definitivo-2016.xls,OCTUBRE 2016
2016,10,2016-10,Ceuta-Helipuerto,CEUTA-HELIPUERTO,Ceuta,121,34,0,10.Octubre-Definitivo-2016.xls,OCTUBRE 2016
2016,10,2016-10,Cordoba,CORDOBA,Cordoba,799,709,0,10.Octubre-Definitivo-2016.xls,OCTUBRE 2016
2016,10,2016-10,El Hierro,EL HIERRO,Santa Cruz de Tenerife,14105,298,5830,10.Octubre-Definitivo-2016.xls,OCTUBRE 2016
2016,10,2016-10,Fgl Granada-Jaen,FGL GRANADA-JAEN,Granada,65631,1046,75,10.Octubre-Definitivo-2016.xls,OCTUBRE 2016
2016,10,2016-10,Fuerteventura,FUERTEVENTURA,Las Palmas,551241,3997,85695,10.Octubre-Definitivo-2016.xls,OCTUBRE 2016
2016,10,2016-10,Girona,GIRONA,Girona,161369,1600,1070,10.Octubre-Definitivo-2016.xls,OCTUBRE 2016
2016,10,2016-10,Gran Canaria,GRAN CANARIA,Las Palmas,1069047,9425,1743196,10.Octubre-Definitivo-2016.xls,OCTUBRE 2016
2016,10,2016-10,Huesca-Pirineos,HUESCA-PIRINEOS,Huesca,2,367,0,10.Octubre-Definitivo-2016.xls,OCTUBRE 2016
2016,10,2016-10,Ibiza,IBIZA,Illes Balears,652459,6107,142539,10.Octubre-Definitivo-2016.xls,OCTUBRE 2016
2016,10,2016-10,Jerez De La Frontera,JEREZ DE LA FRONTERA,Cadiz,107380,4279,66,10.Octubre-Definitivo-2016.xls,OCTUBRE 2016
2016,10,2016-10,La Gomera,LA GOMERA,Santa Cruz de Tenerife,3222,161,48,10.Octubre-Definitivo-2016.xls,OCTUBRE 2016
2016,10,2016-10,La Palma,LA PALMA,Santa Cruz de Tenerife,91955,1366,46517,10.Octubre-Definitivo-2016.xls,OCTUBRE 2016
2016,10,2016-10,Lanzarote,LANZAROTE,Las Palmas,612805,4748,156521,10.Octubre-Definitivo-2016.xls,OCTUBRE 2016
2016,10,2016-10,Leon,LEON,Leon,2859,158,0,10.Octubre-Definitivo-2016.xls,OCTUBRE 2016
2016,10,2016-10,Logrono,LOGRONO,La Rioja,1397,102,0,10.Octubre-Definitivo-2016.xls,OCTUBRE 2016
2016,10,2016-10,Madrid-Cuatro Vientos,MADRID-CUATRO VIENTOS,Madrid,147,2949,0,10.Octubre-Definitivo-2016.xls,OCTUBRE 2016
2016,10,2016-10,Malaga-Costa Del Sol,MALAGA-COSTA DEL SOL,Malaga,1711802,12095,193230,10.Octubre-Definitivo-2016.xls,OCTUBRE 2016
2016,10,2016-10,Melilla,MELILLA,Melilla,29137,722,12029,10.Octubre-Definitivo-2016.xls,OCTUBRE 2016
2016,10,2016-10,Menorca,MENORCA,Illes Balears,214807,2209,92979,10.Octubre-Definitivo-2016.xls,OCTUBRE 2016
2016,10,2016-10,Murcia-San Javier,MURCIA-SAN JAVIER,Murcia,116520,825,40,10.Octubre-Definitivo-2016.xls,OCTUBRE 2016
2016,10,2016-10,Palma De Mallorca,PALMA DE MALLORCA,Illes Balears,2773585,20331,917509,10.Octubre-Definitivo-2016.xls,OCTUBRE 2016
2016,10,2016-10,Pamplona,PAMPLONA,Navarra,15283,574,286,10.Octubre-Definitivo-2016.xls,OCTUBRE 2016
2016,10,2016-10,Reus,REUS,Tarragona,74831,1381,0,10.Octubre-Definitivo-2016.xls,OCTUBRE 2016
2016,10,2016-10,Sabadell,SABADELL,Barcelona,367,2822,0,10.Octubre-Definitivo-2016.xls,OCTUBRE 2016
2016,10,2016-10,Salamanca,SALAMANCA,Salamanca,907,845,0,10.Octubre-Definitivo-2016.xls,OCTUBRE 2016
2016,10,2016-10,San Sebastian,SAN SEBASTIAN,Gipuzkoa,25378,625,0,10.Octubre-Definitivo-2016.xls,OCTUBRE 2016
2016,10,2016-10,Santiago,SANTIAGO,A Coruna,227136,1802,189212,10.Octubre-Definitivo-2016.xls,OCTUBRE 2016
2016,10,2016-10,Seve Ballesteros-Santander,SEVE BALLESTEROS-SANTANDER,Cantabria,68239,847,0,10.Octubre-Definitivo-2016.xls,OCTUBRE 2016
2016,10,2016-10,Sevilla,SEVILLA,Sevilla,425297,4014,541555,10.Octubre-Definitivo-2016.xls,OCTUBRE 2016
2016,10,2016-10,Son Bonet,SON BONET,Illes Balears,122,1067,0,10.Octubre-Definitivo-2016.xls,OCTUBRE 2016
2016,10,2016-10,Tenerife Norte,TENERIFE NORTE,Santa Cruz de Tenerife,365542,4590,1004654,10.Octubre-Definitivo-2016.xls,OCTUBRE 2016
2016,10,2016-10,Tenerife Sur,TENERIFE SUR,Santa Cruz de Tenerife,935591,5724,297398,10.Octubre-Definitivo-2016.xls,OCTUBRE 2016
2016,10,2016-10,Valencia,VALENCIA,Valencia,538207,5460,1020914,10.Octubre-Definitivo-2016.xls,OCTUBRE 2016
2016,10,2016-10,Valladolid,VALLADOLID,Valladolid,23062,452,820,10.Octubre-Definitivo-2016.xls,OCTUBRE 2016
2016,10,2016-10,Vigo,VIGO,Pontevedra,81944,991,37586,10.Octubre-Definitivo-2016.xls,OCTUBRE 2016
2016,10,2016-10,Vitoria,VITORIA,Alava,721,508,4262913,10.Octubre-Definitivo-2016.xls,OCTUBRE 2016
2016,10,2016-10,Zaragoza,ZARAGOZA,Zaragoza,32757,621,11688945,10.Octubre-Definitivo-2016.xls,OCTUBRE 2016
2017,10,2017-10,A Coruna,A CORUNA,A Coruna,100945,1516,10015,10.Octubre_Definitivo_2017.xls,OCTUBRE 2017
2017,10,2017-10,Adolfo Suarez Madrid-Barajas,ADOLFO SUAREZ MADRID-BARAJAS,Madrid,4725786,33856,46227088,10.Octubre_Definitivo_2017.xls,OCTUBRE 2017
2017,10,2017-10,Albacete,ALBACETE,Albacete,264,65,0,10.Octubre_Definitivo_2017.xls,OCTUBRE 2017
2017,10,2017-10,Algeciras-Helipuerto,ALGECIRAS-HELIPUERTO,Cadiz,1783,224,0,10.Octubre_Definitivo_2017.xls,OCTUBRE 2017
2017,10,2017-10,Alicante-Elche,ALICANTE-ELCHE,Alicante,1279291,8770,323092,10.Octubre_Definitivo_2017.xls,OCTUBRE 2017
2017,10,2017-10,Almeria,ALMERIA,Almeria,91990,1125,19,10.Octubre_Definitivo_2017.xls,OCTUBRE 2017
2017,10,2017-10,Asturias,ASTURIAS,Asturias,110868,1045,1714,10.Octubre_Definitivo_2017.xls,OCTUBRE 2017
2017,10,2017-10,Badajoz,BADAJOZ,Badajoz,4313,191,0,10.Octubre_Definitivo_2017.xls,OCTUBRE 2017
2017,10,2017-10,Barcelona-El Prat,BARCELONA-EL PRAT,Barcelona,4174467,29235,15515008,10.Octubre_Definitivo_2017.xls,OCTUBRE 2017
2017,10,2017-10,Bilbao,BILBAO,Bizkaia,459987,4254,116734,10.Octubre_Definitivo_2017.xls,OCTUBRE 2017
2017,10,2017-10,Burgos,BURGOS,Burgos,483,188,0,10.Octubre_Definitivo_2017.xls,OCTUBRE 2017
2017,10,2017-10,Ceuta-Helipuerto,CEUTA-HELIPUERTO,Ceuta,2861,383,0,10.Octubre_Definitivo_2017.xls,OCTUBRE 2017
2017,10,2017-10,Cordoba,CORDOBA,Cordoba,632,626,0,10.Octubre_Definitivo_2017.xls,OCTUBRE 2017
2017,10,2017-10,El Hierro,EL HIERRO,Santa Cruz de Tenerife,19258,378,5621,10.Octubre_Definitivo_2017.xls,OCTUBRE 2017
2017,10,2017-10,Fgl Granada-Jaen,FGL GRANADA-JAEN,Granada,87888,1064,0,10.Octubre_Definitivo_2017.xls,OCTUBRE 2017
2017,10,2017-10,Fuerteventura,FUERTEVENTURA,Las Palmas,561711,4372,83672,10.Octubre_Definitivo_2017.xls,OCTUBRE 2017
2017,10,2017-10,Girona,GIRONA,Girona,196308,1830,25768,10.Octubre_Definitivo_2017.xls,OCTUBRE 2017
2017,10,2017-10,Gran Canaria,GRAN CANARIA,Las Palmas,1178056,10472,1627291,10.Octubre_Definitivo_2017.xls,OCTUBRE 2017
2017,10,2017-10,Huesca-Pirineos,HUESCA-PIRINEOS,Huesca,4,905,0,10.Octubre_Definitivo_2017.xls,OCTUBRE 2017
2017,10,2017-10,Ibiza,IBIZA,Illes Balears,695354,6289,147351,10.Octubre_Definitivo_2017.xls,OCTUBRE 2017
2017,10,2017-10,Jerez De La Frontera,JEREZ DE LA FRONTERA,Cadiz,121890,4581,35,10.Octubre_Definitivo_2017.xls,OCTUBRE 2017
2017,10,2017-10,La Gomera,LA GOMERA,Santa Cruz de Tenerife,4901,157,161,10.Octubre_Definitivo_2017.xls,OCTUBRE 2017
2017,10,2017-10,La Palma,LA PALMA,Santa Cruz de Tenerife,111639,1481,45629,10.Octubre_Definitivo_2017.xls,OCTUBRE 2017
2017,10,2017-10,Lanzarote,LANZAROTE,Las Palmas,665088,5335,158129,10.Octubre_Definitivo_2017.xls,OCTUBRE 2017
2017,10,2017-10,Leon,LEON,Leon,4055,185,0,10.Octubre_Definitivo_2017.xls,OCTUBRE 2017
2017,10,2017-10,Logrono,LOGRONO,La Rioja,1744,147,0,10.Octubre_Definitivo_2017.xls,OCTUBRE 2017
2017,10,2017-10,Madrid-Cuatro Vientos,MADRID-CUATRO VIENTOS,Madrid,314,4225,0,10.Octubre_Definitivo_2017.xls,OCTUBRE 2017
2017,10,2017-10,Malaga-Costa Del Sol,MALAGA-COSTA DEL SOL,Malaga,1833616,13011,245802,10.Octubre_Definitivo_2017.xls,OCTUBRE 2017
2017,10,2017-10,Melilla,MELILLA,Melilla,28689,683,10879,10.Octubre_Definitivo_2017.xls,OCTUBRE 2017
2017,10,2017-10,Menorca,MENORCA,Illes Balears,235606,2166,108374,10.Octubre_Definitivo_2017.xls,OCTUBRE 2017
2017,10,2017-10,Murcia-San Javier,MURCIA-SAN JAVIER,Murcia,123572,862,86,10.Octubre_Definitivo_2017.xls,OCTUBRE 2017
2017,10,2017-10,Palma De Mallorca,PALMA DE MALLORCA,Illes Balears,2877209,21208,902519,10.Octubre_Definitivo_2017.xls,OCTUBRE 2017
2017,10,2017-10,Pamplona,PAMPLONA,Navarra,14182,616,751,10.Octubre_Definitivo_2017.xls,OCTUBRE 2017
2017,10,2017-10,Reus,REUS,Tarragona,95663,1555,0,10.Octubre_Definitivo_2017.xls,OCTUBRE 2017
2017,10,2017-10,Sabadell,SABADELL,Barcelona,451,3711,0,10.Octubre_Definitivo_2017.xls,OCTUBRE 2017
2017,10,2017-10,Salamanca,SALAMANCA,Salamanca,1829,812,0,10.Octubre_Definitivo_2017.xls,OCTUBRE 2017
2017,10,2017-10,San Sebastian,SAN SEBASTIAN,Gipuzkoa,28296,736,0,10.Octubre_Definitivo_2017.xls,OCTUBRE 2017
2017,10,2017-10,Santiago,SANTIAGO,A Coruna,234712,1997,247104,10.Octubre_Definitivo_2017.xls,OCTUBRE 2017
2017,10,2017-10,Seve Ballesteros-Santander,SEVE BALLESTEROS-SANTANDER,Cantabria,85164,975,0,10.Octubre_Definitivo_2017.xls,OCTUBRE 2017
2017,10,2017-10,Sevilla,SEVILLA,Sevilla,477041,4553,1133585,10.Octubre_Definitivo_2017.xls,OCTUBRE 2017
2017,10,2017-10,Son Bonet,SON BONET,Illes Balears,322,1220,0,10.Octubre_Definitivo_2017.xls,OCTUBRE 2017
2017,10,2017-10,Tenerife Norte,TENERIFE NORTE,Santa Cruz de Tenerife,431999,5555,1102255,10.Octubre_Definitivo_2017.xls,OCTUBRE 2017
2017,10,2017-10,Tenerife Sur,TENERIFE SUR,Santa Cruz de Tenerife,970734,5808,268746,10.Octubre_Definitivo_2017.xls,OCTUBRE 2017
2017,10,2017-10,Valencia,VALENCIA,Valencia,639587,6200,1084871,10.Octubre_Definitivo_2017.xls,OCTUBRE 2017
2017,10,2017-10,Valladolid,VALLADOLID,Valladolid,21263,636,400,10.Octubre_Definitivo_2017.xls,OCTUBRE 2017
2017,10,2017-10,Vigo,VIGO,Pontevedra,97488,1136,114442,10.Octubre_Definitivo_2017.xls,OCTUBRE 2017
2017,10,2017-10,Vitoria,VITORIA,Alava,8149,779,5380521,10.Octubre_Definitivo_2017.xls,OCTUBRE 2017
2017,10,2017-10,Zaragoza,ZARAGOZA,Zaragoza,34877,835,17177516,10.Octubre_Definitivo_2017.xls,OCTUBRE 2017
2018,10,2018-10,A Coruna,A CORUNA,A Coruna,110632,1636,15182,10.Octubre_Definitivo_2018.xls,OCTUBRE 2018
2018,10,2018-10,Adolfo Suarez Madrid-Barajas,ADOLFO SUAREZ MADRID-BARAJAS,Madrid,5188978,36537,48859869,10.Octubre_Definitivo_2018.xls,OCTUBRE 2018
2018,10,2018-10,Albacete,ALBACETE,Albacete,290,84,0,10.Octubre_Definitivo_2018.xls,OCTUBRE 2018
2018,10,2018-10,Algeciras-Helipuerto,ALGECIRAS-HELIPUERTO,Cadiz,3393,330,0,10.Octubre_Definitivo_2018.xls,OCTUBRE 2018
2018,10,2018-10,Alicante-Elche,ALICANTE-ELCHE,Alicante,1349587,9204,399936,10.Octubre_Definitivo_2018.xls,OCTUBRE 2018
2018,10,2018-10,Almeria,ALMERIA,Almeria,94989,1208,0,10.Octubre_Definitivo_2018.xls,OCTUBRE 2018
2018,10,2018-10,Asturias,ASTURIAS,Asturias,114925,1071,1427,10.Octubre_Definitivo_2018.xls,OCTUBRE 2018
2018,10,2018-10,Badajoz,BADAJOZ,Badajoz,4920,197,0,10.Octubre_Definitivo_2018.xls,OCTUBRE 2018
2018,10,2018-10,Barcelona-El Prat J.T.,BARCELONA-EL PRAT J.T.,Barcelona,4542398,30616,17780313,10.Octubre_Definitivo_2018.xls,OCTUBRE 2018
2018,10,2018-10,Bilbao,BILBAO,Bizkaia,521121,4687,195890,10.Octubre_Definitivo_2018.xls,OCTUBRE 2018
2018,10,2018-10,Burgos,BURGOS,Burgos,1392,204,0,10.Octubre_Definitivo_2018.xls,OCTUBRE 2018
2018,10,2018-10,Ceuta-Helipuerto,CEUTA-HELIPUERTO,Ceuta,6023,579,0,10.Octubre_Definitivo_2018.xls,OCTUBRE 2018
2018,10,2018-10,Cordoba,CORDOBA,Cordoba,568,559,0,10.Octubre_Definitivo_2018.xls,OCTUBRE 2018
2018,10,2018-10,El Hierro,EL HIERRO,Santa Cruz de Tenerife,21753,446,5733,10.Octubre_Definitivo_2018.xls,OCTUBRE 2018
2018,10,2018-10,Fgl Granada-Jaen,FGL GRANADA-JAEN,Granada,107863,1216,40,10.Octubre_Definitivo_2018.xls,OCTUBRE 2018
2018,10,2018-10,Fuerteventura,FUERTEVENTURA,Las Palmas,553588,4431,73446,10.Octubre_Definitivo_2018.xls,OCTUBRE 2018
2018,10,2018-10,Girona,GIRONA,Girona,196293,1701,4829,10.Octubre_Definitivo_2018.xls,OCTUBRE 2018
2018,10,2018-10,Gran Canaria,GRAN CANARIA,Las Palmas,1188256,11214,1772438,10.Octubre_Definitivo_2018.xls,OCTUBRE 2018
2018,10,2018-10,Huesca-Pirineos,HUESCA-PIRINEOS,Huesca,6,918,0,10.Octubre_Definitivo_2018.xls,OCTUBRE 2018
2018,10,2018-10,Ibiza,IBIZA,Illes Balears,715707,6657,133455,10.Octubre_Definitivo_2018.xls,OCTUBRE 2018
2018,10,2018-10,Jerez De La Frontera,JEREZ DE LA FRONTERA,Cadiz,124135,4674,0,10.Octubre_Definitivo_2018.xls,OCTUBRE 2018
2018,10,2018-10,La Gomera,LA GOMERA,Santa Cruz de Tenerife,5778,212,144,10.Octubre_Definitivo_2018.xls,OCTUBRE 2018
2018,10,2018-10,La Palma,LA PALMA,Santa Cruz de Tenerife,115551,1889,38886,10.Octubre_Definitivo_2018.xls,OCTUBRE 2018
2018,10,2018-10,Lanzarote Cesar Manrique,LANZAROTE CESAR MANRIQUE,Las Palmas,648227,5296,143890,10.Octubre_Definitivo_2018.xls,OCTUBRE 2018
2018,10,2018-10,Leon,LEON,Leon,4510,256,0,10.Octubre_Definitivo_2018.xls,OCTUBRE 2018
2018,10,2018-10,Logrono,LOGRONO,La Rioja,1893,114,0,10.Octubre_Definitivo_2018.xls,OCTUBRE 2018
2018,10,2018-10,Madrid-Cuatro Vientos,MADRID-CUATRO VIENTOS,Madrid,298,3880,0,10.Octubre_Definitivo_2018.xls,OCTUBRE 2018
2018,10,2018-10,Malaga-Costa Del Sol,MALAGA-COSTA DEL SOL,Malaga,1862295,13364,235772,10.Octubre_Definitivo_2018.xls,OCTUBRE 2018
2018,10,2018-10,Melilla,MELILLA,Melilla,32668,767,11598,10.Octubre_Definitivo_2018.xls,OCTUBRE 2018
2018,10,2018-10,Menorca,MENORCA,Illes Balears,250974,2420,119887,10.Octubre_Definitivo_2018.xls,OCTUBRE 2018
2018,10,2018-10,Murcia-San Javier,MURCIA-SAN JAVIER,Murcia,131896,966,0,10.Octubre_Definitivo_2018.xls,OCTUBRE 2018
2018,10,2018-10,Palma De Mallorca,PALMA DE MALLORCA,Illes Balears,2987793,22641,890939,10.Octubre_Definitivo_2018.xls,OCTUBRE 2018
2018,10,2018-10,Pamplona,PAMPLONA,Navarra,18741,558,0,10.Octubre_Definitivo_2018.xls,OCTUBRE 2018
2018,10,2018-10,Reus,REUS,Tarragona,90451,1493,0,10.Octubre_Definitivo_2018.xls,OCTUBRE 2018
2018,10,2018-10,Sabadell,SABADELL,Barcelona,316,3453,0,10.Octubre_Definitivo_2018.xls,OCTUBRE 2018
2018,10,2018-10,Salamanca,SALAMANCA,Salamanca,1680,729,0,10.Octubre_Definitivo_2018.xls,OCTUBRE 2018
2018,10,2018-10,San Sebastian,SAN SEBASTIAN,Gipuzkoa,27898,547,1604,10.Octubre_Definitivo_2018.xls,OCTUBRE 2018
2018,10,2018-10,Santiago,SANTIAGO,A Coruna,245888,1936,268160,10.Octubre_Definitivo_2018.xls,OCTUBRE 2018
2018,10,2018-10,Seve Ballesteros-Santander,SEVE BALLESTEROS-SANTANDER,Cantabria,101294,953,0,10.Octubre_Definitivo_2018.xls,OCTUBRE 2018
2018,10,2018-10,Sevilla,SEVILLA,Sevilla,603741,5418,986902,10.Octubre_Definitivo_2018.xls,OCTUBRE 2018
2018,10,2018-10,Son Bonet,SON BONET,Illes Balears,407,877,0,10.Octubre_Definitivo_2018.xls,OCTUBRE 2018
2018,10,2018-10,Tenerife Norte,TENERIFE NORTE,Santa Cruz de Tenerife,476538,6328,1332664,10.Octubre_Definitivo_2018.xls,OCTUBRE 2018
2018,10,2018-10,Tenerife Sur,TENERIFE SUR,Santa Cruz de Tenerife,979090,6070,263087,10.Octubre_Definitivo_2018.xls,OCTUBRE 2018
2018,10,2018-10,Valencia,VALENCIA,Valencia,710921,6655,1213304,10.Octubre_Definitivo_2018.xls,OCTUBRE 2018
2018,10,2018-10,Valladolid,VALLADOLID,Valladolid,24458,546,19382,10.Octubre_Definitivo_2018.xls,OCTUBRE 2018
2018,10,2018-10,Vigo,VIGO,Pontevedra,106827,1107,60539,10.Octubre_Definitivo_2018.xls,OCTUBRE 2018
2018,10,2018-10,Vitoria,VITORIA,Alava,12950,917,5734466,10.Octubre_Definitivo_2018.xls,OCTUBRE 2018
2018,10,2018-10,Zaragoza,ZARAGOZA,Zaragoza,36939,804,19541515,10.Octubre_Definitivo_2018.xls,OCTUBRE 2018
2019,10,2019-10,A Coruna,A CORUNA,A Coruna,124834,1488,10913,10.Octubre_Definitivo_2019.xls,OCTUBRE 2019
2019,10,2019-10,Adolfo Suarez Madrid-Barajas,ADOLFO SUAREZ MADRID-BARAJAS,Madrid,5487128,37297,53844903,10.Octubre_Definitivo_2019.xls,OCTUBRE 2019
2019,10,2019-10,Aeropuerto Intl. Region Murcia,AEROPUERTO INTL. REGION MURCIA,Murcia,108502,804,0,10.Octubre_Definitivo_2019.xls,OCTUBRE 2019
2019,10,2019-10,Albacete,ALBACETE,Albacete,224,91,0,10.Octubre_Definitivo_2019.xls,OCTUBRE 2019
2019,10,2019-10,Algeciras-Helipuerto,ALGECIRAS-HELIPUERTO,Cadiz,3584,304,0,10.Octubre_Definitivo_2019.xls,OCTUBRE 2019
2019,10,2019-10,Alicante-Elche,ALICANTE-ELCHE,Alicante,1427711,9435,399715,10.Octubre_Definitivo_2019.xls,OCTUBRE 2019
2019,10,2019-10,Almeria,ALMERIA,Almeria,87310,1126,0,10.Octubre_Definitivo_2019.xls,OCTUBRE 2019
2019,10,2019-10,Asturias,ASTURIAS,Asturias,120169,1238,2429,10.Octubre_Definitivo_2019.xls,OCTUBRE 2019
2019,10,2019-10,Badajoz,BADAJOZ,Badajoz,6500,253,0,10.Octubre_Definitivo_2019.xls,OCTUBRE 2019
2019,10,2019-10,Barcelona-El Prat J.T.,BARCELONA-EL PRAT J.T.,Barcelona,4645979,30786,17307629,10.Octubre_Definitivo_2019.xls,OCTUBRE 2019
2019,10,2019-10,Bilbao,BILBAO,Bizkaia,548981,4712,89062,10.Octubre_Definitivo_2019.xls,OCTUBRE 2019
2019,10,2019-10,Burgos,BURGOS,Burgos,1371,213,0,10.Octubre_Definitivo_2019.xls,OCTUBRE 2019
2019,10,2019-10,Ceuta-Helipuerto,CEUTA-HELIPUERTO,Ceuta,6838,640,0,10.Octubre_Definitivo_2019.xls,OCTUBRE 2019
2019,10,2019-10,Cordoba,CORDOBA,Cordoba,1187,1321,0,10.Octubre_Definitivo_2019.xls,OCTUBRE 2019
2019,10,2019-10,El Hierro,EL HIERRO,Santa Cruz de Tenerife,22458,412,6044,10.Octubre_Definitivo_2019.xls,OCTUBRE 2019
2019,10,2019-10,Fgl Granada-Jaen,FGL GRANADA-JAEN,Granada,109207,1329,0,10.Octubre_Definitivo_2019.xls,OCTUBRE 2019
2019,10,2019-10,Fuerteventura,FUERTEVENTURA,Las Palmas,485020,4021,83661,10.Octubre_Definitivo_2019.xls,OCTUBRE 2019
2019,10,2019-10,Girona-Costa Brava,GIRONA-COSTA BRAVA,Girona,199598,1668,4463,10.Octubre_Definitivo_2019.xls,OCTUBRE 2019
2019,10,2019-10,Gran Canaria,GRAN CANARIA,Las Palmas,1087391,10506,1819157,10.Octubre_Definitivo_2019.xls,OCTUBRE 2019
2019,10,2019-10,Huesca-Pirineos,HUESCA-PIRINEOS,Huesca,2,689,0,10.Octubre_Definitivo_2019.xls,OCTUBRE 2019
2019,10,2019-10,Ibiza,IBIZA,Illes Balears,708681,6506,123961,10.Octubre_Definitivo_2019.xls,OCTUBRE 2019
2019,10,2019-10,Jerez De La Frontera,JEREZ DE LA FRONTERA,Cadiz,117986,5172,0,10.Octubre_Definitivo_2019.xls,OCTUBRE 2019
2019,10,2019-10,La Gomera,LA GOMERA,Santa Cruz de Tenerife,6059,177,69,10.Octubre_Definitivo_2019.xls,OCTUBRE 2019
2019,10,2019-10,La Palma,LA PALMA,Santa Cruz de Tenerife,120691,1772,37010,10.Octubre_Definitivo_2019.xls,OCTUBRE 2019
2019,10,2019-10,Lanzarote-Cesar Manrique,LANZAROTE-CESAR MANRIQUE,Las Palmas,612940,5044,120241,10.Octubre_Definitivo_2019.xls,OCTUBRE 2019
2019,10,2019-10,Leon,LEON,Leon,6989,225,0,10.Octubre_Definitivo_2019.xls,OCTUBRE 2019
2019,10,2019-10,Logrono,LOGRONO,La Rioja,1721,121,0,10.Octubre_Definitivo_2019.xls,OCTUBRE 2019
2019,10,2019-10,Madrid-Cuatro Vientos,MADRID-CUATRO VIENTOS,Madrid,317,4813,0,10.Octubre_Definitivo_2019.xls,OCTUBRE 2019
2019,10,2019-10,Malaga-Costa Del Sol,MALAGA-COSTA DEL SOL,Malaga,1873246,13152,241229,10.Octubre_Definitivo_2019.xls,OCTUBRE 2019
2019,10,2019-10,Melilla,MELILLA,Melilla,38468,886,12629,10.Octubre_Definitivo_2019.xls,OCTUBRE 2019
2019,10,2019-10,Menorca,MENORCA,Illes Balears,242866,2303,89600,10.Octubre_Definitivo_2019.xls,OCTUBRE 2019
2019,10,2019-10,Murcia-San Javier,MURCIA-SAN JAVIER,Murcia,0,0,0,10.Octubre_Definitivo_2019.xls,OCTUBRE 2019
2019,10,2019-10,Palma De Mallorca,PALMA DE MALLORCA,Illes Balears,2924054,21586,860542,10.Octubre_Definitivo_2019.xls,OCTUBRE 2019
2019,10,2019-10,Pamplona,PAMPLONA,Navarra,23850,542,92,10.Octubre_Definitivo_2019.xls,OCTUBRE 2019
2019,10,2019-10,Reus,REUS,Tarragona,94385,1683,0,10.Octubre_Definitivo_2019.xls,OCTUBRE 2019
2019,10,2019-10,Sabadell,SABADELL,Barcelona,403,4520,0,10.Octubre_Definitivo_2019.xls,OCTUBRE 2019
2019,10,2019-10,Salamanca,SALAMANCA,Salamanca,1888,831,0,10.Octubre_Definitivo_2019.xls,OCTUBRE 2019
2019,10,2019-10,San Sebastian,SAN SEBASTIAN,Gipuzkoa,31679,528,0,10.Octubre_Definitivo_2019.xls,OCTUBRE 2019
2019,10,2019-10,Santiago-Rosalia De Castro,SANTIAGO-ROSALIA DE CASTRO,A Coruna,264012,2053,315240,10.Octubre_Definitivo_2019.xls,OCTUBRE 2019
2019,10,2019-10,Seve Ballesteros-Santander,SEVE BALLESTEROS-SANTANDER,Cantabria,102260,944,2,10.Octubre_Definitivo_2019.xls,OCTUBRE 2019
2019,10,2019-10,Sevilla,SEVILLA,Sevilla,692643,5682,1073424,10.Octubre_Definitivo_2019.xls,OCTUBRE 2019
2019,10,2019-10,Son Bonet,SON BONET,Illes Balears,235,977,0,10.Octubre_Definitivo_2019.xls,OCTUBRE 2019
2019,10,2019-10,Tenerife Norte-C. La Laguna,TENERIFE NORTE-C. LA LAGUNA,Santa Cruz de Tenerife,505806,6316,911444,10.Octubre_Definitivo_2019.xls,OCTUBRE 2019
2019,10,2019-10,Tenerife-Sur,TENERIFE-SUR,Santa Cruz de Tenerife,922783,5863,189824,10.Octubre_Definitivo_2019.xls,OCTUBRE 2019
2019,10,2019-10,Valencia,VALENCIA,Valencia,768517,6976,1223570,10.Octubre_Definitivo_2019.xls,OCTUBRE 2019
2019,10,2019-10,Valladolid,VALLADOLID,Valladolid,21359,487,0,10.Octubre_Definitivo_2019.xls,OCTUBRE 2019
2019,10,2019-10,Vigo,VIGO,Pontevedra,88633,958,51742,10.Octubre_Definitivo_2019.xls,OCTUBRE 2019
2019,10,2019-10,Vitoria,VITORIA,Alava,16406,994,6212633,10.Octubre_Definitivo_2019.xls,OCTUBRE 2019
2019,10,2019-10,Zaragoza,ZARAGOZA,Zaragoza,36897,800,20862168,10.Octubre_Definitivo_2019.xls,OCTUBRE 2019
2020,10,2020-10,A Coruna,A CORUNA,A Coruna,30334,1126,6678,10.Octubre_Definitivo_2020.xls,OCTUBRE 2020
2020,10,2020-10,Adolfo Suarez Madrid-Barajas,ADOLFO SUAREZ MADRID-BARAJAS,Madrid,736172,11387,40419020,10.Octubre_Definitivo_2020.xls,OCTUBRE 2020
2020,10,2020-10,Aeropuerto Intl. Region Murcia,AEROPUERTO INTL. REGION MURCIA,Murcia,10966,192,0,10.Octubre_Definitivo_2020.xls,OCTUBRE 2020
2020,10,2020-10,Albacete,ALBACETE,Albacete,95,12,0,10.Octubre_Definitivo_2020.xls,OCTUBRE 2020
2020,10,2020-10,Algeciras-Helipuerto,ALGECIRAS-HELIPUERTO,Cadiz,2355,262,0,10.Octubre_Definitivo_2020.xls,OCTUBRE 2020
2020,10,2020-10,Alicante-Elche Miguel Hdez.,ALICANTE-ELCHE MIGUEL HDEZ.,Alicante,241178,3025,310181,10.Octubre_Definitivo_2020.xls,OCTUBRE 2020
2020,10,2020-10,Almeria,ALMERIA,Almeria,16474,656,0,10.Octubre_Definitivo_2020.xls,OCTUBRE 2020
2020,10,2020-10,Asturias,ASTURIAS,Asturias,37518,554,239,10.Octubre_Definitivo_2020.xls,OCTUBRE 2020
2020,10,2020-10,Badajoz,BADAJOZ,Badajoz,1816,113,0,10.Octubre_Definitivo_2020.xls,OCTUBRE 2020
2020,10,2020-10,Barcelona-El Prat J.T.,BARCELONA-EL PRAT J.T.,Barcelona,712283,8939,11142638,10.Octubre_Definitivo_2020.xls,OCTUBRE 2020
2020,10,2020-10,Bilbao,BILBAO,Bizkaia,134508,1659,39477,10.Octubre_Definitivo_2020.xls,OCTUBRE 2020
2020,10,2020-10,Burgos,BURGOS,Burgos,2102,975,0,10.Octubre_Definitivo_2020.xls,OCTUBRE 2020
2020,10,2020-10,Ceuta-Helipuerto,CEUTA-HELIPUERTO,Ceuta,4273,526,0,10.Octubre_Definitivo_2020.xls,OCTUBRE 2020
2020,10,2020-10,Cordoba,CORDOBA,Cordoba,852,950,0,10.Octubre_Definitivo_2020.xls,OCTUBRE 2020
2020,10,2020-10,El Hierro,EL HIERRO,Santa Cruz de Tenerife,18460,398,4452,10.Octubre_Definitivo_2020.xls,OCTUBRE 2020
2020,10,2020-10,Fgl Granada-Jaen,FGL GRANADA-JAEN,Granada,24824,801,0,10.Octubre_Definitivo_2020.xls,OCTUBRE 2020
2020,10,2020-10,Fuerteventura,FUERTEVENTURA,Las Palmas,122662,1959,22845,10.Octubre_Definitivo_2020.xls,OCTUBRE 2020
2020,10,2020-10,Girona-Costa Brava,GIRONA-COSTA BRAVA,Girona,3497,1060,7327,10.Octubre_Definitivo_2020.xls,OCTUBRE 2020
2020,10,2020-10,Gran Canaria,GRAN CANARIA,Las Palmas,303585,5276,1145784,10.Octubre_Definitivo_2020.xls,OCTUBRE 2020
2020,10,2020-10,Huesca-Pirineos,HUESCA-PIRINEOS,Huesca,123,186,0,10.Octubre_Definitivo_2020.xls,OCTUBRE 2020
2020,10,2020-10,Ibiza,IBIZA,Illes Balears,150528,2749,81645,10.Octubre_Definitivo_2020.xls,OCTUBRE 2020
2020,10,2020-10,Jerez De La Frontera,JEREZ DE LA FRONTERA,Cadiz,12952,4298,3,10.Octubre_Definitivo_2020.xls,OCTUBRE 2020
2020,10,2020-10,La Gomera,LA GOMERA,Santa Cruz de Tenerife,5799,191,176,10.Octubre_Definitivo_2020.xls,OCTUBRE 2020
2020,10,2020-10,La Palma,LA PALMA,Santa Cruz de Tenerife,57180,1148,21923,10.Octubre_Definitivo_2020.xls,OCTUBRE 2020
2020,10,2020-10,Lanzarote-Cesar Manrique,LANZAROTE-CESAR MANRIQUE,Las Palmas,167701,2504,35855,10.Octubre_Definitivo_2020.xls,OCTUBRE 2020
2020,10,2020-10,Leon,LEON,Leon,684,186,0,10.Octubre_Definitivo_2020.xls,OCTUBRE 2020
2020,10,2020-10,Logrono,LOGRONO,La Rioja,386,107,0,10.Octubre_Definitivo_2020.xls,OCTUBRE 2020
2020,10,2020-10,Madrid-Cuatro Vientos,MADRID-CUATRO VIENTOS,Madrid,227,5193,0,10.Octubre_Definitivo_2020.xls,OCTUBRE 2020
2020,10,2020-10,Malaga-Costa Del Sol,MALAGA-COSTA DEL SOL,Malaga,329337,5044,61478,10.Octubre_Definitivo_2020.xls,OCTUBRE 2020
2020,10,2020-10,Melilla,MELILLA,Melilla,18798,487,958,10.Octubre_Definitivo_2020.xls,OCTUBRE 2020
2020,10,2020-10,Menorca,MENORCA,Illes Balears,67191,1134,67222,10.Octubre_Definitivo_2020.xls,OCTUBRE 2020
2020,10,2020-10,Palma De Mallorca,PALMA DE MALLORCA,Illes Balears,395905,6584,551140,10.Octubre_Definitivo_2020.xls,OCTUBRE 2020
2020,10,2020-10,Pamplona,PAMPLONA,Navarra,6581,391,0,10.Octubre_Definitivo_2020.xls,OCTUBRE 2020
2020,10,2020-10,Reus,REUS,Tarragona,2983,1350,0,10.Octubre_Definitivo_2020.xls,OCTUBRE 2020
2020,10,2020-10,Sabadell,SABADELL,Barcelona,368,4437,0,10.Octubre_Definitivo_2020.xls,OCTUBRE 2020
2020,10,2020-10,Salamanca,SALAMANCA,Salamanca,226,805,0,10.Octubre_Definitivo_2020.xls,OCTUBRE 2020
2020,10,2020-10,San Sebastian,SAN SEBASTIAN,Gipuzkoa,6703,212,0,10.Octubre_Definitivo_2020.xls,OCTUBRE 2020
2020,10,2020-10,Santiago-Rosalia De Castro,SANTIAGO-ROSALIA DE CASTRO,A Coruna,73505,961,385748,10.Octubre_Definitivo_2020.xls,OCTUBRE 2020
2020,10,2020-10,Seve Ballesteros-Santander,SEVE BALLESTEROS-SANTANDER,Cantabria,18105,504,0,10.Octubre_Definitivo_2020.xls,OCTUBRE 2020
2020,10,2020-10,Sevilla,SEVILLA,Sevilla,157896,3111,906316,10.Octubre_Definitivo_2020.xls,OCTUBRE 2020
2020,10,2020-10,Son Bonet,SON BONET,Illes Balears,419,980,0,10.Octubre_Definitivo_2020.xls,OCTUBRE 2020
2020,10,2020-10,Tenerife Norte-C. La Laguna,TENERIFE NORTE-C. LA LAGUNA,Santa Cruz de Tenerife,249498,4178,728478,10.Octubre_Definitivo_2020.xls,OCTUBRE 2020
2020,10,2020-10,Tenerife-Sur,TENERIFE-SUR,Santa Cruz de Tenerife,138097,1943,56722,10.Octubre_Definitivo_2020.xls,OCTUBRE 2020
2020,10,2020-10,Valencia,VALENCIA,Valencia,152644,2737,1044877,10.Octubre_Definitivo_2020.xls,OCTUBRE 2020
2020,10,2020-10,Valladolid,VALLADOLID,Valladolid,5386,233,2400,10.Octubre_Definitivo_2020.xls,OCTUBRE 2020
2020,10,2020-10,Vigo,VIGO,Pontevedra,23092,477,30190,10.Octubre_Definitivo_2020.xls,OCTUBRE 2020
2020,10,2020-10,Vitoria,VITORIA,Alava,3476,1084,6381338,10.Octubre_Definitivo_2020.xls,OCTUBRE 2020
2020,10,2020-10,Zaragoza,ZARAGOZA,Zaragoza,8470,781,19939757,10.Octubre_Definitivo_2020.xls,OCTUBRE 2020
2021,10,2021-10,A Coruna,A CORUNA,A Coruna,74535,1162,6776,10_Octubre_Definitivo_2021.xls,OCTUBRE 2021
2021,10,2021-10,Adolfo Suarez Madrid-Barajas,ADOLFO SUAREZ MADRID-BARAJAS,Madrid,3062475,23545,52993847,10_Octubre_Definitivo_2021.xls,OCTUBRE 2021
2021,10,2021-10,Aeropuerto Intl. Region Murcia,AEROPUERTO INTL. REGION MURCIA,Murcia,48681,448,0,10_Octubre_Definitivo_2021.xls,OCTUBRE 2021
2021,10,2021-10,Albacete,ALBACETE,Albacete,145,112,0,10_Octubre_Definitivo_2021.xls,OCTUBRE 2021
2021,10,2021-10,Algeciras-Helipuerto,ALGECIRAS-HELIPUERTO,Cadiz,3384,298,0,10_Octubre_Definitivo_2021.xls,OCTUBRE 2021
2021,10,2021-10,Alicante-Elche Miguel Hdez.,ALICANTE-ELCHE MIGUEL HDEZ.,Alicante,1070617,7721,349076,10_Octubre_Definitivo_2021.xls,OCTUBRE 2021
2021,10,2021-10,Almeria,ALMERIA,Almeria,50047,801,0,10_Octubre_Definitivo_2021.xls,OCTUBRE 2021
2021,10,2021-10,Asturias,ASTURIAS,Asturias,110182,961,45,10_Octubre_Definitivo_2021.xls,OCTUBRE 2021
2021,10,2021-10,Badajoz,BADAJOZ,Badajoz,4411,199,0,10_Octubre_Definitivo_2021.xls,OCTUBRE 2021
2021,10,2021-10,Barcelona-El Prat J.T.,BARCELONA-EL PRAT J.T.,Barcelona,2684991,20044,12937501,10_Octubre_Definitivo_2021.xls,OCTUBRE 2021
2021,10,2021-10,Bilbao,BILBAO,Bizkaia,358692,3193,55022,10_Octubre_Definitivo_2021.xls,OCTUBRE 2021
2021,10,2021-10,Burgos,BURGOS,Burgos,1026,1608,0,10_Octubre_Definitivo_2021.xls,OCTUBRE 2021
2021,10,2021-10,Ceuta-Helipuerto,CEUTA-HELIPUERTO,Ceuta,6509,618,0,10_Octubre_Definitivo_2021.xls,OCTUBRE 2021
2021,10,2021-10,Cordoba,CORDOBA,Cordoba,357,1027,0,10_Octubre_Definitivo_2021.xls,OCTUBRE 2021
2021,10,2021-10,El Hierro,EL HIERRO,Santa Cruz de Tenerife,21710,428,4550,10_Octubre_Definitivo_2021.xls,OCTUBRE 2021
2021,10,2021-10,Fgl Granada-Jaen,FGL GRANADA-JAEN,Granada,66852,1153,0,10_Octubre_Definitivo_2021.xls,OCTUBRE 2021
2021,10,2021-10,Fuerteventura,FUERTEVENTURA,Las Palmas,464122,4010,30212,10_Octubre_Definitivo_2021.xls,OCTUBRE 2021
2021,10,2021-10,Girona-Costa Brava,GIRONA-COSTA BRAVA,Girona,65283,1521,2434,10_Octubre_Definitivo_2021.xls,OCTUBRE 2021
2021,10,2021-10,Gran Canaria,GRAN CANARIA,Las Palmas,933198,9226,1307416,10_Octubre_Definitivo_2021.xls,OCTUBRE 2021
2021,10,2021-10,Huesca-Pirineos,HUESCA-PIRINEOS,Huesca,25,254,0,10_Octubre_Definitivo_2021.xls,OCTUBRE 2021
2021,10,2021-10,Ibiza,IBIZA,Illes Balears,649165,6937,91146,10_Octubre_Definitivo_2021.xls,OCTUBRE 2021
2021,10,2021-10,Jerez De La Frontera,JEREZ DE LA FRONTERA,Cadiz,76274,3304,100,10_Octubre_Definitivo_2021.xls,OCTUBRE 2021
2021,10,2021-10,La Gomera,LA GOMERA,Santa Cruz de Tenerife,6865,163,293,10_Octubre_Definitivo_2021.xls,OCTUBRE 2021
2021,10,2021-10,La Palma,LA PALMA,Santa Cruz de Tenerife,42004,874,17966,10_Octubre_Definitivo_2021.xls,OCTUBRE 2021
2021,10,2021-10,Lanzarote-Cesar Manrique,LANZAROTE-CESAR MANRIQUE,Las Palmas,540508,4732,44554,10_Octubre_Definitivo_2021.xls,OCTUBRE 2021
2021,10,2021-10,Leon,LEON,Leon,1814,229,0,10_Octubre_Definitivo_2021.xls,OCTUBRE 2021
2021,10,2021-10,Logrono,LOGRONO,La Rioja,644,119,0,10_Octubre_Definitivo_2021.xls,OCTUBRE 2021
2021,10,2021-10,Madrid-Cuatro Vientos,MADRID-CUATRO VIENTOS,Madrid,236,5222,0,10_Octubre_Definitivo_2021.xls,OCTUBRE 2021
2021,10,2021-10,Malaga-Costa Del Sol,MALAGA-COSTA DEL SOL,Malaga,1521553,12757,84475,10_Octubre_Definitivo_2021.xls,OCTUBRE 2021
2021,10,2021-10,Melilla,MELILLA,Melilla,35715,828,1305,10_Octubre_Definitivo_2021.xls,OCTUBRE 2021
2021,10,2021-10,Menorca,MENORCA,Illes Balears,237672,2660,66843,10_Octubre_Definitivo_2021.xls,OCTUBRE 2021
2021,10,2021-10,Palma De Mallorca,PALMA DE MALLORCA,Illes Balears,2284354,19192,603907,10_Octubre_Definitivo_2021.xls,OCTUBRE 2021
2021,10,2021-10,Pamplona,PAMPLONA,Navarra,12514,534,0,10_Octubre_Definitivo_2021.xls,OCTUBRE 2021
2021,10,2021-10,Reus,REUS,Tarragona,37491,1687,0,10_Octubre_Definitivo_2021.xls,OCTUBRE 2021
2021,10,2021-10,Sabadell,SABADELL,Barcelona,497,4606,0,10_Octubre_Definitivo_2021.xls,OCTUBRE 2021
2021,10,2021-10,Salamanca,SALAMANCA,Salamanca,346,957,0,10_Octubre_Definitivo_2021.xls,OCTUBRE 2021
2021,10,2021-10,San Sebastian,SAN SEBASTIAN,Gipuzkoa,22913,412,107,10_Octubre_Definitivo_2021.xls,OCTUBRE 2021
2021,10,2021-10,Santiago-Rosalia De Castro,SANTIAGO-ROSALIA DE CASTRO,A Coruna,235207,1862,443293,10_Octubre_Definitivo_2021.xls,OCTUBRE 2021
2021,10,2021-10,Seve Ballesteros-Santander,SEVE BALLESTEROS-SANTANDER,Cantabria,73848,1022,0,10_Octubre_Definitivo_2021.xls,OCTUBRE 2021
2021,10,2021-10,Sevilla,SEVILLA,Sevilla,523972,5141,729924,10_Octubre_Definitivo_2021.xls,OCTUBRE 2021
2021,10,2021-10,Son Bonet,SON BONET,Illes Balears,843,1204,0,10_Octubre_Definitivo_2021.xls,OCTUBRE 2021
2021,10,2021-10,Tenerife Norte-C. La Laguna,TENERIFE NORTE-C. LA LAGUNA,Santa Cruz de Tenerife,406246,5051,896550,10_Octubre_Definitivo_2021.xls,OCTUBRE 2021
2021,10,2021-10,Tenerife-Sur,TENERIFE-SUR,Santa Cruz de Tenerife,790660,5608,83218,10_Octubre_Definitivo_2021.xls,OCTUBRE 2021
2021,10,2021-10,Valencia,VALENCIA,Valencia,598175,5817,1135943,10_Octubre_Definitivo_2021.xls,OCTUBRE 2021
2021,10,2021-10,Valladolid,VALLADOLID,Valladolid,12898,650,350,10_Octubre_Definitivo_2021.xls,OCTUBRE 2021
2021,10,2021-10,Vigo,VIGO,Pontevedra,64914,894,109186,10_Octubre_Definitivo_2021.xls,OCTUBRE 2021
2021,10,2021-10,Vitoria,VITORIA,Alava,20912,1194,6138500,10_Octubre_Definitivo_2021.xls,OCTUBRE 2021
2021,10,2021-10,Zaragoza,ZARAGOZA,Zaragoza,31490,997,20755592,10_Octubre_Definitivo_2021.xls,OCTUBRE 2021
2015,11,2015-11,A Coruna,A CORUNA,A Coruna,80866,1112,12780,11.Noviembre-Definitivo-+2015.xls,NOVIEMBRE
2015,11,2015-11,Adolfo Suarez Madrid-Barajas,ADOLFO SUAREZ MADRID-BARAJAS,Madrid,3679424,29548,34667960,11.Noviembre-Definitivo-+2015.xls,NOVIEMBRE
2015,11,2015-11,Albacete,ALBACETE,Albacete,247,67,0,11.Noviembre-Definitivo-+2015.xls,NOVIEMBRE
2015,11,2015-11,Alicante-Elche,ALICANTE-ELCHE,Alicante,645520,4882,436019,11.Noviembre-Definitivo-+2015.xls,NOVIEMBRE
2015,11,2015-11,Almeria,ALMERIA,Almeria,33605,730,318,11.Noviembre-Definitivo-+2015.xls,NOVIEMBRE
2015,11,2015-11,Asturias,ASTURIAS,Asturias,73177,705,2802,11.Noviembre-Definitivo-+2015.xls,NOVIEMBRE
2015,11,2015-11,Badajoz,BADAJOZ,Badajoz,184,39,0,11.Noviembre-Definitivo-+2015.xls,NOVIEMBRE
2015,11,2015-11,Barcelona-El Prat,BARCELONA-EL PRAT,Barcelona,2788922,20580,10726796,11.Noviembre-Definitivo-+2015.xls,NOVIEMBRE
2015,11,2015-11,Bilbao,BILBAO,Bizkaia,307195,3332,239630,11.Noviembre-Definitivo-+2015.xls,NOVIEMBRE
2015,11,2015-11,Burgos,BURGOS,Burgos,240,103,0,11.Noviembre-Definitivo-+2015.xls,NOVIEMBRE
2015,11,2015-11,Ceuta-Helipuerto,CEUTA-HELIPUERTO,Ceuta,84,20,0,11.Noviembre-Definitivo-+2015.xls,NOVIEMBRE
2015,11,2015-11,Cordoba,CORDOBA,Cordoba,743,604,0,11.Noviembre-Definitivo-+2015.xls,NOVIEMBRE
2015,11,2015-11,El Hierro,EL HIERRO,Santa Cruz de Tenerife,11936,302,6071,11.Noviembre-Definitivo-+2015.xls,NOVIEMBRE
2015,11,2015-11,Fgl Granada-Jaen,FGL GRANADA-JAEN,Granada,54472,955,16,11.Noviembre-Definitivo-+2015.xls,NOVIEMBRE
2015,11,2015-11,Fuerteventura,FUERTEVENTURA,Las Palmas,432201,3308,94195,11.Noviembre-Definitivo-+2015.xls,NOVIEMBRE
2015,11,2015-11,Girona,GIRONA,Girona,62622,994,2118,11.Noviembre-Definitivo-+2015.xls,NOVIEMBRE
2015,11,2015-11,Gran Canaria,GRAN CANARIA,Las Palmas,1024016,9276,1635544,11.Noviembre-Definitivo-+2015.xls,NOVIEMBRE
2015,11,2015-11,Huesca-Pirineos,HUESCA-PIRINEOS,Huesca,0,326,0,11.Noviembre-Definitivo-+2015.xls,NOVIEMBRE
2015,11,2015-11,Ibiza,IBIZA,Illes Balears,136149,1979,110202,11.Noviembre-Definitivo-+2015.xls,NOVIEMBRE
2015,11,2015-11,Jerez De La Frontera,JEREZ DE LA FRONTERA,Cadiz,42263,3642,0,11.Noviembre-Definitivo-+2015.xls,NOVIEMBRE
2015,11,2015-11,La Gomera,LA GOMERA,Santa Cruz de Tenerife,2815,146,95,11.Noviembre-Definitivo-+2015.xls,NOVIEMBRE
2015,11,2015-11,La Palma,LA PALMA,Santa Cruz de Tenerife,81312,1261,49401,11.Noviembre-Definitivo-+2015.xls,NOVIEMBRE
2015,11,2015-11,Lanzarote,LANZAROTE,Las Palmas,497330,4081,148342,11.Noviembre-Definitivo-+2015.xls,NOVIEMBRE
2015,11,2015-11,Leon,LEON,Leon,939,83,0,11.Noviembre-Definitivo-+2015.xls,NOVIEMBRE
2015,11,2015-11,Logrono,LOGRONO,La Rioja,1115,85,0,11.Noviembre-Definitivo-+2015.xls,NOVIEMBRE
2015,11,2015-11,Madrid-Cuatro Vientos,MADRID-CUATRO VIENTOS,Madrid,199,3071,0,11.Noviembre-Definitivo-+2015.xls,NOVIEMBRE
2015,11,2015-11,Malaga-Costa Del Sol,MALAGA-COSTA DEL SOL,Malaga,799691,6546,184395,11.Noviembre-Definitivo-+2015.xls,NOVIEMBRE
2015,11,2015-11,Melilla,MELILLA,Melilla,23926,679,12761,11.Noviembre-Definitivo-+2015.xls,NOVIEMBRE
2015,11,2015-11,Menorca,MENORCA,Illes Balears,56903,1224,102404,11.Noviembre-Definitivo-+2015.xls,NOVIEMBRE
2015,11,2015-11,Murcia-San Javier,MURCIA-SAN JAVIER,Murcia,25034,265,50,11.Noviembre-Definitivo-+2015.xls,NOVIEMBRE
2015,11,2015-11,Palma De Mallorca,PALMA DE MALLORCA,Illes Balears,761464,7460,785660,11.Noviembre-Definitivo-+2015.xls,NOVIEMBRE
2015,11,2015-11,Pamplona,PAMPLONA,Navarra,10536,386,6,11.Noviembre-Definitivo-+2015.xls,NOVIEMBRE
2015,11,2015-11,Reus,REUS,Tarragona,7980,870,0,11.Noviembre-Definitivo-+2015.xls,NOVIEMBRE
2015,11,2015-11,Sabadell,SABADELL,Barcelona,273,2598,0,11.Noviembre-Definitivo-+2015.xls,NOVIEMBRE
2015,11,2015-11,Salamanca,SALAMANCA,Salamanca,135,542,0,11.Noviembre-Definitivo-+2015.xls,NOVIEMBRE
2015,11,2015-11,San Sebastian,SAN SEBASTIAN,Gipuzkoa,19265,522,0,11.Noviembre-Definitivo-+2015.xls,NOVIEMBRE
2015,11,2015-11,Santiago,SANTIAGO,A Coruna,149293,1415,207605,11.Noviembre-Definitivo-+2015.xls,NOVIEMBRE
2015,11,2015-11,Seve Ballesteros-Santander,SEVE BALLESTEROS-SANTANDER,Cantabria,48587,718,0,11.Noviembre-Definitivo-+2015.xls,NOVIEMBRE
2015,11,2015-11,Sevilla,SEVILLA,Sevilla,318751,4056,521182,11.Noviembre-Definitivo-+2015.xls,NOVIEMBRE
2015,11,2015-11,Son Bonet,SON BONET,Illes Balears,159,727,0,11.Noviembre-Definitivo-+2015.xls,NOVIEMBRE
2015,11,2015-11,Tenerife Norte,TENERIFE NORTE,Santa Cruz de Tenerife,301296,4513,999227,11.Noviembre-Definitivo-+2015.xls,NOVIEMBRE
2015,11,2015-11,Tenerife Sur,TENERIFE SUR,Santa Cruz de Tenerife,847654,5338,288582,11.Noviembre-Definitivo-+2015.xls,NOVIEMBRE
2015,11,2015-11,Valencia,VALENCIA,Valencia,343126,4391,1145944,11.Noviembre-Definitivo-+2015.xls,NOVIEMBRE
2015,11,2015-11,Valladolid,VALLADOLID,Valladolid,12982,300,16268,11.Noviembre-Definitivo-+2015.xls,NOVIEMBRE
2015,11,2015-11,Vigo,VIGO,Pontevedra,54150,701,32823,11.Noviembre-Definitivo-+2015.xls,NOVIEMBRE
2015,11,2015-11,Vitoria,VITORIA,Alava,1114,575,4385647,11.Noviembre-Definitivo-+2015.xls,NOVIEMBRE
2015,11,2015-11,Zaragoza,ZARAGOZA,Zaragoza,23726,491,7968688,11.Noviembre-Definitivo-+2015.xls,NOVIEMBRE
2016,11,2016-11,A Coruna,A CORUNA,A Coruna,86767,1251,15013,11.Noviembre-Definitivo-2016.xls,NOVIEMBRE 2016
2016,11,2016-11,Adolfo Suarez Madrid-Barajas,ADOLFO SUAREZ MADRID-BARAJAS,Madrid,3944901,30173,38093664,11.Noviembre-Definitivo-2016.xls,NOVIEMBRE 2016
2016,11,2016-11,Albacete,ALBACETE,Albacete,235,70,0,11.Noviembre-Definitivo-2016.xls,NOVIEMBRE 2016
2016,11,2016-11,Algeciras-Helipuerto,ALGECIRAS-HELIPUERTO,Cadiz,4,2,0,11.Noviembre-Definitivo-2016.xls,NOVIEMBRE 2016
2016,11,2016-11,Alicante-Elche,ALICANTE-ELCHE,Alicante,772856,5811,459409,11.Noviembre-Definitivo-2016.xls,NOVIEMBRE 2016
2016,11,2016-11,Almeria,ALMERIA,Almeria,43363,808,4,11.Noviembre-Definitivo-2016.xls,NOVIEMBRE 2016
2016,11,2016-11,Asturias,ASTURIAS,Asturias,95123,840,4680,11.Noviembre-Definitivo-2016.xls,NOVIEMBRE 2016
2016,11,2016-11,Badajoz,BADAJOZ,Badajoz,2262,150,0,11.Noviembre-Definitivo-2016.xls,NOVIEMBRE 2016
2016,11,2016-11,Barcelona-El Prat,BARCELONA-EL PRAT,Barcelona,3043644,21926,11863278,11.Noviembre-Definitivo-2016.xls,NOVIEMBRE 2016
2016,11,2016-11,Bilbao,BILBAO,Bizkaia,342400,3431,244813,11.Noviembre-Definitivo-2016.xls,NOVIEMBRE 2016
2016,11,2016-11,Burgos,BURGOS,Burgos,230,86,0,11.Noviembre-Definitivo-2016.xls,NOVIEMBRE 2016
2016,11,2016-11,Ceuta-Helipuerto,CEUTA-HELIPUERTO,Ceuta,87,22,0,11.Noviembre-Definitivo-2016.xls,NOVIEMBRE 2016
2016,11,2016-11,Cordoba,CORDOBA,Cordoba,509,540,0,11.Noviembre-Definitivo-2016.xls,NOVIEMBRE 2016
2016,11,2016-11,El Hierro,EL HIERRO,Santa Cruz de Tenerife,12952,302,6071,11.Noviembre-Definitivo-2016.xls,NOVIEMBRE 2016
2016,11,2016-11,Fgl Granada-Jaen,FGL GRANADA-JAEN,Granada,60862,864,698,11.Noviembre-Definitivo-2016.xls,NOVIEMBRE 2016
2016,11,2016-11,Fuerteventura,FUERTEVENTURA,Las Palmas,467785,3738,81244,11.Noviembre-Definitivo-2016.xls,NOVIEMBRE 2016
2016,11,2016-11,Girona,GIRONA,Girona,50246,912,8441,11.Noviembre-Definitivo-2016.xls,NOVIEMBRE 2016
2016,11,2016-11,Gran Canaria,GRAN CANARIA,Las Palmas,1077215,9960,1697879,11.Noviembre-Definitivo-2016.xls,NOVIEMBRE 2016
2016,11,2016-11,Huesca-Pirineos,HUESCA-PIRINEOS,Huesca,0,324,0,11.Noviembre-Definitivo-2016.xls,NOVIEMBRE 2016
2016,11,2016-11,Ibiza,IBIZA,Illes Balears,156794,2117,120074,11.Noviembre-Definitivo-2016.xls,NOVIEMBRE 2016
2016,11,2016-11,Jerez De La Frontera,JEREZ DE LA FRONTERA,Cadiz,52334,3942,51,11.Noviembre-Definitivo-2016.xls,NOVIEMBRE 2016
2016,11,2016-11,La Gomera,LA GOMERA,Santa Cruz de Tenerife,2610,130,157,11.Noviembre-Definitivo-2016.xls,NOVIEMBRE 2016
2016,11,2016-11,La Palma,LA PALMA,Santa Cruz de Tenerife,99523,1398,45142,11.Noviembre-Definitivo-2016.xls,NOVIEMBRE 2016
2016,11,2016-11,Lanzarote,LANZAROTE,Las Palmas,539764,4529,176329,11.Noviembre-Definitivo-2016.xls,NOVIEMBRE 2016
2016,11,2016-11,Leon,LEON,Leon,803,108,0,11.Noviembre-Definitivo-2016.xls,NOVIEMBRE 2016
2016,11,2016-11,Logrono,LOGRONO,La Rioja,1487,96,0,11.Noviembre-Definitivo-2016.xls,NOVIEMBRE 2016
2016,11,2016-11,Madrid-Cuatro Vientos,MADRID-CUATRO VIENTOS,Madrid,128,2755,0,11.Noviembre-Definitivo-2016.xls,NOVIEMBRE 2016
2016,11,2016-11,Malaga-Costa Del Sol,MALAGA-COSTA DEL SOL,Malaga,965310,7824,168780,11.Noviembre-Definitivo-2016.xls,NOVIEMBRE 2016
2016,11,2016-11,Melilla,MELILLA,Melilla,25618,695,12689,11.Noviembre-Definitivo-2016.xls,NOVIEMBRE 2016
2016,11,2016-11,Menorca,MENORCA,Illes Balears,70263,1264,89249,11.Noviembre-Definitivo-2016.xls,NOVIEMBRE 2016
2016,11,2016-11,Murcia-San Javier,MURCIA-SAN JAVIER,Murcia,44142,374,0,11.Noviembre-Definitivo-2016.xls,NOVIEMBRE 2016
2016,11,2016-11,Palma De Mallorca,PALMA DE MALLORCA,Illes Balears,809617,7979,747791,11.Noviembre-Definitivo-2016.xls,NOVIEMBRE 2016
2016,11,2016-11,Pamplona,PAMPLONA,Navarra,12919,413,0,11.Noviembre-Definitivo-2016.xls,NOVIEMBRE 2016
2016,11,2016-11,Reus,REUS,Tarragona,9730,868,0,11.Noviembre-Definitivo-2016.xls,NOVIEMBRE 2016
2016,11,2016-11,Sabadell,SABADELL,Barcelona,296,3027,0,11.Noviembre-Definitivo-2016.xls,NOVIEMBRE 2016
2016,11,2016-11,Salamanca,SALAMANCA,Salamanca,186,916,0,11.Noviembre-Definitivo-2016.xls,NOVIEMBRE 2016
2016,11,2016-11,San Sebastian,SAN SEBASTIAN,Gipuzkoa,22679,540,0,11.Noviembre-Definitivo-2016.xls,NOVIEMBRE 2016
2016,11,2016-11,Santiago,SANTIAGO,A Coruna,169510,1414,235752,11.Noviembre-Definitivo-2016.xls,NOVIEMBRE 2016
2016,11,2016-11,Seve Ballesteros-Santander,SEVE BALLESTEROS-SANTANDER,Cantabria,51445,655,0,11.Noviembre-Definitivo-2016.xls,NOVIEMBRE 2016
2016,11,2016-11,Sevilla,SEVILLA,Sevilla,353276,3483,570492,11.Noviembre-Definitivo-2016.xls,NOVIEMBRE 2016
2016,11,2016-11,Son Bonet,SON BONET,Illes Balears,40,647,0,11.Noviembre-Definitivo-2016.xls,NOVIEMBRE 2016
2016,11,2016-11,Tenerife Norte,TENERIFE NORTE,Santa Cruz de Tenerife,332589,4275,956983,11.Noviembre-Definitivo-2016.xls,NOVIEMBRE 2016
2016,11,2016-11,Tenerife Sur,TENERIFE SUR,Santa Cruz de Tenerife,928792,6006,258413,11.Noviembre-Definitivo-2016.xls,NOVIEMBRE 2016
2016,11,2016-11,Valencia,VALENCIA,Valencia,405482,4569,1266010,11.Noviembre-Definitivo-2016.xls,NOVIEMBRE 2016
2016,11,2016-11,Valladolid,VALLADOLID,Valladolid,13291,241,884,11.Noviembre-Definitivo-2016.xls,NOVIEMBRE 2016
2016,11,2016-11,Vigo,VIGO,Pontevedra,69364,855,28129,11.Noviembre-Definitivo-2016.xls,NOVIEMBRE 2016
2016,11,2016-11,Vitoria,VITORIA,Alava,842,547,4693974,11.Noviembre-Definitivo-2016.xls,NOVIEMBRE 2016
2016,11,2016-11,Zaragoza,ZARAGOZA,Zaragoza,26833,603,12054303,11.Noviembre-Definitivo-2016.xls,NOVIEMBRE 2016
2017,11,2017-11,A Coruna,A CORUNA,A Coruna,96595,1253,12493,11.Noviembre_Definitivo_2017.xls,NOVIEMBRE 2017
2017,11,2017-11,Adolfo Suarez Madrid-Barajas,ADOLFO SUAREZ MADRID-BARAJAS,Madrid,4191270,31183,43450582,11.Noviembre_Definitivo_2017.xls,NOVIEMBRE 2017
2017,11,2017-11,Albacete,ALBACETE,Albacete,287,91,0,11.Noviembre_Definitivo_2017.xls,NOVIEMBRE 2017
2017,11,2017-11,Algeciras-Helipuerto,ALGECIRAS-HELIPUERTO,Cadiz,1858,232,0,11.Noviembre_Definitivo_2017.xls,NOVIEMBRE 2017
2017,11,2017-11,Alicante-Elche,ALICANTE-ELCHE,Alicante,801411,5904,334266,11.Noviembre_Definitivo_2017.xls,NOVIEMBRE 2017
2017,11,2017-11,Almeria,ALMERIA,Almeria,37964,683,0,11.Noviembre_Definitivo_2017.xls,NOVIEMBRE 2017
2017,11,2017-11,Asturias,ASTURIAS,Asturias,106301,932,1360,11.Noviembre_Definitivo_2017.xls,NOVIEMBRE 2017
2017,11,2017-11,Badajoz,BADAJOZ,Badajoz,4793,164,0,11.Noviembre_Definitivo_2017.xls,NOVIEMBRE 2017
2017,11,2017-11,Barcelona-El Prat,BARCELONA-EL PRAT,Barcelona,3195505,23465,14462919,11.Noviembre_Definitivo_2017.xls,NOVIEMBRE 2017
2017,11,2017-11,Bilbao,BILBAO,Bizkaia,376651,3543,106965,11.Noviembre_Definitivo_2017.xls,NOVIEMBRE 2017
2017,11,2017-11,Burgos,BURGOS,Burgos,447,135,0,11.Noviembre_Definitivo_2017.xls,NOVIEMBRE 2017
2017,11,2017-11,Ceuta-Helipuerto,CEUTA-HELIPUERTO,Ceuta,3182,394,0,11.Noviembre_Definitivo_2017.xls,NOVIEMBRE 2017
2017,11,2017-11,Cordoba,CORDOBA,Cordoba,659,637,0,11.Noviembre_Definitivo_2017.xls,NOVIEMBRE 2017
2017,11,2017-11,El Hierro,EL HIERRO,Santa Cruz de Tenerife,18100,394,5419,11.Noviembre_Definitivo_2017.xls,NOVIEMBRE 2017
2017,11,2017-11,Fgl Granada-Jaen,FGL GRANADA-JAEN,Granada,73785,944,8,11.Noviembre_Definitivo_2017.xls,NOVIEMBRE 2017
2017,11,2017-11,Fuerteventura,FUERTEVENTURA,Las Palmas,506399,4285,78992,11.Noviembre_Definitivo_2017.xls,NOVIEMBRE 2017
2017,11,2017-11,Girona,GIRONA,Girona,46133,693,5000,11.Noviembre_Definitivo_2017.xls,NOVIEMBRE 2017
2017,11,2017-11,Gran Canaria,GRAN CANARIA,Las Palmas,1197580,11636,1652963,11.Noviembre_Definitivo_2017.xls,NOVIEMBRE 2017
2017,11,2017-11,Huesca-Pirineos,HUESCA-PIRINEOS,Huesca,2,816,0,11.Noviembre_Definitivo_2017.xls,NOVIEMBRE 2017
2017,11,2017-11,Ibiza,IBIZA,Illes Balears,186097,2317,107392,11.Noviembre_Definitivo_2017.xls,NOVIEMBRE 2017
2017,11,2017-11,Jerez De La Frontera,JEREZ DE LA FRONTERA,Cadiz,59643,3821,94,11.Noviembre_Definitivo_2017.xls,NOVIEMBRE 2017
2017,11,2017-11,La Gomera,LA GOMERA,Santa Cruz de Tenerife,3939,222,364,11.Noviembre_Definitivo_2017.xls,NOVIEMBRE 2017
2017,11,2017-11,La Palma,LA PALMA,Santa Cruz de Tenerife,117942,1596,49008,11.Noviembre_Definitivo_2017.xls,NOVIEMBRE 2017
2017,11,2017-11,Lanzarote,LANZAROTE,Las Palmas,604490,5225,156681,11.Noviembre_Definitivo_2017.xls,NOVIEMBRE 2017
2017,11,2017-11,Leon,LEON,Leon,3549,163,0,11.Noviembre_Definitivo_2017.xls,NOVIEMBRE 2017
2017,11,2017-11,Logrono,LOGRONO,La Rioja,1756,108,0,11.Noviembre_Definitivo_2017.xls,NOVIEMBRE 2017
2017,11,2017-11,Madrid-Cuatro Vientos,MADRID-CUATRO VIENTOS,Madrid,398,3924,0,11.Noviembre_Definitivo_2017.xls,NOVIEMBRE 2017
2017,11,2017-11,Malaga-Costa Del Sol,MALAGA-COSTA DEL SOL,Malaga,1065001,8569,207978,11.Noviembre_Definitivo_2017.xls,NOVIEMBRE 2017
2017,11,2017-11,Melilla,MELILLA,Melilla,26824,625,13188,11.Noviembre_Definitivo_2017.xls,NOVIEMBRE 2017
2017,11,2017-11,Menorca,MENORCA,Illes Balears,76116,970,129843,11.Noviembre_Definitivo_2017.xls,NOVIEMBRE 2017
2017,11,2017-11,Murcia-San Javier,MURCIA-SAN JAVIER,Murcia,47065,390,0,11.Noviembre_Definitivo_2017.xls,NOVIEMBRE 2017
2017,11,2017-11,Palma De Mallorca,PALMA DE MALLORCA,Illes Balears,941733,8654,851352,11.Noviembre_Definitivo_2017.xls,NOVIEMBRE 2017
2017,11,2017-11,Pamplona,PAMPLONA,Navarra,15452,449,0,11.Noviembre_Definitivo_2017.xls,NOVIEMBRE 2017
2017,11,2017-11,Reus,REUS,Tarragona,8060,885,0,11.Noviembre_Definitivo_2017.xls,NOVIEMBRE 2017
2017,11,2017-11,Sabadell,SABADELL,Barcelona,312,3720,0,11.Noviembre_Definitivo_2017.xls,NOVIEMBRE 2017
2017,11,2017-11,Salamanca,SALAMANCA,Salamanca,254,787,0,11.Noviembre_Definitivo_2017.xls,NOVIEMBRE 2017
2017,11,2017-11,San Sebastian,SAN SEBASTIAN,Gipuzkoa,23867,508,0,11.Noviembre_Definitivo_2017.xls,NOVIEMBRE 2017
2017,11,2017-11,Santiago,SANTIAGO,A Coruna,183141,1528,255972,11.Noviembre_Definitivo_2017.xls,NOVIEMBRE 2017
2017,11,2017-11,Seve Ballesteros-Santander,SEVE BALLESTEROS-SANTANDER,Cantabria,71489,772,0,11.Noviembre_Definitivo_2017.xls,NOVIEMBRE 2017
2017,11,2017-11,Sevilla,SEVILLA,Sevilla,456607,4318,1221993,11.Noviembre_Definitivo_2017.xls,NOVIEMBRE 2017
2017,11,2017-11,Son Bonet,SON BONET,Illes Balears,103,727,0,11.Noviembre_Definitivo_2017.xls,NOVIEMBRE 2017
2017,11,2017-11,Tenerife Norte,TENERIFE NORTE,Santa Cruz de Tenerife,412432,5955,996230,11.Noviembre_Definitivo_2017.xls,NOVIEMBRE 2017
2017,11,2017-11,Tenerife Sur,TENERIFE SUR,Santa Cruz de Tenerife,973822,6060,259122,11.Noviembre_Definitivo_2017.xls,NOVIEMBRE 2017
2017,11,2017-11,Valencia,VALENCIA,Valencia,509629,5490,1190574,11.Noviembre_Definitivo_2017.xls,NOVIEMBRE 2017
2017,11,2017-11,Valladolid,VALLADOLID,Valladolid,13990,324,30,11.Noviembre_Definitivo_2017.xls,NOVIEMBRE 2017
2017,11,2017-11,Vigo,VIGO,Pontevedra,80400,949,103955,11.Noviembre_Definitivo_2017.xls,NOVIEMBRE 2017
2017,11,2017-11,Vitoria,VITORIA,Alava,11878,820,5694796,11.Noviembre_Definitivo_2017.xls,NOVIEMBRE 2017
2017,11,2017-11,Zaragoza,ZARAGOZA,Zaragoza,25804,644,14525377,11.Noviembre_Definitivo_2017.xls,NOVIEMBRE 2017
2018,11,2018-11,A Coruna,A CORUNA,A Coruna,103790,1383,11417,11.Noviembre_Definitivo_2018.xls,NOVIEMBRE 2018
2018,11,2018-11,Adolfo Suarez Madrid-Barajas,ADOLFO SUAREZ MADRID-BARAJAS,Madrid,4537521,33019,46911122,11.Noviembre_Definitivo_2018.xls,NOVIEMBRE 2018
2018,11,2018-11,Albacete,ALBACETE,Albacete,235,75,0,11.Noviembre_Definitivo_2018.xls,NOVIEMBRE 2018
2018,11,2018-11,Algeciras-Helipuerto,ALGECIRAS-HELIPUERTO,Cadiz,2808,262,0,11.Noviembre_Definitivo_2018.xls,NOVIEMBRE 2018
2018,11,2018-11,Alicante-Elche,ALICANTE-ELCHE,Alicante,891748,6638,358637,11.Noviembre_Definitivo_2018.xls,NOVIEMBRE 2018
2018,11,2018-11,Almeria,ALMERIA,Almeria,38841,741,0,11.Noviembre_Definitivo_2018.xls,NOVIEMBRE 2018
2018,11,2018-11,Asturias,ASTURIAS,Asturias,96716,783,9411,11.Noviembre_Definitivo_2018.xls,NOVIEMBRE 2018
2018,11,2018-11,Badajoz,BADAJOZ,Badajoz,6974,198,0,11.Noviembre_Definitivo_2018.xls,NOVIEMBRE 2018
2018,11,2018-11,Barcelona-El Prat J.T.,BARCELONA-EL PRAT J.T.,Barcelona,3444398,23742,15112312,11.Noviembre_Definitivo_2018.xls,NOVIEMBRE 2018
2018,11,2018-11,Bilbao,BILBAO,Bizkaia,420706,3970,100767,11.Noviembre_Definitivo_2018.xls,NOVIEMBRE 2018
2018,11,2018-11,Burgos,BURGOS,Burgos,600,91,0,11.Noviembre_Definitivo_2018.xls,NOVIEMBRE 2018
2018,11,2018-11,Ceuta-Helipuerto,CEUTA-HELIPUERTO,Ceuta,5421,540,0,11.Noviembre_Definitivo_2018.xls,NOVIEMBRE 2018
2018,11,2018-11,Cordoba,CORDOBA,Cordoba,637,574,0,11.Noviembre_Definitivo_2018.xls,NOVIEMBRE 2018
2018,11,2018-11,El Hierro,EL HIERRO,Santa Cruz de Tenerife,19656,396,6171,11.Noviembre_Definitivo_2018.xls,NOVIEMBRE 2018
2018,11,2018-11,Fgl Granada-Jaen,FGL GRANADA-JAEN,Granada,94091,1054,24,11.Noviembre_Definitivo_2018.xls,NOVIEMBRE 2018
2018,11,2018-11,Fuerteventura,FUERTEVENTURA,Las Palmas,486241,4231,71987,11.Noviembre_Definitivo_2018.xls,NOVIEMBRE 2018
2018,11,2018-11,Girona,GIRONA,Girona,38326,602,6114,11.Noviembre_Definitivo_2018.xls,NOVIEMBRE 2018
2018,11,2018-11,Gran Canaria,GRAN CANARIA,Las Palmas,1181553,11655,1738741,11.Noviembre_Definitivo_2018.xls,NOVIEMBRE 2018
2018,11,2018-11,Huesca-Pirineos,HUESCA-PIRINEOS,Huesca,260,998,0,11.Noviembre_Definitivo_2018.xls,NOVIEMBRE 2018
2018,11,2018-11,Ibiza,IBIZA,Illes Balears,205600,2465,103406,11.Noviembre_Definitivo_2018.xls,NOVIEMBRE 2018
2018,11,2018-11,Jerez De La Frontera,JEREZ DE LA FRONTERA,Cadiz,64941,4258,0,11.Noviembre_Definitivo_2018.xls,NOVIEMBRE 2018
2018,11,2018-11,La Gomera,LA GOMERA,Santa Cruz de Tenerife,4608,172,158,11.Noviembre_Definitivo_2018.xls,NOVIEMBRE 2018
2018,11,2018-11,La Palma,LA PALMA,Santa Cruz de Tenerife,119246,1948,45175,11.Noviembre_Definitivo_2018.xls,NOVIEMBRE 2018
2018,11,2018-11,Lanzarote Cesar Manrique,LANZAROTE CESAR MANRIQUE,Las Palmas,604686,5149,134468,11.Noviembre_Definitivo_2018.xls,NOVIEMBRE 2018
2018,11,2018-11,Leon,LEON,Leon,3379,134,0,11.Noviembre_Definitivo_2018.xls,NOVIEMBRE 2018
2018,11,2018-11,Logrono,LOGRONO,La Rioja,1688,98,0,11.Noviembre_Definitivo_2018.xls,NOVIEMBRE 2018
2018,11,2018-11,Madrid-Cuatro Vientos,MADRID-CUATRO VIENTOS,Madrid,232,3563,0,11.Noviembre_Definitivo_2018.xls,NOVIEMBRE 2018
2018,11,2018-11,Malaga-Costa Del Sol,MALAGA-COSTA DEL SOL,Malaga,1150161,9336,182179,11.Noviembre_Definitivo_2018.xls,NOVIEMBRE 2018
2018,11,2018-11,Melilla,MELILLA,Melilla,28338,602,10476,11.Noviembre_Definitivo_2018.xls,NOVIEMBRE 2018
2018,11,2018-11,Menorca,MENORCA,Illes Balears,83092,1134,80901,11.Noviembre_Definitivo_2018.xls,NOVIEMBRE 2018
2018,11,2018-11,Murcia-San Javier,MURCIA-SAN JAVIER,Murcia,48603,403,0,11.Noviembre_Definitivo_2018.xls,NOVIEMBRE 2018
2018,11,2018-11,Palma De Mallorca,PALMA DE MALLORCA,Illes Balears,1015210,9833,784722,11.Noviembre_Definitivo_2018.xls,NOVIEMBRE 2018
2018,11,2018-11,Pamplona,PAMPLONA,Navarra,16063,435,0,11.Noviembre_Definitivo_2018.xls,NOVIEMBRE 2018
2018,11,2018-11,Reus,REUS,Tarragona,9671,1061,0,11.Noviembre_Definitivo_2018.xls,NOVIEMBRE 2018
2018,11,2018-11,Sabadell,SABADELL,Barcelona,363,3621,0,11.Noviembre_Definitivo_2018.xls,NOVIEMBRE 2018
2018,11,2018-11,Salamanca,SALAMANCA,Salamanca,177,682,0,11.Noviembre_Definitivo_2018.xls,NOVIEMBRE 2018
2018,11,2018-11,San Sebastian,SAN SEBASTIAN,Gipuzkoa,20993,424,0,11.Noviembre_Definitivo_2018.xls,NOVIEMBRE 2018
2018,11,2018-11,Santiago,SANTIAGO,A Coruna,188141,1483,287944,11.Noviembre_Definitivo_2018.xls,NOVIEMBRE 2018
2018,11,2018-11,Seve Ballesteros-Santander,SEVE BALLESTEROS-SANTANDER,Cantabria,82363,815,0,11.Noviembre_Definitivo_2018.xls,NOVIEMBRE 2018
2018,11,2018-11,Sevilla,SEVILLA,Sevilla,548079,4922,972178,11.Noviembre_Definitivo_2018.xls,NOVIEMBRE 2018
2018,11,2018-11,Son Bonet,SON BONET,Illes Balears,200,775,0,11.Noviembre_Definitivo_2018.xls,NOVIEMBRE 2018
2018,11,2018-11,Tenerife Norte,TENERIFE NORTE,Santa Cruz de Tenerife,437474,6097,1057891,11.Noviembre_Definitivo_2018.xls,NOVIEMBRE 2018
2018,11,2018-11,Tenerife Sur,TENERIFE SUR,Santa Cruz de Tenerife,995889,6603,236752,11.Noviembre_Definitivo_2018.xls,NOVIEMBRE 2018
2018,11,2018-11,Valencia,VALENCIA,Valencia,577686,5666,1441321,11.Noviembre_Definitivo_2018.xls,NOVIEMBRE 2018
2018,11,2018-11,Valladolid,VALLADOLID,Valladolid,18290,376,107935,11.Noviembre_Definitivo_2018.xls,NOVIEMBRE 2018
2018,11,2018-11,Vigo,VIGO,Pontevedra,85195,907,111929,11.Noviembre_Definitivo_2018.xls,NOVIEMBRE 2018
2018,11,2018-11,Vitoria,VITORIA,Alava,9400,901,5647750,11.Noviembre_Definitivo_2018.xls,NOVIEMBRE 2018
2018,11,2018-11,Zaragoza,ZARAGOZA,Zaragoza,28489,675,16448753,11.Noviembre_Definitivo_2018.xls,NOVIEMBRE 2018
2019,11,2019-11,A Coruna,A CORUNA,A Coruna,106003,1217,11526,11.Noviembre_Definitivo_2019.xls,NOVIEMBRE 2019
2019,11,2019-11,Adolfo Suarez Madrid-Barajas,ADOLFO SUAREZ MADRID-BARAJAS,Madrid,4779850,33929,53241981,11.Noviembre_Definitivo_2019.xls,NOVIEMBRE 2019
2019,11,2019-11,Aeropuerto Intl. Region Murcia,AEROPUERTO INTL. REGION MURCIA,Murcia,40627,375,0,11.Noviembre_Definitivo_2019.xls,NOVIEMBRE 2019
2019,11,2019-11,Albacete,ALBACETE,Albacete,179,69,0,11.Noviembre_Definitivo_2019.xls,NOVIEMBRE 2019
2019,11,2019-11,Algeciras-Helipuerto,ALGECIRAS-HELIPUERTO,Cadiz,3009,264,0,11.Noviembre_Definitivo_2019.xls,NOVIEMBRE 2019
2019,11,2019-11,Alicante-Elche,ALICANTE-ELCHE,Alicante,934609,6673,347149,11.Noviembre_Definitivo_2019.xls,NOVIEMBRE 2019
2019,11,2019-11,Almeria,ALMERIA,Almeria,40808,830,0,11.Noviembre_Definitivo_2019.xls,NOVIEMBRE 2019
2019,11,2019-11,Asturias,ASTURIAS,Asturias,103823,966,1139,11.Noviembre_Definitivo_2019.xls,NOVIEMBRE 2019
2019,11,2019-11,Badajoz,BADAJOZ,Badajoz,6690,222,0,11.Noviembre_Definitivo_2019.xls,NOVIEMBRE 2019
2019,11,2019-11,Barcelona-El Prat J.T.,BARCELONA-EL PRAT J.T.,Barcelona,3674584,24938,16111642,11.Noviembre_Definitivo_2019.xls,NOVIEMBRE 2019
2019,11,2019-11,Bilbao,BILBAO,Bizkaia,431277,3755,81567,11.Noviembre_Definitivo_2019.xls,NOVIEMBRE 2019
2019,11,2019-11,Burgos,BURGOS,Burgos,1261,279,400,11.Noviembre_Definitivo_2019.xls,NOVIEMBRE 2019
2019,11,2019-11,Ceuta-Helipuerto,CEUTA-HELIPUERTO,Ceuta,6007,556,0,11.Noviembre_Definitivo_2019.xls,NOVIEMBRE 2019
2019,11,2019-11,Cordoba,CORDOBA,Cordoba,902,945,0,11.Noviembre_Definitivo_2019.xls,NOVIEMBRE 2019
2019,11,2019-11,El Hierro,EL HIERRO,Santa Cruz de Tenerife,23200,482,5821,11.Noviembre_Definitivo_2019.xls,NOVIEMBRE 2019
2019,11,2019-11,Fgl Granada-Jaen,FGL GRANADA-JAEN,Granada,97243,1162,0,11.Noviembre_Definitivo_2019.xls,NOVIEMBRE 2019
2019,11,2019-11,Fuerteventura,FUERTEVENTURA,Las Palmas,464499,3923,80759,11.Noviembre_Definitivo_2019.xls,NOVIEMBRE 2019
2019,11,2019-11,Girona-Costa Brava,GIRONA-COSTA BRAVA,Girona,46355,1386,1355,11.Noviembre_Definitivo_2019.xls,NOVIEMBRE 2019
2019,11,2019-11,Gran Canaria,GRAN CANARIA,Las Palmas,1191081,10806,1738580,11.Noviembre_Definitivo_2019.xls,NOVIEMBRE 2019
2019,11,2019-11,Huesca-Pirineos,HUESCA-PIRINEOS,Huesca,2,648,0,11.Noviembre_Definitivo_2019.xls,NOVIEMBRE 2019
2019,11,2019-11,Ibiza,IBIZA,Illes Balears,209061,2414,88214,11.Noviembre_Definitivo_2019.xls,NOVIEMBRE 2019
2019,11,2019-11,Jerez De La Frontera,JEREZ DE LA FRONTERA,Cadiz,51070,3785,88,11.Noviembre_Definitivo_2019.xls,NOVIEMBRE 2019
2019,11,2019-11,La Gomera,LA GOMERA,Santa Cruz de Tenerife,4859,170,167,11.Noviembre_Definitivo_2019.xls,NOVIEMBRE 2019
2019,11,2019-11,La Palma,LA PALMA,Santa Cruz de Tenerife,124035,1820,37664,11.Noviembre_Definitivo_2019.xls,NOVIEMBRE 2019
2019,11,2019-11,Lanzarote-Cesar Manrique,LANZAROTE-CESAR MANRIQUE,Las Palmas,568802,4827,108043,11.Noviembre_Definitivo_2019.xls,NOVIEMBRE 2019
2019,11,2019-11,Leon,LEON,Leon,3467,115,0,11.Noviembre_Definitivo_2019.xls,NOVIEMBRE 2019
2019,11,2019-11,Logrono,LOGRONO,La Rioja,666,74,0,11.Noviembre_Definitivo_2019.xls,NOVIEMBRE 2019
2019,11,2019-11,Madrid-Cuatro Vientos,MADRID-CUATRO VIENTOS,Madrid,129,3098,0,11.Noviembre_Definitivo_2019.xls,NOVIEMBRE 2019
2019,11,2019-11,Malaga-Costa Del Sol,MALAGA-COSTA DEL SOL,Malaga,1169845,9006,242792,11.Noviembre_Definitivo_2019.xls,NOVIEMBRE 2019
2019,11,2019-11,Melilla,MELILLA,Melilla,34249,708,11336,11.Noviembre_Definitivo_2019.xls,NOVIEMBRE 2019
2019,11,2019-11,Menorca,MENORCA,Illes Balears,87042,1098,114811,11.Noviembre_Definitivo_2019.xls,NOVIEMBRE 2019
2019,11,2019-11,Murcia-San Javier,MURCIA-SAN JAVIER,Murcia,0,0,0,11.Noviembre_Definitivo_2019.xls,NOVIEMBRE 2019
2019,11,2019-11,Palma De Mallorca,PALMA DE MALLORCA,Illes Balears,1002869,8813,560486,11.Noviembre_Definitivo_2019.xls,NOVIEMBRE 2019
2019,11,2019-11,Pamplona,PAMPLONA,Navarra,22452,423,3396,11.Noviembre_Definitivo_2019.xls,NOVIEMBRE 2019
2019,11,2019-11,Reus,REUS,Tarragona,4852,1052,0,11.Noviembre_Definitivo_2019.xls,NOVIEMBRE 2019
2019,11,2019-11,Sabadell,SABADELL,Barcelona,424,4369,0,11.Noviembre_Definitivo_2019.xls,NOVIEMBRE 2019
2019,11,2019-11,Salamanca,SALAMANCA,Salamanca,532,670,0,11.Noviembre_Definitivo_2019.xls,NOVIEMBRE 2019
2019,11,2019-11,San Sebastian,SAN SEBASTIAN,Gipuzkoa,25345,420,67,11.Noviembre_Definitivo_2019.xls,NOVIEMBRE 2019
2019,11,2019-11,Santiago-Rosalia De Castro,SANTIAGO-ROSALIA DE CASTRO,A Coruna,201073,1504,277368,11.Noviembre_Definitivo_2019.xls,NOVIEMBRE 2019
2019,11,2019-11,Seve Ballesteros-Santander,SEVE BALLESTEROS-SANTANDER,Cantabria,88558,730,0,11.Noviembre_Definitivo_2019.xls,NOVIEMBRE 2019
2019,11,2019-11,Sevilla,SEVILLA,Sevilla,597855,4968,968452,11.Noviembre_Definitivo_2019.xls,NOVIEMBRE 2019
2019,11,2019-11,Son Bonet,SON BONET,Illes Balears,121,637,0,11.Noviembre_Definitivo_2019.xls,NOVIEMBRE 2019
2019,11,2019-11,Tenerife Norte-C. La Laguna,TENERIFE NORTE-C. LA LAGUNA,Santa Cruz de Tenerife,469991,6115,934817,11.Noviembre_Definitivo_2019.xls,NOVIEMBRE 2019
2019,11,2019-11,Tenerife-Sur,TENERIFE-SUR,Santa Cruz de Tenerife,981991,6205,177744,11.Noviembre_Definitivo_2019.xls,NOVIEMBRE 2019
2019,11,2019-11,Valencia,VALENCIA,Valencia,619664,5854,1380531,11.Noviembre_Definitivo_2019.xls,NOVIEMBRE 2019
2019,11,2019-11,Valladolid,VALLADOLID,Valladolid,13656,176,0,11.Noviembre_Definitivo_2019.xls,NOVIEMBRE 2019
2019,11,2019-11,Vigo,VIGO,Pontevedra,71575,821,46285,11.Noviembre_Definitivo_2019.xls,NOVIEMBRE 2019
2019,11,2019-11,Vitoria,VITORIA,Alava,10507,772,5666863,11.Noviembre_Definitivo_2019.xls,NOVIEMBRE 2019
2019,11,2019-11,Zaragoza,ZARAGOZA,Zaragoza,32497,789,20911484,11.Noviembre_Definitivo_2019.xls,NOVIEMBRE 2019
2020,11,2020-11,A Coruna,A CORUNA,A Coruna,19984,1047,7029,11.Noviembre_Definitivo_2020.xls,NOVIEMBRE 2020
2020,11,2020-11,Adolfo Suarez Madrid-Barajas,ADOLFO SUAREZ MADRID-BARAJAS,Madrid,697488,10001,39755412,11.Noviembre_Definitivo_2020.xls,NOVIEMBRE 2020
2020,11,2020-11,Aeropuerto Intl. Region Murcia,AEROPUERTO INTL. REGION MURCIA,Murcia,1966,76,0,11.Noviembre_Definitivo_2020.xls,NOVIEMBRE 2020
2020,11,2020-11,Albacete,ALBACETE,Albacete,318,28,0,11.Noviembre_Definitivo_2020.xls,NOVIEMBRE 2020
2020,11,2020-11,Algeciras-Helipuerto,ALGECIRAS-HELIPUERTO,Cadiz,1431,194,0,11.Noviembre_Definitivo_2020.xls,NOVIEMBRE 2020
2020,11,2020-11,Alicante-Elche Miguel Hdez.,ALICANTE-ELCHE MIGUEL HDEZ.,Alicante,112618,1602,328377,11.Noviembre_Definitivo_2020.xls,NOVIEMBRE 2020
2020,11,2020-11,Almeria,ALMERIA,Almeria,9569,592,0,11.Noviembre_Definitivo_2020.xls,NOVIEMBRE 2020
2020,11,2020-11,Asturias,ASTURIAS,Asturias,10458,281,247,11.Noviembre_Definitivo_2020.xls,NOVIEMBRE 2020
2020,11,2020-11,Badajoz,BADAJOZ,Badajoz,1574,104,0,11.Noviembre_Definitivo_2020.xls,NOVIEMBRE 2020
2020,11,2020-11,Barcelona-El Prat J.T.,BARCELONA-EL PRAT J.T.,Barcelona,341496,5324,10189674,11.Noviembre_Definitivo_2020.xls,NOVIEMBRE 2020
2020,11,2020-11,Bilbao,BILBAO,Bizkaia,40877,972,26978,11.Noviembre_Definitivo_2020.xls,NOVIEMBRE 2020
2020,11,2020-11,Burgos,BURGOS,Burgos,2159,1223,0,11.Noviembre_Definitivo_2020.xls,NOVIEMBRE 2020
2020,11,2020-11,Ceuta-Helipuerto,CEUTA-HELIPUERTO,Ceuta,2804,370,0,11.Noviembre_Definitivo_2020.xls,NOVIEMBRE 2020
2020,11,2020-11,Cordoba,CORDOBA,Cordoba,674,724,0,11.Noviembre_Definitivo_2020.xls,NOVIEMBRE 2020
2020,11,2020-11,El Hierro,EL HIERRO,Santa Cruz de Tenerife,16222,404,4660,11.Noviembre_Definitivo_2020.xls,NOVIEMBRE 2020
2020,11,2020-11,Fgl Granada-Jaen,FGL GRANADA-JAEN,Granada,9280,593,0,11.Noviembre_Definitivo_2020.xls,NOVIEMBRE 2020
2020,11,2020-11,Fuerteventura,FUERTEVENTURA,Las Palmas,121752,1900,28258,11.Noviembre_Definitivo_2020.xls,NOVIEMBRE 2020
2020,11,2020-11,Girona-Costa Brava,GIRONA-COSTA BRAVA,Girona,942,866,7509,11.Noviembre_Definitivo_2020.xls,NOVIEMBRE 2020
2020,11,2020-11,Gran Canaria,GRAN CANARIA,Las Palmas,305072,5127,1233199,11.Noviembre_Definitivo_2020.xls,NOVIEMBRE 2020
2020,11,2020-11,Huesca-Pirineos,HUESCA-PIRINEOS,Huesca,114,96,0,11.Noviembre_Definitivo_2020.xls,NOVIEMBRE 2020
2020,11,2020-11,Ibiza,IBIZA,Illes Balears,67469,1431,76980,11.Noviembre_Definitivo_2020.xls,NOVIEMBRE 2020
2020,11,2020-11,Jerez De La Frontera,JEREZ DE LA FRONTERA,Cadiz,6983,3154,0,11.Noviembre_Definitivo_2020.xls,NOVIEMBRE 2020
2020,11,2020-11,La Gomera,LA GOMERA,Santa Cruz de Tenerife,5177,194,119,11.Noviembre_Definitivo_2020.xls,NOVIEMBRE 2020
2020,11,2020-11,La Palma,LA PALMA,Santa Cruz de Tenerife,56134,1163,27807,11.Noviembre_Definitivo_2020.xls,NOVIEMBRE 2020
2020,11,2020-11,Lanzarote-Cesar Manrique,LANZAROTE-CESAR MANRIQUE,Las Palmas,144876,2325,45647,11.Noviembre_Definitivo_2020.xls,NOVIEMBRE 2020
2020,11,2020-11,Leon,LEON,Leon,659,120,0,11.Noviembre_Definitivo_2020.xls,NOVIEMBRE 2020
2020,11,2020-11,Logrono,LOGRONO,La Rioja,345,56,0,11.Noviembre_Definitivo_2020.xls,NOVIEMBRE 2020
2020,11,2020-11,Madrid-Cuatro Vientos,MADRID-CUATRO VIENTOS,Madrid,118,4324,0,11.Noviembre_Definitivo_2020.xls,NOVIEMBRE 2020
2020,11,2020-11,Malaga-Costa Del Sol,MALAGA-COSTA DEL SOL,Malaga,157089,3167,42926,11.Noviembre_Definitivo_2020.xls,NOVIEMBRE 2020
2020,11,2020-11,Melilla,MELILLA,Melilla,12926,417,1007,11.Noviembre_Definitivo_2020.xls,NOVIEMBRE 2020
2020,11,2020-11,Menorca,MENORCA,Illes Balears,30531,673,68552,11.Noviembre_Definitivo_2020.xls,NOVIEMBRE 2020
2020,11,2020-11,Palma De Mallorca,PALMA DE MALLORCA,Illes Balears,198580,3478,521163,11.Noviembre_Definitivo_2020.xls,NOVIEMBRE 2020
2020,11,2020-11,Pamplona,PAMPLONA,Navarra,4367,378,0,11.Noviembre_Definitivo_2020.xls,NOVIEMBRE 2020
2020,11,2020-11,Reus,REUS,Tarragona,380,1201,0,11.Noviembre_Definitivo_2020.xls,NOVIEMBRE 2020
2020,11,2020-11,Sabadell,SABADELL,Barcelona,263,4104,0,11.Noviembre_Definitivo_2020.xls,NOVIEMBRE 2020
2020,11,2020-11,Salamanca,SALAMANCA,Salamanca,162,788,0,11.Noviembre_Definitivo_2020.xls,NOVIEMBRE 2020
2020,11,2020-11,San Sebastian,SAN SEBASTIAN,Gipuzkoa,3851,203,0,11.Noviembre_Definitivo_2020.xls,NOVIEMBRE 2020
2020,11,2020-11,Santiago-Rosalia De Castro,SANTIAGO-ROSALIA DE CASTRO,A Coruna,34708,768,419812,11.Noviembre_Definitivo_2020.xls,NOVIEMBRE 2020
2020,11,2020-11,Seve Ballesteros-Santander,SEVE BALLESTEROS-SANTANDER,Cantabria,6656,445,0,11.Noviembre_Definitivo_2020.xls,NOVIEMBRE 2020
2020,11,2020-11,Sevilla,SEVILLA,Sevilla,50919,2037,931326,11.Noviembre_Definitivo_2020.xls,NOVIEMBRE 2020
2020,11,2020-11,Son Bonet,SON BONET,Illes Balears,331,1022,0,11.Noviembre_Definitivo_2020.xls,NOVIEMBRE 2020
2020,11,2020-11,Tenerife Norte-C. La Laguna,TENERIFE NORTE-C. LA LAGUNA,Santa Cruz de Tenerife,189091,3739,675890,11.Noviembre_Definitivo_2020.xls,NOVIEMBRE 2020
2020,11,2020-11,Tenerife-Sur,TENERIFE-SUR,Santa Cruz de Tenerife,151569,1875,52081,11.Noviembre_Definitivo_2020.xls,NOVIEMBRE 2020
2020,11,2020-11,Valencia,VALENCIA,Valencia,71816,2052,1059549,11.Noviembre_Definitivo_2020.xls,NOVIEMBRE 2020
2020,11,2020-11,Valladolid,VALLADOLID,Valladolid,1785,210,745,11.Noviembre_Definitivo_2020.xls,NOVIEMBRE 2020
2020,11,2020-11,Vigo,VIGO,Pontevedra,15203,453,41308,11.Noviembre_Definitivo_2020.xls,NOVIEMBRE 2020
2020,11,2020-11,Vitoria,VITORIA,Alava,1204,1028,6478152,11.Noviembre_Definitivo_2020.xls,NOVIEMBRE 2020
2020,11,2020-11,Zaragoza,ZARAGOZA,Zaragoza,2606,584,15270604,11.Noviembre_Definitivo_2020.xls,NOVIEMBRE 2020
2021,11,2021-11,A Coruna,A CORUNA,A Coruna,58957,950,8381,11_Noviembre_Definitivo_2021.xls,NOVIEMBRE 2021
2021,11,2021-11,Adolfo Suarez Madrid-Barajas,ADOLFO SUAREZ MADRID-BARAJAS,Madrid,3107650,24032,53266836,11_Noviembre_Definitivo_2021.xls,NOVIEMBRE 2021
2021,11,2021-11,Aeropuerto Intl. Region Murcia,AEROPUERTO INTL. REGION MURCIA,Murcia,21592,255,0,11_Noviembre_Definitivo_2021.xls,NOVIEMBRE 2021
2021,11,2021-11,Albacete,ALBACETE,Albacete,105,108,0,11_Noviembre_Definitivo_2021.xls,NOVIEMBRE 2021
2021,11,2021-11,Algeciras-Helipuerto,ALGECIRAS-HELIPUERTO,Cadiz,3750,324,0,11_Noviembre_Definitivo_2021.xls,NOVIEMBRE 2021
2021,11,2021-11,Alicante-Elche Miguel Hdez.,ALICANTE-ELCHE MIGUEL HDEZ.,Alicante,704493,5382,401529,11_Noviembre_Definitivo_2021.xls,NOVIEMBRE 2021
2021,11,2021-11,Almeria,ALMERIA,Almeria,23827,599,6,11_Noviembre_Definitivo_2021.xls,NOVIEMBRE 2021
2021,11,2021-11,Asturias,ASTURIAS,Asturias,85061,730,1606,11_Noviembre_Definitivo_2021.xls,NOVIEMBRE 2021
2021,11,2021-11,Badajoz,BADAJOZ,Badajoz,3719,160,0,11_Noviembre_Definitivo_2021.xls,NOVIEMBRE 2021
2021,11,2021-11,Barcelona-El Prat J.T.,BARCELONA-EL PRAT J.T.,Barcelona,2343841,17838,13122873,11_Noviembre_Definitivo_2021.xls,NOVIEMBRE 2021
2021,11,2021-11,Bilbao,BILBAO,Bizkaia,284520,2673,49492,11_Noviembre_Definitivo_2021.xls,NOVIEMBRE 2021
2021,11,2021-11,Burgos,BURGOS,Burgos,1015,990,0,11_Noviembre_Definitivo_2021.xls,NOVIEMBRE 2021
2021,11,2021-11,Ceuta-Helipuerto,CEUTA-HELIPUERTO,Ceuta,6811,628,0,11_Noviembre_Definitivo_2021.xls,NOVIEMBRE 2021
2021,11,2021-11,Cordoba,CORDOBA,Cordoba,295,809,0,11_Noviembre_Definitivo_2021.xls,NOVIEMBRE 2021
2021,11,2021-11,El Hierro,EL HIERRO,Santa Cruz de Tenerife,20203,414,5339,11_Noviembre_Definitivo_2021.xls,NOVIEMBRE 2021
2021,11,2021-11,Fgl Granada-Jaen,FGL GRANADA-JAEN,Granada,56672,927,0,11_Noviembre_Definitivo_2021.xls,NOVIEMBRE 2021
2021,11,2021-11,Fuerteventura,FUERTEVENTURA,Las Palmas,443563,4114,39851,11_Noviembre_Definitivo_2021.xls,NOVIEMBRE 2021
2021,11,2021-11,Girona-Costa Brava,GIRONA-COSTA BRAVA,Girona,7107,976,62497,11_Noviembre_Definitivo_2021.xls,NOVIEMBRE 2021
2021,11,2021-11,Gran Canaria,GRAN CANARIA,Las Palmas,990033,9782,1352349,11_Noviembre_Definitivo_2021.xls,NOVIEMBRE 2021
2021,11,2021-11,Huesca-Pirineos,HUESCA-PIRINEOS,Huesca,172,121,0,11_Noviembre_Definitivo_2021.xls,NOVIEMBRE 2021
2021,11,2021-11,Ibiza,IBIZA,Illes Balears,195429,2617,81819,11_Noviembre_Definitivo_2021.xls,NOVIEMBRE 2021
2021,11,2021-11,Jerez De La Frontera,JEREZ DE LA FRONTERA,Cadiz,46722,3085,0,11_Noviembre_Definitivo_2021.xls,NOVIEMBRE 2021
2021,11,2021-11,La Gomera,LA GOMERA,Santa Cruz de Tenerife,5475,202,408,11_Noviembre_Definitivo_2021.xls,NOVIEMBRE 2021
2021,11,2021-11,La Palma,LA PALMA,Santa Cruz de Tenerife,34668,620,13098,11_Noviembre_Definitivo_2021.xls,NOVIEMBRE 2021
2021,11,2021-11,Lanzarote-Cesar Manrique,LANZAROTE-CESAR MANRIQUE,Las Palmas,529812,4991,59042,11_Noviembre_Definitivo_2021.xls,NOVIEMBRE 2021
2021,11,2021-11,Leon,LEON,Leon,1403,166,0,11_Noviembre_Definitivo_2021.xls,NOVIEMBRE 2021
2021,11,2021-11,Logrono,LOGRONO,La Rioja,536,75,0,11_Noviembre_Definitivo_2021.xls,NOVIEMBRE 2021
2021,11,2021-11,Madrid-Cuatro Vientos,MADRID-CUATRO VIENTOS,Madrid,110,4207,0,11_Noviembre_Definitivo_2021.xls,NOVIEMBRE 2021
2021,11,2021-11,Malaga-Costa Del Sol,MALAGA-COSTA DEL SOL,Malaga,987322,8900,124981,11_Noviembre_Definitivo_2021.xls,NOVIEMBRE 2021
2021,11,2021-11,Melilla,MELILLA,Melilla,31787,664,1197,11_Noviembre_Definitivo_2021.xls,NOVIEMBRE 2021
2021,11,2021-11,Menorca,MENORCA,Illes Balears,77289,1257,130684,11_Noviembre_Definitivo_2021.xls,NOVIEMBRE 2021
2021,11,2021-11,Palma De Mallorca,PALMA DE MALLORCA,Illes Balears,803347,8256,596806,11_Noviembre_Definitivo_2021.xls,NOVIEMBRE 2021
2021,11,2021-11,Pamplona,PAMPLONA,Navarra,11686,347,41,11_Noviembre_Definitivo_2021.xls,NOVIEMBRE 2021
2021,11,2021-11,Reus,REUS,Tarragona,317,1239,0,11_Noviembre_Definitivo_2021.xls,NOVIEMBRE 2021
2021,11,2021-11,Sabadell,SABADELL,Barcelona,397,3675,0,11_Noviembre_Definitivo_2021.xls,NOVIEMBRE 2021
2021,11,2021-11,Salamanca,SALAMANCA,Salamanca,143,556,0,11_Noviembre_Definitivo_2021.xls,NOVIEMBRE 2021
2021,11,2021-11,San Sebastian,SAN SEBASTIAN,Gipuzkoa,17445,262,0,11_Noviembre_Definitivo_2021.xls,NOVIEMBRE 2021
2021,11,2021-11,Santiago-Rosalia De Castro,SANTIAGO-ROSALIA DE CASTRO,A Coruna,176023,1478,468331,11_Noviembre_Definitivo_2021.xls,NOVIEMBRE 2021
2021,11,2021-11,Seve Ballesteros-Santander,SEVE BALLESTEROS-SANTANDER,Cantabria,63794,674,0,11_Noviembre_Definitivo_2021.xls,NOVIEMBRE 2021
2021,11,2021-11,Sevilla,SEVILLA,Sevilla,460855,4607,844300,11_Noviembre_Definitivo_2021.xls,NOVIEMBRE 2021
2021,11,2021-11,Son Bonet,SON BONET,Illes Balears,235,511,0,11_Noviembre_Definitivo_2021.xls,NOVIEMBRE 2021
2021,11,2021-11,Tenerife Norte-C. La Laguna,TENERIFE NORTE-C. LA LAGUNA,Santa Cruz de Tenerife,368431,4809,955531,11_Noviembre_Definitivo_2021.xls,NOVIEMBRE 2021
2021,11,2021-11,Tenerife-Sur,TENERIFE-SUR,Santa Cruz de Tenerife,863169,6298,99730,11_Noviembre_Definitivo_2021.xls,NOVIEMBRE 2021
2021,11,2021-11,Valencia,VALENCIA,Valencia,484859,5021,1160319,11_Noviembre_Definitivo_2021.xls,NOVIEMBRE 2021
2021,11,2021-11,Valladolid,VALLADOLID,Valladolid,9868,411,0,11_Noviembre_Definitivo_2021.xls,NOVIEMBRE 2021
2021,11,2021-11,Vigo,VIGO,Pontevedra,57298,930,36679,11_Noviembre_Definitivo_2021.xls,NOVIEMBRE 2021
2021,11,2021-11,Vitoria,VITORIA,Alava,14985,1091,6861714,11_Noviembre_Definitivo_2021.xls,NOVIEMBRE 2021
2021,11,2021-11,Zaragoza,ZARAGOZA,Zaragoza,35852,963,20044341,11_Noviembre_Definitivo_2021.xls,NOVIEMBRE 2021
2015,12,2015-12,A Coruna,A CORUNA,A Coruna,80963,1025,17420,12.Diciembre-Definitivo-2015.xls,DICIEMBRE
2015,12,2015-12,Adolfo Suarez Madrid-Barajas,ADOLFO SUAREZ MADRID-BARAJAS,Madrid,3650402,29247,34043489,12.Diciembre-Definitivo-2015.xls,DICIEMBRE
2015,12,2015-12,Albacete,ALBACETE,Albacete,120,39,0,12.Diciembre-Definitivo-2015.xls,DICIEMBRE
2015,12,2015-12,Algeciras-Helipuerto,ALGECIRAS-HELIPUERTO,Cadiz,0,0,0,12.Diciembre-Definitivo-2015.xls,DICIEMBRE
2015,12,2015-12,Alicante-Elche,ALICANTE-ELCHE,Alicante,609048,4847,432275,12.Diciembre-Definitivo-2015.xls,DICIEMBRE
2015,12,2015-12,Almeria,ALMERIA,Almeria,30080,638,14313,12.Diciembre-Definitivo-2015.xls,DICIEMBRE
2015,12,2015-12,Asturias,ASTURIAS,Asturias,86544,905,5272,12.Diciembre-Definitivo-2015.xls,DICIEMBRE
2015,12,2015-12,Badajoz,BADAJOZ,Badajoz,390,26,0,12.Diciembre-Definitivo-2015.xls,DICIEMBRE
2015,12,2015-12,Barcelona-El Prat,BARCELONA-EL PRAT,Barcelona,2604757,19940,10520226,12.Diciembre-Definitivo-2015.xls,DICIEMBRE
2015,12,2015-12,Bilbao,BILBAO,Bizkaia,295520,3059,233406,12.Diciembre-Definitivo-2015.xls,DICIEMBRE
2015,12,2015-12,Burgos,BURGOS,Burgos,296,125,0,12.Diciembre-Definitivo-2015.xls,DICIEMBRE
2015,12,2015-12,Ceuta-Helipuerto,CEUTA-HELIPUERTO,Ceuta,98,28,0,12.Diciembre-Definitivo-2015.xls,DICIEMBRE
2015,12,2015-12,Cordoba,CORDOBA,Cordoba,582,518,0,12.Diciembre-Definitivo-2015.xls,DICIEMBRE
2015,12,2015-12,El Hierro,EL HIERRO,Santa Cruz de Tenerife,11605,297,6405,12.Diciembre-Definitivo-2015.xls,DICIEMBRE
2015,12,2015-12,Fgl Granada-Jaen,FGL GRANADA-JAEN,Granada,57984,926,204,12.Diciembre-Definitivo-2015.xls,DICIEMBRE
2015,12,2015-12,Fuerteventura,FUERTEVENTURA,Las Palmas,398909,3408,91188,12.Diciembre-Definitivo-2015.xls,DICIEMBRE
2015,12,2015-12,Girona,GIRONA,Girona,48346,722,320,12.Diciembre-Definitivo-2015.xls,DICIEMBRE
2015,12,2015-12,Gran Canaria,GRAN CANARIA,Las Palmas,1050937,9709,1729592,12.Diciembre-Definitivo-2015.xls,DICIEMBRE
2015,12,2015-12,Huesca-Pirineos,HUESCA-PIRINEOS,Huesca,131,392,0,12.Diciembre-Definitivo-2015.xls,DICIEMBRE
2015,12,2015-12,Ibiza,IBIZA,Illes Balears,139614,2040,117208,12.Diciembre-Definitivo-2015.xls,DICIEMBRE
2015,12,2015-12,Jerez De La Frontera,JEREZ DE LA FRONTERA,Cadiz,28246,2284,0,12.Diciembre-Definitivo-2015.xls,DICIEMBRE
2015,12,2015-12,La Gomera,LA GOMERA,Santa Cruz de Tenerife,2679,166,32,12.Diciembre-Definitivo-2015.xls,DICIEMBRE
2015,12,2015-12,La Palma,LA PALMA,Santa Cruz de Tenerife,84976,1287,56478,12.Diciembre-Definitivo-2015.xls,DICIEMBRE
2015,12,2015-12,Lanzarote,LANZAROTE,Las Palmas,473346,4120,160876,12.Diciembre-Definitivo-2015.xls,DICIEMBRE
2015,12,2015-12,Leon,LEON,Leon,2562,108,0,12.Diciembre-Definitivo-2015.xls,DICIEMBRE
2015,12,2015-12,Logrono,LOGRONO,La Rioja,1039,72,0,12.Diciembre-Definitivo-2015.xls,DICIEMBRE
2015,12,2015-12,Madrid-Cuatro Vientos,MADRID-CUATRO VIENTOS,Madrid,320,2958,0,12.Diciembre-Definitivo-2015.xls,DICIEMBRE
2015,12,2015-12,Malaga-Costa Del Sol,MALAGA-COSTA DEL SOL,Malaga,754337,6307,154724,12.Diciembre-Definitivo-2015.xls,DICIEMBRE
2015,12,2015-12,Melilla,MELILLA,Melilla,25095,628,14766,12.Diciembre-Definitivo-2015.xls,DICIEMBRE
2015,12,2015-12,Menorca,MENORCA,Illes Balears,62707,1220,96777,12.Diciembre-Definitivo-2015.xls,DICIEMBRE
2015,12,2015-12,Murcia-San Javier,MURCIA-SAN JAVIER,Murcia,18207,217,0,12.Diciembre-Definitivo-2015.xls,DICIEMBRE
2015,12,2015-12,Palma De Mallorca,PALMA DE MALLORCA,Illes Balears,676454,6842,846444,12.Diciembre-Definitivo-2015.xls,DICIEMBRE
2015,12,2015-12,Pamplona,PAMPLONA,Navarra,9987,339,33,12.Diciembre-Definitivo-2015.xls,DICIEMBRE
2015,12,2015-12,Reus,REUS,Tarragona,7869,727,0,12.Diciembre-Definitivo-2015.xls,DICIEMBRE
2015,12,2015-12,Sabadell,SABADELL,Barcelona,310,2263,0,12.Diciembre-Definitivo-2015.xls,DICIEMBRE
2015,12,2015-12,Salamanca,SALAMANCA,Salamanca,141,409,0,12.Diciembre-Definitivo-2015.xls,DICIEMBRE
2015,12,2015-12,San Sebastian,SAN SEBASTIAN,Gipuzkoa,17009,504,0,12.Diciembre-Definitivo-2015.xls,DICIEMBRE
2015,12,2015-12,Santiago,SANTIAGO,A Coruna,164380,1452,231465,12.Diciembre-Definitivo-2015.xls,DICIEMBRE
2015,12,2015-12,Seve Ballesteros-Santander,SEVE BALLESTEROS-SANTANDER,Cantabria,44995,698,0,12.Diciembre-Definitivo-2015.xls,DICIEMBRE
2015,12,2015-12,Sevilla,SEVILLA,Sevilla,317735,3326,619624,12.Diciembre-Definitivo-2015.xls,DICIEMBRE
2015,12,2015-12,Son Bonet,SON BONET,Illes Balears,158,948,0,12.Diciembre-Definitivo-2015.xls,DICIEMBRE
2015,12,2015-12,Tenerife Norte,TENERIFE NORTE,Santa Cruz de Tenerife,329233,4550,992775,12.Diciembre-Definitivo-2015.xls,DICIEMBRE
2015,12,2015-12,Tenerife Sur,TENERIFE SUR,Santa Cruz de Tenerife,828901,5600,282854,12.Diciembre-Definitivo-2015.xls,DICIEMBRE
2015,12,2015-12,Valencia,VALENCIA,Valencia,329570,4324,1057163,12.Diciembre-Definitivo-2015.xls,DICIEMBRE
2015,12,2015-12,Valladolid,VALLADOLID,Valladolid,12517,256,250,12.Diciembre-Definitivo-2015.xls,DICIEMBRE
2015,12,2015-12,Vigo,VIGO,Pontevedra,56772,703,43445,12.Diciembre-Definitivo-2015.xls,DICIEMBRE
2015,12,2015-12,Vitoria,VITORIA,Alava,1112,576,4372909,12.Diciembre-Definitivo-2015.xls,DICIEMBRE
2015,12,2015-12,Zaragoza,ZARAGOZA,Zaragoza,33019,528,6635925,12.Diciembre-Definitivo-2015.xls,DICIEMBRE
2016,12,2016-12,A Coruna,A CORUNA,A Coruna,84223,1165,20199,12.Diciembre-Definitivo-2016.xls,DICIEMBRE 2016
2016,12,2016-12,Adolfo Suarez Madrid-Barajas,ADOLFO SUAREZ MADRID-BARAJAS,Madrid,4035988,30269,38309273,12.Diciembre-Definitivo-2016.xls,DICIEMBRE 2016
2016,12,2016-12,Albacete,ALBACETE,Albacete,161,45,0,12.Diciembre-Definitivo-2016.xls,DICIEMBRE 2016
2016,12,2016-12,Algeciras-Helipuerto,ALGECIRAS-HELIPUERTO,Cadiz,4,2,0,12.Diciembre-Definitivo-2016.xls,DICIEMBRE 2016
2016,12,2016-12,Alicante-Elche,ALICANTE-ELCHE,Alicante,700220,5595,452068,12.Diciembre-Definitivo-2016.xls,DICIEMBRE 2016
2016,12,2016-12,Almeria,ALMERIA,Almeria,38017,664,41,12.Diciembre-Definitivo-2016.xls,DICIEMBRE 2016
2016,12,2016-12,Asturias,ASTURIAS,Asturias,98656,926,4295,12.Diciembre-Definitivo-2016.xls,DICIEMBRE 2016
2016,12,2016-12,Badajoz,BADAJOZ,Badajoz,2911,124,0,12.Diciembre-Definitivo-2016.xls,DICIEMBRE 2016
2016,12,2016-12,Barcelona-El Prat,BARCELONA-EL PRAT,Barcelona,3002600,21602,11869766,12.Diciembre-Definitivo-2016.xls,DICIEMBRE 2016
2016,12,2016-12,Bilbao,BILBAO,Bizkaia,315146,3239,226904,12.Diciembre-Definitivo-2016.xls,DICIEMBRE 2016
2016,12,2016-12,Burgos,BURGOS,Burgos,225,93,0,12.Diciembre-Definitivo-2016.xls,DICIEMBRE 2016
2016,12,2016-12,Ceuta-Helipuerto,CEUTA-HELIPUERTO,Ceuta,148,48,0,12.Diciembre-Definitivo-2016.xls,DICIEMBRE 2016
2016,12,2016-12,Cordoba,CORDOBA,Cordoba,715,641,0,12.Diciembre-Definitivo-2016.xls,DICIEMBRE 2016
2016,12,2016-12,El Hierro,EL HIERRO,Santa Cruz de Tenerife,12304,304,5462,12.Diciembre-Definitivo-2016.xls,DICIEMBRE 2016
2016,12,2016-12,Fgl Granada-Jaen,FGL GRANADA-JAEN,Granada,55769,910,1450,12.Diciembre-Definitivo-2016.xls,DICIEMBRE 2016
2016,12,2016-12,Fuerteventura,FUERTEVENTURA,Las Palmas,454468,3887,84368,12.Diciembre-Definitivo-2016.xls,DICIEMBRE 2016
2016,12,2016-12,Girona,GIRONA,Girona,39389,684,6183,12.Diciembre-Definitivo-2016.xls,DICIEMBRE 2016
2016,12,2016-12,Gran Canaria,GRAN CANARIA,Las Palmas,1156177,10268,1579491,12.Diciembre-Definitivo-2016.xls,DICIEMBRE 2016
2016,12,2016-12,Huesca-Pirineos,HUESCA-PIRINEOS,Huesca,0,186,0,12.Diciembre-Definitivo-2016.xls,DICIEMBRE 2016
2016,12,2016-12,Ibiza,IBIZA,Illes Balears,150459,1988,105755,12.Diciembre-Definitivo-2016.xls,DICIEMBRE 2016
2016,12,2016-12,Jerez De La Frontera,JEREZ DE LA FRONTERA,Cadiz,36020,2821,0,12.Diciembre-Definitivo-2016.xls,DICIEMBRE 2016
2016,12,2016-12,La Gomera,LA GOMERA,Santa Cruz de Tenerife,2538,130,56,12.Diciembre-Definitivo-2016.xls,DICIEMBRE 2016
2016,12,2016-12,La Palma,LA PALMA,Santa Cruz de Tenerife,104028,1427,58279,12.Diciembre-Definitivo-2016.xls,DICIEMBRE 2016
2016,12,2016-12,Lanzarote,LANZAROTE,Las Palmas,554915,4773,177394,12.Diciembre-Definitivo-2016.xls,DICIEMBRE 2016
2016,12,2016-12,Leon,LEON,Leon,2935,150,0,12.Diciembre-Definitivo-2016.xls,DICIEMBRE 2016
2016,12,2016-12,Logrono,LOGRONO,La Rioja,2067,69,0,12.Diciembre-Definitivo-2016.xls,DICIEMBRE 2016
2016,12,2016-12,Madrid-Cuatro Vientos,MADRID-CUATRO VIENTOS,Madrid,233,2363,0,12.Diciembre-Definitivo-2016.xls,DICIEMBRE 2016
2016,12,2016-12,Malaga-Costa Del Sol,MALAGA-COSTA DEL SOL,Malaga,912569,7647,198334,12.Diciembre-Definitivo-2016.xls,DICIEMBRE 2016
2016,12,2016-12,Melilla,MELILLA,Melilla,27217,673,12648,12.Diciembre-Definitivo-2016.xls,DICIEMBRE 2016
2016,12,2016-12,Menorca,MENORCA,Illes Balears,67573,1198,114879,12.Diciembre-Definitivo-2016.xls,DICIEMBRE 2016
2016,12,2016-12,Murcia-San Javier,MURCIA-SAN JAVIER,Murcia,37374,334,0,12.Diciembre-Definitivo-2016.xls,DICIEMBRE 2016
2016,12,2016-12,Palma De Mallorca,PALMA DE MALLORCA,Illes Balears,721335,7310,747423,12.Diciembre-Definitivo-2016.xls,DICIEMBRE 2016
2016,12,2016-12,Pamplona,PAMPLONA,Navarra,11504,342,0,12.Diciembre-Definitivo-2016.xls,DICIEMBRE 2016
2016,12,2016-12,Reus,REUS,Tarragona,7775,733,0,12.Diciembre-Definitivo-2016.xls,DICIEMBRE 2016
2016,12,2016-12,Sabadell,SABADELL,Barcelona,297,2916,0,12.Diciembre-Definitivo-2016.xls,DICIEMBRE 2016
2016,12,2016-12,Salamanca,SALAMANCA,Salamanca,94,362,0,12.Diciembre-Definitivo-2016.xls,DICIEMBRE 2016
2016,12,2016-12,San Sebastian,SAN SEBASTIAN,Gipuzkoa,16873,459,2352,12.Diciembre-Definitivo-2016.xls,DICIEMBRE 2016
2016,12,2016-12,Santiago,SANTIAGO,A Coruna,174397,1445,231771,12.Diciembre-Definitivo-2016.xls,DICIEMBRE 2016
2016,12,2016-12,Seve Ballesteros-Santander,SEVE BALLESTEROS-SANTANDER,Cantabria,51426,665,0,12.Diciembre-Definitivo-2016.xls,DICIEMBRE 2016
2016,12,2016-12,Sevilla,SEVILLA,Sevilla,341616,3426,519198,12.Diciembre-Definitivo-2016.xls,DICIEMBRE 2016
2016,12,2016-12,Son Bonet,SON BONET,Illes Balears,25,623,0,12.Diciembre-Definitivo-2016.xls,DICIEMBRE 2016
2016,12,2016-12,Tenerife Norte,TENERIFE NORTE,Santa Cruz de Tenerife,340174,4471,1003310,12.Diciembre-Definitivo-2016.xls,DICIEMBRE 2016
2016,12,2016-12,Tenerife Sur,TENERIFE SUR,Santa Cruz de Tenerife,958353,6517,262380,12.Diciembre-Definitivo-2016.xls,DICIEMBRE 2016
2016,12,2016-12,Valencia,VALENCIA,Valencia,403508,4399,1062633,12.Diciembre-Definitivo-2016.xls,DICIEMBRE 2016
2016,12,2016-12,Valladolid,VALLADOLID,Valladolid,11626,172,30,12.Diciembre-Definitivo-2016.xls,DICIEMBRE 2016
2016,12,2016-12,Vigo,VIGO,Pontevedra,63361,831,38595,12.Diciembre-Definitivo-2016.xls,DICIEMBRE 2016
2016,12,2016-12,Vitoria,VITORIA,Alava,922,512,4466059,12.Diciembre-Definitivo-2016.xls,DICIEMBRE 2016
2016,12,2016-12,Zaragoza,ZARAGOZA,Zaragoza,32372,491,8647769,12.Diciembre-Definitivo-2016.xls,DICIEMBRE 2016
2017,12,2017-12,A Coruna,A CORUNA,A Coruna,85433,1017,14493,12.Diciembre_Definitivo_2017.xls,DICIEMBRE 2017
2017,12,2017-12,Adolfo Suarez Madrid-Barajas,ADOLFO SUAREZ MADRID-BARAJAS,Madrid,4253000,31291,42140877,12.Diciembre_Definitivo_2017.xls,DICIEMBRE 2017
2017,12,2017-12,Albacete,ALBACETE,Albacete,106,32,0,12.Diciembre_Definitivo_2017.xls,DICIEMBRE 2017
2017,12,2017-12,Algeciras-Helipuerto,ALGECIRAS-HELIPUERTO,Cadiz,1807,208,0,12.Diciembre_Definitivo_2017.xls,DICIEMBRE 2017
2017,12,2017-12,Alicante-Elche,ALICANTE-ELCHE,Alicante,746535,5795,325693,12.Diciembre_Definitivo_2017.xls,DICIEMBRE 2017
2017,12,2017-12,Almeria,ALMERIA,Almeria,33078,574,0,12.Diciembre_Definitivo_2017.xls,DICIEMBRE 2017
2017,12,2017-12,Asturias,ASTURIAS,Asturias,105755,980,1762,12.Diciembre_Definitivo_2017.xls,DICIEMBRE 2017
2017,12,2017-12,Badajoz,BADAJOZ,Badajoz,3751,145,0,12.Diciembre_Definitivo_2017.xls,DICIEMBRE 2017
2017,12,2017-12,Barcelona-El Prat,BARCELONA-EL PRAT,Barcelona,3193648,23108,13168534,12.Diciembre_Definitivo_2017.xls,DICIEMBRE 2017
2017,12,2017-12,Bilbao,BILBAO,Bizkaia,344430,3257,65483,12.Diciembre_Definitivo_2017.xls,DICIEMBRE 2017
2017,12,2017-12,Burgos,BURGOS,Burgos,130,48,0,12.Diciembre_Definitivo_2017.xls,DICIEMBRE 2017
2017,12,2017-12,Ceuta-Helipuerto,CEUTA-HELIPUERTO,Ceuta,2991,372,0,12.Diciembre_Definitivo_2017.xls,DICIEMBRE 2017
2017,12,2017-12,Cordoba,CORDOBA,Cordoba,615,667,0,12.Diciembre_Definitivo_2017.xls,DICIEMBRE 2017
2017,12,2017-12,El Hierro,EL HIERRO,Santa Cruz de Tenerife,19804,424,5568,12.Diciembre_Definitivo_2017.xls,DICIEMBRE 2017
2017,12,2017-12,Fgl Granada-Jaen,FGL GRANADA-JAEN,Granada,78969,1017,15,12.Diciembre_Definitivo_2017.xls,DICIEMBRE 2017
2017,12,2017-12,Fuerteventura,FUERTEVENTURA,Las Palmas,491608,4408,81830,12.Diciembre_Definitivo_2017.xls,DICIEMBRE 2017
2017,12,2017-12,Girona,GIRONA,Girona,42648,569,3220,12.Diciembre_Definitivo_2017.xls,DICIEMBRE 2017
2017,12,2017-12,Gran Canaria,GRAN CANARIA,Las Palmas,1254441,11849,1702347,12.Diciembre_Definitivo_2017.xls,DICIEMBRE 2017
2017,12,2017-12,Huesca-Pirineos,HUESCA-PIRINEOS,Huesca,9,581,0,12.Diciembre_Definitivo_2017.xls,DICIEMBRE 2017
2017,12,2017-12,Ibiza,IBIZA,Illes Balears,184011,2261,103231,12.Diciembre_Definitivo_2017.xls,DICIEMBRE 2017
2017,12,2017-12,Jerez De La Frontera,JEREZ DE LA FRONTERA,Cadiz,44876,2788,0,12.Diciembre_Definitivo_2017.xls,DICIEMBRE 2017
2017,12,2017-12,La Gomera,LA GOMERA,Santa Cruz de Tenerife,4032,138,123,12.Diciembre_Definitivo_2017.xls,DICIEMBRE 2017
2017,12,2017-12,La Palma,LA PALMA,Santa Cruz de Tenerife,119203,1711,63033,12.Diciembre_Definitivo_2017.xls,DICIEMBRE 2017
2017,12,2017-12,Lanzarote,LANZAROTE,Las Palmas,601220,5265,159044,12.Diciembre_Definitivo_2017.xls,DICIEMBRE 2017
2017,12,2017-12,Leon,LEON,Leon,2846,138,0,12.Diciembre_Definitivo_2017.xls,DICIEMBRE 2017
2017,12,2017-12,Logrono,LOGRONO,La Rioja,1882,84,0,12.Diciembre_Definitivo_2017.xls,DICIEMBRE 2017
2017,12,2017-12,Madrid-Cuatro Vientos,MADRID-CUATRO VIENTOS,Madrid,173,2907,0,12.Diciembre_Definitivo_2017.xls,DICIEMBRE 2017
2017,12,2017-12,Malaga-Costa Del Sol,MALAGA-COSTA DEL SOL,Malaga,999057,8295,198534,12.Diciembre_Definitivo_2017.xls,DICIEMBRE 2017
2017,12,2017-12,Melilla,MELILLA,Melilla,26799,616,11307,12.Diciembre_Definitivo_2017.xls,DICIEMBRE 2017
2017,12,2017-12,Menorca,MENORCA,Illes Balears,72837,920,89442,12.Diciembre_Definitivo_2017.xls,DICIEMBRE 2017
2017,12,2017-12,Murcia-San Javier,MURCIA-SAN JAVIER,Murcia,43293,325,0,12.Diciembre_Definitivo_2017.xls,DICIEMBRE 2017
2017,12,2017-12,Palma De Mallorca,PALMA DE MALLORCA,Illes Balears,806072,7440,762741,12.Diciembre_Definitivo_2017.xls,DICIEMBRE 2017
2017,12,2017-12,Pamplona,PAMPLONA,Navarra,14900,369,8,12.Diciembre_Definitivo_2017.xls,DICIEMBRE 2017
2017,12,2017-12,Reus,REUS,Tarragona,9002,642,0,12.Diciembre_Definitivo_2017.xls,DICIEMBRE 2017
2017,12,2017-12,Sabadell,SABADELL,Barcelona,417,2864,0,12.Diciembre_Definitivo_2017.xls,DICIEMBRE 2017
2017,12,2017-12,Salamanca,SALAMANCA,Salamanca,147,481,0,12.Diciembre_Definitivo_2017.xls,DICIEMBRE 2017
2017,12,2017-12,San Sebastian,SAN SEBASTIAN,Gipuzkoa,18764,472,0,12.Diciembre_Definitivo_2017.xls,DICIEMBRE 2017
2017,12,2017-12,Santiago,SANTIAGO,A Coruna,200986,1596,235495,12.Diciembre_Definitivo_2017.xls,DICIEMBRE 2017
2017,12,2017-12,Seve Ballesteros-Santander,SEVE BALLESTEROS-SANTANDER,Cantabria,70014,774,0,12.Diciembre_Definitivo_2017.xls,DICIEMBRE 2017
2017,12,2017-12,Sevilla,SEVILLA,Sevilla,444966,4155,1092311,12.Diciembre_Definitivo_2017.xls,DICIEMBRE 2017
2017,12,2017-12,Son Bonet,SON BONET,Illes Balears,93,541,0,12.Diciembre_Definitivo_2017.xls,DICIEMBRE 2017
2017,12,2017-12,Tenerife Norte,TENERIFE NORTE,Santa Cruz de Tenerife,422520,5897,1040866,12.Diciembre_Definitivo_2017.xls,DICIEMBRE 2017
2017,12,2017-12,Tenerife Sur,TENERIFE SUR,Santa Cruz de Tenerife,996220,6512,222599,12.Diciembre_Definitivo_2017.xls,DICIEMBRE 2017
2017,12,2017-12,Valencia,VALENCIA,Valencia,489373,5038,1050935,12.Diciembre_Definitivo_2017.xls,DICIEMBRE 2017
2017,12,2017-12,Valladolid,VALLADOLID,Valladolid,16351,242,5511,12.Diciembre_Definitivo_2017.xls,DICIEMBRE 2017
2017,12,2017-12,Vigo,VIGO,Pontevedra,71802,868,108915,12.Diciembre_Definitivo_2017.xls,DICIEMBRE 2017
2017,12,2017-12,Vitoria,VITORIA,Alava,13875,761,5099098,12.Diciembre_Definitivo_2017.xls,DICIEMBRE 2017
2017,12,2017-12,Zaragoza,ZARAGOZA,Zaragoza,31347,611,10633518,12.Diciembre_Definitivo_2017.xls,DICIEMBRE 2017
2018,12,2018-12,A Coruna,A CORUNA,A Coruna,91223,1216,18536,12.Diciembre_Definitivo_2018.xls,DICIEMBRE 2018
2018,12,2018-12,Adolfo Suarez Madrid-Barajas,ADOLFO SUAREZ MADRID-BARAJAS,Madrid,4569864,33050,46433819,12.Diciembre_Definitivo_2018.xls,DICIEMBRE 2018
2018,12,2018-12,Albacete,ALBACETE,Albacete,111,35,0,12.Diciembre_Definitivo_2018.xls,DICIEMBRE 2018
2018,12,2018-12,Algeciras-Helipuerto,ALGECIRAS-HELIPUERTO,Cadiz,2233,222,0,12.Diciembre_Definitivo_2018.xls,DICIEMBRE 2018
2018,12,2018-12,Alicante-Elche,ALICANTE-ELCHE,Alicante,827638,6321,321289,12.Diciembre_Definitivo_2018.xls,DICIEMBRE 2018
2018,12,2018-12,Almeria,ALMERIA,Almeria,37139,653,0,12.Diciembre_Definitivo_2018.xls,DICIEMBRE 2018
2018,12,2018-12,Asturias,ASTURIAS,Asturias,88113,725,3415,12.Diciembre_Definitivo_2018.xls,DICIEMBRE 2018
2018,12,2018-12,Badajoz,BADAJOZ,Badajoz,4224,161,0,12.Diciembre_Definitivo_2018.xls,DICIEMBRE 2018
2018,12,2018-12,Barcelona-El Prat J.T.,BARCELONA-EL PRAT J.T.,Barcelona,3498083,24901,14757904,12.Diciembre_Definitivo_2018.xls,DICIEMBRE 2018
2018,12,2018-12,Bilbao,BILBAO,Bizkaia,381906,3647,65669,12.Diciembre_Definitivo_2018.xls,DICIEMBRE 2018
2018,12,2018-12,Burgos,BURGOS,Burgos,599,108,1600,12.Diciembre_Definitivo_2018.xls,DICIEMBRE 2018
2018,12,2018-12,Ceuta-Helipuerto,CEUTA-HELIPUERTO,Ceuta,4628,463,0,12.Diciembre_Definitivo_2018.xls,DICIEMBRE 2018
2018,12,2018-12,Cordoba,CORDOBA,Cordoba,841,799,0,12.Diciembre_Definitivo_2018.xls,DICIEMBRE 2018
2018,12,2018-12,El Hierro,EL HIERRO,Santa Cruz de Tenerife,20372,438,5574,12.Diciembre_Definitivo_2018.xls,DICIEMBRE 2018
2018,12,2018-12,Fgl Granada-Jaen,FGL GRANADA-JAEN,Granada,97600,1126,0,12.Diciembre_Definitivo_2018.xls,DICIEMBRE 2018
2018,12,2018-12,Fuerteventura,FUERTEVENTURA,Las Palmas,470103,4237,70884,12.Diciembre_Definitivo_2018.xls,DICIEMBRE 2018
2018,12,2018-12,Girona,GIRONA,Girona,37306,552,2045,12.Diciembre_Definitivo_2018.xls,DICIEMBRE 2018
2018,12,2018-12,Gran Canaria,GRAN CANARIA,Las Palmas,1240139,11928,1743764,12.Diciembre_Definitivo_2018.xls,DICIEMBRE 2018
2018,12,2018-12,Huesca-Pirineos,HUESCA-PIRINEOS,Huesca,389,578,0,12.Diciembre_Definitivo_2018.xls,DICIEMBRE 2018
2018,12,2018-12,Ibiza,IBIZA,Illes Balears,197753,2369,84484,12.Diciembre_Definitivo_2018.xls,DICIEMBRE 2018
2018,12,2018-12,Jerez De La Frontera,JEREZ DE LA FRONTERA,Cadiz,49028,3351,0,12.Diciembre_Definitivo_2018.xls,DICIEMBRE 2018
2018,12,2018-12,La Gomera,LA GOMERA,Santa Cruz de Tenerife,4531,176,42,12.Diciembre_Definitivo_2018.xls,DICIEMBRE 2018
2018,12,2018-12,La Palma,LA PALMA,Santa Cruz de Tenerife,123599,1991,44134,12.Diciembre_Definitivo_2018.xls,DICIEMBRE 2018
2018,12,2018-12,Lanzarote Cesar Manrique,LANZAROTE CESAR MANRIQUE,Las Palmas,580478,5222,154180,12.Diciembre_Definitivo_2018.xls,DICIEMBRE 2018
2018,12,2018-12,Leon,LEON,Leon,3217,149,0,12.Diciembre_Definitivo_2018.xls,DICIEMBRE 2018
2018,12,2018-12,Logrono,LOGRONO,La Rioja,1888,105,0,12.Diciembre_Definitivo_2018.xls,DICIEMBRE 2018
2018,12,2018-12,Madrid-Cuatro Vientos,MADRID-CUATRO VIENTOS,Madrid,284,3272,0,12.Diciembre_Definitivo_2018.xls,DICIEMBRE 2018
2018,12,2018-12,Malaga-Costa Del Sol,MALAGA-COSTA DEL SOL,Malaga,1104945,9223,220645,12.Diciembre_Definitivo_2018.xls,DICIEMBRE 2018
2018,12,2018-12,Melilla,MELILLA,Melilla,28340,618,10029,12.Diciembre_Definitivo_2018.xls,DICIEMBRE 2018
2018,12,2018-12,Menorca,MENORCA,Illes Balears,81706,1117,80346,12.Diciembre_Definitivo_2018.xls,DICIEMBRE 2018
2018,12,2018-12,Murcia-San Javier,MURCIA-SAN JAVIER,Murcia,46710,412,0,12.Diciembre_Definitivo_2018.xls,DICIEMBRE 2018
2018,12,2018-12,Palma De Mallorca,PALMA DE MALLORCA,Illes Balears,972614,9144,615173,12.Diciembre_Definitivo_2018.xls,DICIEMBRE 2018
2018,12,2018-12,Pamplona,PAMPLONA,Navarra,14252,417,579,12.Diciembre_Definitivo_2018.xls,DICIEMBRE 2018
2018,12,2018-12,Reus,REUS,Tarragona,6763,1030,0,12.Diciembre_Definitivo_2018.xls,DICIEMBRE 2018
2018,12,2018-12,Sabadell,SABADELL,Barcelona,423,3618,0,12.Diciembre_Definitivo_2018.xls,DICIEMBRE 2018
2018,12,2018-12,Salamanca,SALAMANCA,Salamanca,160,399,0,12.Diciembre_Definitivo_2018.xls,DICIEMBRE 2018
2018,12,2018-12,San Sebastian,SAN SEBASTIAN,Gipuzkoa,18610,414,1293,12.Diciembre_Definitivo_2018.xls,DICIEMBRE 2018
2018,12,2018-12,Santiago,SANTIAGO,A Coruna,200407,1590,238782,12.Diciembre_Definitivo_2018.xls,DICIEMBRE 2018
2018,12,2018-12,Seve Ballesteros-Santander,SEVE BALLESTEROS-SANTANDER,Cantabria,81679,815,0,12.Diciembre_Definitivo_2018.xls,DICIEMBRE 2018
2018,12,2018-12,Sevilla,SEVILLA,Sevilla,542650,4918,702932,12.Diciembre_Definitivo_2018.xls,DICIEMBRE 2018
2018,12,2018-12,Son Bonet,SON BONET,Illes Balears,230,947,0,12.Diciembre_Definitivo_2018.xls,DICIEMBRE 2018
2018,12,2018-12,Tenerife Norte,TENERIFE NORTE,Santa Cruz de Tenerife,451033,6216,978749,12.Diciembre_Definitivo_2018.xls,DICIEMBRE 2018
2018,12,2018-12,Tenerife Sur,TENERIFE SUR,Santa Cruz de Tenerife,1009436,7022,232695,12.Diciembre_Definitivo_2018.xls,DICIEMBRE 2018
2018,12,2018-12,Valencia,VALENCIA,Valencia,566494,5683,1112660,12.Diciembre_Definitivo_2018.xls,DICIEMBRE 2018
2018,12,2018-12,Valladolid,VALLADOLID,Valladolid,18446,302,12432,12.Diciembre_Definitivo_2018.xls,DICIEMBRE 2018
2018,12,2018-12,Vigo,VIGO,Pontevedra,81678,817,103186,12.Diciembre_Definitivo_2018.xls,DICIEMBRE 2018
2018,12,2018-12,Vitoria,VITORIA,Alava,11094,748,4819983,12.Diciembre_Definitivo_2018.xls,DICIEMBRE 2018
2018,12,2018-12,Zaragoza,ZARAGOZA,Zaragoza,33862,621,10966374,12.Diciembre_Definitivo_2018.xls,DICIEMBRE 2018
2019,12,2019-12,A Coruna,A CORUNA,A Coruna,102758,1269,13981,12.Diciembre_Definitivo_2019.xls,DICIEMBRE 2019
2019,12,2019-12,Adolfo Suarez Madrid-Barajas,ADOLFO SUAREZ MADRID-BARAJAS,Madrid,4876926,34354,51357920,12.Diciembre_Definitivo_2019.xls,DICIEMBRE 2019
2019,12,2019-12,Aeropuerto Intl. Region Murcia,AEROPUERTO INTL. REGION MURCIA,Murcia,36896,353,0,12.Diciembre_Definitivo_2019.xls,DICIEMBRE 2019
2019,12,2019-12,Albacete,ALBACETE,Albacete,93,50,0,12.Diciembre_Definitivo_2019.xls,DICIEMBRE 2019
2019,12,2019-12,Algeciras-Helipuerto,ALGECIRAS-HELIPUERTO,Cadiz,3064,288,0,12.Diciembre_Definitivo_2019.xls,DICIEMBRE 2019
2019,12,2019-12,Alicante-Elche,ALICANTE-ELCHE,Alicante,873625,6397,358122,12.Diciembre_Definitivo_2019.xls,DICIEMBRE 2019
2019,12,2019-12,Almeria,ALMERIA,Almeria,35095,626,0,12.Diciembre_Definitivo_2019.xls,DICIEMBRE 2019
2019,12,2019-12,Asturias,ASTURIAS,Asturias,103432,1034,1280,12.Diciembre_Definitivo_2019.xls,DICIEMBRE 2019
2019,12,2019-12,Badajoz,BADAJOZ,Badajoz,7808,235,0,12.Diciembre_Definitivo_2019.xls,DICIEMBRE 2019
2019,12,2019-12,Barcelona-El Prat J.T.,BARCELONA-EL PRAT J.T.,Barcelona,3667408,25151,15307863,12.Diciembre_Definitivo_2019.xls,DICIEMBRE 2019
2019,12,2019-12,Bilbao,BILBAO,Bizkaia,397526,3578,76254,12.Diciembre_Definitivo_2019.xls,DICIEMBRE 2019
2019,12,2019-12,Burgos,BURGOS,Burgos,1481,394,528,12.Diciembre_Definitivo_2019.xls,DICIEMBRE 2019
2019,12,2019-12,Ceuta-Helipuerto,CEUTA-HELIPUERTO,Ceuta,6098,592,0,12.Diciembre_Definitivo_2019.xls,DICIEMBRE 2019
2019,12,2019-12,Cordoba,CORDOBA,Cordoba,783,921,0,12.Diciembre_Definitivo_2019.xls,DICIEMBRE 2019
2019,12,2019-12,El Hierro,EL HIERRO,Santa Cruz de Tenerife,23114,496,5959,12.Diciembre_Definitivo_2019.xls,DICIEMBRE 2019
2019,12,2019-12,Fgl Granada-Jaen,FGL GRANADA-JAEN,Granada,101750,1024,0,12.Diciembre_Definitivo_2019.xls,DICIEMBRE 2019
2019,12,2019-12,Fuerteventura,FUERTEVENTURA,Las Palmas,448011,3917,61901,12.Diciembre_Definitivo_2019.xls,DICIEMBRE 2019
2019,12,2019-12,Girona-Costa Brava,GIRONA-COSTA BRAVA,Girona,37665,974,8737,12.Diciembre_Definitivo_2019.xls,DICIEMBRE 2019
2019,12,2019-12,Gran Canaria,GRAN CANARIA,Las Palmas,1219997,11259,2137002,12.Diciembre_Definitivo_2019.xls,DICIEMBRE 2019
2019,12,2019-12,Huesca-Pirineos,HUESCA-PIRINEOS,Huesca,4,504,0,12.Diciembre_Definitivo_2019.xls,DICIEMBRE 2019
2019,12,2019-12,Ibiza,IBIZA,Illes Balears,203767,2315,89422,12.Diciembre_Definitivo_2019.xls,DICIEMBRE 2019
2019,12,2019-12,Jerez De La Frontera,JEREZ DE LA FRONTERA,Cadiz,42817,2812,23,12.Diciembre_Definitivo_2019.xls,DICIEMBRE 2019
2019,12,2019-12,La Gomera,LA GOMERA,Santa Cruz de Tenerife,5433,162,82,12.Diciembre_Definitivo_2019.xls,DICIEMBRE 2019
2019,12,2019-12,La Palma,LA PALMA,Santa Cruz de Tenerife,129403,1909,37687,12.Diciembre_Definitivo_2019.xls,DICIEMBRE 2019
2019,12,2019-12,Lanzarote-Cesar Manrique,LANZAROTE-CESAR MANRIQUE,Las Palmas,573578,4993,121302,12.Diciembre_Definitivo_2019.xls,DICIEMBRE 2019
2019,12,2019-12,Leon,LEON,Leon,4749,140,0,12.Diciembre_Definitivo_2019.xls,DICIEMBRE 2019
2019,12,2019-12,Logrono,LOGRONO,La Rioja,1378,66,0,12.Diciembre_Definitivo_2019.xls,DICIEMBRE 2019
2019,12,2019-12,Madrid-Cuatro Vientos,MADRID-CUATRO VIENTOS,Madrid,166,3461,0,12.Diciembre_Definitivo_2019.xls,DICIEMBRE 2019
2019,12,2019-12,Malaga-Costa Del Sol,MALAGA-COSTA DEL SOL,Malaga,1136687,9025,238313,12.Diciembre_Definitivo_2019.xls,DICIEMBRE 2019
2019,12,2019-12,Melilla,MELILLA,Melilla,35991,746,10527,12.Diciembre_Definitivo_2019.xls,DICIEMBRE 2019
2019,12,2019-12,Menorca,MENORCA,Illes Balears,86434,1079,108846,12.Diciembre_Definitivo_2019.xls,DICIEMBRE 2019
2019,12,2019-12,Murcia-San Javier,MURCIA-SAN JAVIER,Murcia,0,0,0,12.Diciembre_Definitivo_2019.xls,DICIEMBRE 2019
2019,12,2019-12,Palma De Mallorca,PALMA DE MALLORCA,Illes Balears,952356,8506,642527,12.Diciembre_Definitivo_2019.xls,DICIEMBRE 2019
2019,12,2019-12,Pamplona,PAMPLONA,Navarra,19324,413,1,12.Diciembre_Definitivo_2019.xls,DICIEMBRE 2019
2019,12,2019-12,Reus,REUS,Tarragona,2511,628,0,12.Diciembre_Definitivo_2019.xls,DICIEMBRE 2019
2019,12,2019-12,Sabadell,SABADELL,Barcelona,340,3499,0,12.Diciembre_Definitivo_2019.xls,DICIEMBRE 2019
2019,12,2019-12,Salamanca,SALAMANCA,Salamanca,499,420,0,12.Diciembre_Definitivo_2019.xls,DICIEMBRE 2019
2019,12,2019-12,San Sebastian,SAN SEBASTIAN,Gipuzkoa,20954,395,200,12.Diciembre_Definitivo_2019.xls,DICIEMBRE 2019
2019,12,2019-12,Santiago-Rosalia De Castro,SANTIAGO-ROSALIA DE CASTRO,A Coruna,209430,1591,279836,12.Diciembre_Definitivo_2019.xls,DICIEMBRE 2019
2019,12,2019-12,Seve Ballesteros-Santander,SEVE BALLESTEROS-SANTANDER,Cantabria,87669,863,1,12.Diciembre_Definitivo_2019.xls,DICIEMBRE 2019
2019,12,2019-12,Sevilla,SEVILLA,Sevilla,586189,4915,898865,12.Diciembre_Definitivo_2019.xls,DICIEMBRE 2019
2019,12,2019-12,Son Bonet,SON BONET,Illes Balears,93,714,0,12.Diciembre_Definitivo_2019.xls,DICIEMBRE 2019
2019,12,2019-12,Tenerife Norte-C. La Laguna,TENERIFE NORTE-C. LA LAGUNA,Santa Cruz de Tenerife,486989,6326,1067742,12.Diciembre_Definitivo_2019.xls,DICIEMBRE 2019
2019,12,2019-12,Tenerife-Sur,TENERIFE-SUR,Santa Cruz de Tenerife,991251,6439,219867,12.Diciembre_Definitivo_2019.xls,DICIEMBRE 2019
2019,12,2019-12,Valencia,VALENCIA,Valencia,596145,5607,1153304,12.Diciembre_Definitivo_2019.xls,DICIEMBRE 2019
2019,12,2019-12,Valladolid,VALLADOLID,Valladolid,14427,190,2234,12.Diciembre_Definitivo_2019.xls,DICIEMBRE 2019
2019,12,2019-12,Vigo,VIGO,Pontevedra,67748,795,47998,12.Diciembre_Definitivo_2019.xls,DICIEMBRE 2019
2019,12,2019-12,Vitoria,VITORIA,Alava,11410,784,5467061,12.Diciembre_Definitivo_2019.xls,DICIEMBRE 2019
2019,12,2019-12,Zaragoza,ZARAGOZA,Zaragoza,36937,739,15908219,12.Diciembre_Definitivo_2019.xls,DICIEMBRE 2019
2020,12,2020-12,A Coruna,A CORUNA,A Coruna,26453,761,11208,12.Diciembre_Definitivo_2020.xls,DICIEMBRE 2020
2020,12,2020-12,Adolfo Suarez Madrid-Barajas,ADOLFO SUAREZ MADRID-BARAJAS,Madrid,988144,12191,39598986,12.Diciembre_Definitivo_2020.xls,DICIEMBRE 2020
2020,12,2020-12,Aeropuerto Intl. Region Murcia,AEROPUERTO INTL. REGION MURCIA,Murcia,2313,80,0,12.Diciembre_Definitivo_2020.xls,DICIEMBRE 2020
2020,12,2020-12,Albacete,ALBACETE,Albacete,350,42,0,12.Diciembre_Definitivo_2020.xls,DICIEMBRE 2020
2020,12,2020-12,Algeciras-Helipuerto,ALGECIRAS-HELIPUERTO,Cadiz,1759,176,0,12.Diciembre_Definitivo_2020.xls,DICIEMBRE 2020
2020,12,2020-12,Alicante-Elche Miguel Hdez.,ALICANTE-ELCHE MIGUEL HDEZ.,Alicante,126143,1808,369744,12.Diciembre_Definitivo_2020.xls,DICIEMBRE 2020
2020,12,2020-12,Almeria,ALMERIA,Almeria,12097,492,0,12.Diciembre_Definitivo_2020.xls,DICIEMBRE 2020
2020,12,2020-12,Asturias,ASTURIAS,Asturias,25330,434,8689,12.Diciembre_Definitivo_2020.xls,DICIEMBRE 2020
2020,12,2020-12,Badajoz,BADAJOZ,Badajoz,1999,94,0,12.Diciembre_Definitivo_2020.xls,DICIEMBRE 2020
2020,12,2020-12,Barcelona-El Prat J.T.,BARCELONA-EL PRAT J.T.,Barcelona,541358,7152,10216150,12.Diciembre_Definitivo_2020.xls,DICIEMBRE 2020
2020,12,2020-12,Bilbao,BILBAO,Bizkaia,72786,1165,29025,12.Diciembre_Definitivo_2020.xls,DICIEMBRE 2020
2020,12,2020-12,Burgos,BURGOS,Burgos,383,403,0,12.Diciembre_Definitivo_2020.xls,DICIEMBRE 2020
2020,12,2020-12,Ceuta-Helipuerto,CEUTA-HELIPUERTO,Ceuta,3464,368,0,12.Diciembre_Definitivo_2020.xls,DICIEMBRE 2020
2020,12,2020-12,Cordoba,CORDOBA,Cordoba,348,757,0,12.Diciembre_Definitivo_2020.xls,DICIEMBRE 2020
2020,12,2020-12,El Hierro,EL HIERRO,Santa Cruz de Tenerife,15137,382,4763,12.Diciembre_Definitivo_2020.xls,DICIEMBRE 2020
2020,12,2020-12,Fgl Granada-Jaen,FGL GRANADA-JAEN,Granada,20050,576,0,12.Diciembre_Definitivo_2020.xls,DICIEMBRE 2020
2020,12,2020-12,Fuerteventura,FUERTEVENTURA,Las Palmas,137624,2131,37263,12.Diciembre_Definitivo_2020.xls,DICIEMBRE 2020
2020,12,2020-12,Girona-Costa Brava,GIRONA-COSTA BRAVA,Girona,1092,719,21907,12.Diciembre_Definitivo_2020.xls,DICIEMBRE 2020
2020,12,2020-12,Gran Canaria,GRAN CANARIA,Las Palmas,349148,5747,1276643,12.Diciembre_Definitivo_2020.xls,DICIEMBRE 2020
2020,12,2020-12,Huesca-Pirineos,HUESCA-PIRINEOS,Huesca,188,83,0,12.Diciembre_Definitivo_2020.xls,DICIEMBRE 2020
2020,12,2020-12,Ibiza,IBIZA,Illes Balears,82530,1601,82861,12.Diciembre_Definitivo_2020.xls,DICIEMBRE 2020
2020,12,2020-12,Jerez De La Frontera,JEREZ DE LA FRONTERA,Cadiz,10822,1686,0,12.Diciembre_Definitivo_2020.xls,DICIEMBRE 2020
2020,12,2020-12,La Gomera,LA GOMERA,Santa Cruz de Tenerife,4804,172,171,12.Diciembre_Definitivo_2020.xls,DICIEMBRE 2020
2020,12,2020-12,La Palma,LA PALMA,Santa Cruz de Tenerife,54613,1221,24875,12.Diciembre_Definitivo_2020.xls,DICIEMBRE 2020
2020,12,2020-12,Lanzarote-Cesar Manrique,LANZAROTE-CESAR MANRIQUE,Las Palmas,163664,2718,52223,12.Diciembre_Definitivo_2020.xls,DICIEMBRE 2020
2020,12,2020-12,Leon,LEON,Leon,1334,151,0,12.Diciembre_Definitivo_2020.xls,DICIEMBRE 2020
2020,12,2020-12,Logrono,LOGRONO,La Rioja,314,28,0,12.Diciembre_Definitivo_2020.xls,DICIEMBRE 2020
2020,12,2020-12,Madrid-Cuatro Vientos,MADRID-CUATRO VIENTOS,Madrid,78,3371,0,12.Diciembre_Definitivo_2020.xls,DICIEMBRE 2020
2020,12,2020-12,Malaga-Costa Del Sol,MALAGA-COSTA DEL SOL,Malaga,208235,3473,46366,12.Diciembre_Definitivo_2020.xls,DICIEMBRE 2020
2020,12,2020-12,Melilla,MELILLA,Melilla,20323,479,554,12.Diciembre_Definitivo_2020.xls,DICIEMBRE 2020
2020,12,2020-12,Menorca,MENORCA,Illes Balears,38873,780,87685,12.Diciembre_Definitivo_2020.xls,DICIEMBRE 2020
2020,12,2020-12,Palma De Mallorca,PALMA DE MALLORCA,Illes Balears,243585,4277,568516,12.Diciembre_Definitivo_2020.xls,DICIEMBRE 2020
2020,12,2020-12,Pamplona,PAMPLONA,Navarra,6067,334,0,12.Diciembre_Definitivo_2020.xls,DICIEMBRE 2020
2020,12,2020-12,Reus,REUS,Tarragona,396,694,0,12.Diciembre_Definitivo_2020.xls,DICIEMBRE 2020
2020,12,2020-12,Sabadell,SABADELL,Barcelona,369,3646,0,12.Diciembre_Definitivo_2020.xls,DICIEMBRE 2020
2020,12,2020-12,Salamanca,SALAMANCA,Salamanca,222,382,0,12.Diciembre_Definitivo_2020.xls,DICIEMBRE 2020
2020,12,2020-12,San Sebastian,SAN SEBASTIAN,Gipuzkoa,5556,133,0,12.Diciembre_Definitivo_2020.xls,DICIEMBRE 2020
2020,12,2020-12,Santiago-Rosalia De Castro,SANTIAGO-ROSALIA DE CASTRO,A Coruna,53629,743,407855,12.Diciembre_Definitivo_2020.xls,DICIEMBRE 2020
2020,12,2020-12,Seve Ballesteros-Santander,SEVE BALLESTEROS-SANTANDER,Cantabria,10402,295,0,12.Diciembre_Definitivo_2020.xls,DICIEMBRE 2020
2020,12,2020-12,Sevilla,SEVILLA,Sevilla,87838,2021,888272,12.Diciembre_Definitivo_2020.xls,DICIEMBRE 2020
2020,12,2020-12,Son Bonet,SON BONET,Illes Balears,221,655,0,12.Diciembre_Definitivo_2020.xls,DICIEMBRE 2020
2020,12,2020-12,Tenerife Norte-C. La Laguna,TENERIFE NORTE-C. LA LAGUNA,Santa Cruz de Tenerife,191181,3900,874541,12.Diciembre_Definitivo_2020.xls,DICIEMBRE 2020
2020,12,2020-12,Tenerife-Sur,TENERIFE-SUR,Santa Cruz de Tenerife,180767,2568,57482,12.Diciembre_Definitivo_2020.xls,DICIEMBRE 2020
2020,12,2020-12,Valencia,VALENCIA,Valencia,93598,2217,1130780,12.Diciembre_Definitivo_2020.xls,DICIEMBRE 2020
2020,12,2020-12,Valladolid,VALLADOLID,Valladolid,3063,138,964,12.Diciembre_Definitivo_2020.xls,DICIEMBRE 2020
2020,12,2020-12,Vigo,VIGO,Pontevedra,21202,432,45310,12.Diciembre_Definitivo_2020.xls,DICIEMBRE 2020
2020,12,2020-12,Vitoria,VITORIA,Alava,2017,917,6527330,12.Diciembre_Definitivo_2020.xls,DICIEMBRE 2020
2020,12,2020-12,Zaragoza,ZARAGOZA,Zaragoza,6384,523,12026762,12.Diciembre_Definitivo_2020.xls,DICIEMBRE 2020
2021,12,2021-12,A Coruna,A CORUNA,A Coruna,60991,958,10816,12_Diciembre_Definitivo_2021.xls,DICIEMBRE 2021
2021,12,2021-12,Adolfo Suarez Madrid-Barajas,ADOLFO SUAREZ MADRID-BARAJAS,Madrid,3071009,25365,52700050,12_Diciembre_Definitivo_2021.xls,DICIEMBRE 2021
2021,12,2021-12,Aeropuerto Intl. Region Murcia,AEROPUERTO INTL. REGION MURCIA,Murcia,19326,282,0,12_Diciembre_Definitivo_2021.xls,DICIEMBRE 2021
2021,12,2021-12,Albacete,ALBACETE,Albacete,106,62,0,12_Diciembre_Definitivo_2021.xls,DICIEMBRE 2021
2021,12,2021-12,Algeciras-Helipuerto,ALGECIRAS-HELIPUERTO,Cadiz,3594,352,0,12_Diciembre_Definitivo_2021.xls,DICIEMBRE 2021
2021,12,2021-12,Alicante-Elche Miguel Hdez.,ALICANTE-ELCHE MIGUEL HDEZ.,Alicante,558406,5347,400074,12_Diciembre_Definitivo_2021.xls,DICIEMBRE 2021
2021,12,2021-12,Almeria,ALMERIA,Almeria,24085,523,0,12_Diciembre_Definitivo_2021.xls,DICIEMBRE 2021
2021,12,2021-12,Asturias,ASTURIAS,Asturias,92838,864,760,12_Diciembre_Definitivo_2021.xls,DICIEMBRE 2021
2021,12,2021-12,Badajoz,BADAJOZ,Badajoz,4587,161,0,12_Diciembre_Definitivo_2021.xls,DICIEMBRE 2021
2021,12,2021-12,Barcelona-El Prat J.T.,BARCELONA-EL PRAT J.T.,Barcelona,2255924,19446,13675186,12_Diciembre_Definitivo_2021.xls,DICIEMBRE 2021
2021,12,2021-12,Bilbao,BILBAO,Bizkaia,276405,2922,49410,12_Diciembre_Definitivo_2021.xls,DICIEMBRE 2021
2021,12,2021-12,Burgos,BURGOS,Burgos,468,598,0,12_Diciembre_Definitivo_2021.xls,DICIEMBRE 2021
2021,12,2021-12,Ceuta-Helipuerto,CEUTA-HELIPUERTO,Ceuta,6416,614,0,12_Diciembre_Definitivo_2021.xls,DICIEMBRE 2021
2021,12,2021-12,Cordoba,CORDOBA,Cordoba,141,599,0,12_Diciembre_Definitivo_2021.xls,DICIEMBRE 2021
2021,12,2021-12,El Hierro,EL HIERRO,Santa Cruz de Tenerife,19316,460,5187,12_Diciembre_Definitivo_2021.xls,DICIEMBRE 2021
2021,12,2021-12,Fgl Granada-Jaen,FGL GRANADA-JAEN,Granada,62829,957,0,12_Diciembre_Definitivo_2021.xls,DICIEMBRE 2021
2021,12,2021-12,Fuerteventura,FUERTEVENTURA,Las Palmas,390196,4317,39840,12_Diciembre_Definitivo_2021.xls,DICIEMBRE 2021
2021,12,2021-12,Girona-Costa Brava,GIRONA-COSTA BRAVA,Girona,14316,980,8812,12_Diciembre_Definitivo_2021.xls,DICIEMBRE 2021
2021,12,2021-12,Gran Canaria,GRAN CANARIA,Las Palmas,989723,10615,1620860,12_Diciembre_Definitivo_2021.xls,DICIEMBRE 2021
2021,12,2021-12,Huesca-Pirineos,HUESCA-PIRINEOS,Huesca,13,47,0,12_Diciembre_Definitivo_2021.xls,DICIEMBRE 2021
2021,12,2021-12,Ibiza,IBIZA,Illes Balears,187896,2671,79308,12_Diciembre_Definitivo_2021.xls,DICIEMBRE 2021
2021,12,2021-12,Jerez De La Frontera,JEREZ DE LA FRONTERA,Cadiz,30703,1899,81,12_Diciembre_Definitivo_2021.xls,DICIEMBRE 2021
2021,12,2021-12,La Gomera,LA GOMERA,Santa Cruz de Tenerife,6092,302,238,12_Diciembre_Definitivo_2021.xls,DICIEMBRE 2021
2021,12,2021-12,La Palma,LA PALMA,Santa Cruz de Tenerife,59902,1082,21497,12_Diciembre_Definitivo_2021.xls,DICIEMBRE 2021
2021,12,2021-12,Lanzarote-Cesar Manrique,LANZAROTE-CESAR MANRIQUE,Las Palmas,461616,5170,69719,12_Diciembre_Definitivo_2021.xls,DICIEMBRE 2021
2021,12,2021-12,Leon,LEON,Leon,3336,156,0,12_Diciembre_Definitivo_2021.xls,DICIEMBRE 2021
2021,12,2021-12,Logrono,LOGRONO,La Rioja,1078,48,0,12_Diciembre_Definitivo_2021.xls,DICIEMBRE 2021
2021,12,2021-12,Madrid-Cuatro Vientos,MADRID-CUATRO VIENTOS,Madrid,120,3525,0,12_Diciembre_Definitivo_2021.xls,DICIEMBRE 2021
2021,12,2021-12,Malaga-Costa Del Sol,MALAGA-COSTA DEL SOL,Malaga,816628,8726,105891,12_Diciembre_Definitivo_2021.xls,DICIEMBRE 2021
2021,12,2021-12,Melilla,MELILLA,Melilla,33878,716,1090,12_Diciembre_Definitivo_2021.xls,DICIEMBRE 2021
2021,12,2021-12,Menorca,MENORCA,Illes Balears,82436,1257,75125,12_Diciembre_Definitivo_2021.xls,DICIEMBRE 2021
2021,12,2021-12,Palma De Mallorca,PALMA DE MALLORCA,Illes Balears,742885,8292,598609,12_Diciembre_Definitivo_2021.xls,DICIEMBRE 2021
2021,12,2021-12,Pamplona,PAMPLONA,Navarra,11704,249,0,12_Diciembre_Definitivo_2021.xls,DICIEMBRE 2021
2021,12,2021-12,Reus,REUS,Tarragona,249,809,0,12_Diciembre_Definitivo_2021.xls,DICIEMBRE 2021
2021,12,2021-12,Sabadell,SABADELL,Barcelona,429,3251,0,12_Diciembre_Definitivo_2021.xls,DICIEMBRE 2021
2021,12,2021-12,Salamanca,SALAMANCA,Salamanca,240,383,0,12_Diciembre_Definitivo_2021.xls,DICIEMBRE 2021
2021,12,2021-12,San Sebastian,SAN SEBASTIAN,Gipuzkoa,17404,274,0,12_Diciembre_Definitivo_2021.xls,DICIEMBRE 2021
2021,12,2021-12,Santiago-Rosalia De Castro,SANTIAGO-ROSALIA DE CASTRO,A Coruna,179883,1591,441439,12_Diciembre_Definitivo_2021.xls,DICIEMBRE 2021
2021,12,2021-12,Seve Ballesteros-Santander,SEVE BALLESTEROS-SANTANDER,Cantabria,57221,756,0,12_Diciembre_Definitivo_2021.xls,DICIEMBRE 2021
2021,12,2021-12,Sevilla,SEVILLA,Sevilla,434652,4523,921529,12_Diciembre_Definitivo_2021.xls,DICIEMBRE 2021
2021,12,2021-12,Son Bonet,SON BONET,Illes Balears,315,781,0,12_Diciembre_Definitivo_2021.xls,DICIEMBRE 2021
2021,12,2021-12,Tenerife Norte-C. La Laguna,TENERIFE NORTE-C. LA LAGUNA,Santa Cruz de Tenerife,397867,5306,1182881,12_Diciembre_Definitivo_2021.xls,DICIEMBRE 2021
2021,12,2021-12,Tenerife-Sur,TENERIFE-SUR,Santa Cruz de Tenerife,762865,6667,102631,12_Diciembre_Definitivo_2021.xls,DICIEMBRE 2021
2021,12,2021-12,Valencia,VALENCIA,Valencia,457285,4986,1166354,12_Diciembre_Definitivo_2021.xls,DICIEMBRE 2021
2021,12,2021-12,Valladolid,VALLADOLID,Valladolid,12764,271,954,12_Diciembre_Definitivo_2021.xls,DICIEMBRE 2021
2021,12,2021-12,Vigo,VIGO,Pontevedra,56552,807,49975,12_Diciembre_Definitivo_2021.xls,DICIEMBRE 2021
2021,12,2021-12,Vitoria,VITORIA,Alava,14943,1052,6239084,12_Diciembre_Definitivo_2021.xls,DICIEMBRE 2021
2021,12,2021-12,Zaragoza,ZARAGOZA,Zaragoza,39481,918,15745975,12_Diciembre_Definitivo_2021.xls,DICIEMBRE 2021
2022,1,2022-01,A Coruna,A CORUNA,A Coruna,46800,933,6520,01_Enero_Definitivo_2022.xlsx,ENERO 2022
2022,1,2022-01,Adolfo Suarez Madrid-Barajas,ADOLFO SUAREZ MADRID-BARAJAS,Madrid,2690397,23938,42578804,01_Enero_Definitivo_2022.xlsx,ENERO 2022
2022,1,2022-01,Aeropuerto Intl. Region Murcia,AEROPUERTO INTL. REGION MURCIA,Murcia,13600,176,0,01_Enero_Definitivo_2022.xlsx,ENERO 2022
2022,1,2022-01,Albacete,ALBACETE,Albacete,56,63,0,01_Enero_Definitivo_2022.xlsx,ENERO 2022
2022,1,2022-01,Algeciras-Helipuerto,ALGECIRAS-HELIPUERTO,Cadiz,3096,296,0,01_Enero_Definitivo_2022.xlsx,ENERO 2022
2022,1,2022-01,Alicante-Elche Miguel Hdez.,ALICANTE-ELCHE MIGUEL HDEZ.,Alicante,473295,4248,341185,01_Enero_Definitivo_2022.xlsx,ENERO 2022
2022,1,2022-01,Almeria,ALMERIA,Almeria,17240,475,0,01_Enero_Definitivo_2022.xlsx,ENERO 2022
2022,1,2022-01,Asturias,ASTURIAS,Asturias,63055,691,748,01_Enero_Definitivo_2022.xlsx,ENERO 2022
2022,1,2022-01,Badajoz,BADAJOZ,Badajoz,3539,163,0,01_Enero_Definitivo_2022.xlsx,ENERO 2022
2022,1,2022-01,Barcelona-El Prat J.T.,BARCELONA-EL PRAT J.T.,Barcelona,1701578,15568,10786435,01_Enero_Definitivo_2022.xlsx,ENERO 2022
2022,1,2022-01,Bilbao,BILBAO,Bizkaia,183141,2229,52598,01_Enero_Definitivo_2022.xlsx,ENERO 2022
2022,1,2022-01,Burgos,BURGOS,Burgos,151,1392,0,01_Enero_Definitivo_2022.xlsx,ENERO 2022
2022,1,2022-01,Ceuta-Helipuerto,CEUTA-HELIPUERTO,Ceuta,5633,575,0,01_Enero_Definitivo_2022.xlsx,ENERO 2022
2022,1,2022-01,Cordoba,CORDOBA,Cordoba,317,1096,0,01_Enero_Definitivo_2022.xlsx,ENERO 2022
2022,1,2022-01,El Hierro,EL HIERRO,Santa Cruz de Tenerife,16035,386,5794,01_Enero_Definitivo_2022.xlsx,ENERO 2022
2022,1,2022-01,Fgl Granada-Jaen,FGL GRANADA-JAEN,Granada,46218,860,0,01_Enero_Definitivo_2022.xlsx,ENERO 2022
2022,1,2022-01,Fuerteventura,FUERTEVENTURA,Las Palmas,328655,3519,29059,01_Enero_Definitivo_2022.xlsx,ENERO 2022
2022,1,2022-01,Girona-Costa Brava,GIRONA-COSTA BRAVA,Girona,10566,1153,12627,01_Enero_Definitivo_2022.xlsx,ENERO 2022
2022,1,2022-01,Gran Canaria,GRAN CANARIA,Las Palmas,845605,9555,1324395,01_Enero_Definitivo_2022.xlsx,ENERO 2022
2022,1,2022-01,Huesca-Pirineos,HUESCA-PIRINEOS,Huesca,106,124,0,01_Enero_Definitivo_2022.xlsx,ENERO 2022
2022,1,2022-01,Ibiza,IBIZA,Illes Balears,144202,2284,70316,01_Enero_Definitivo_2022.xlsx,ENERO 2022
2022,1,2022-01,Jerez De La Frontera,JEREZ DE LA FRONTERA,Cadiz,21249,2572,0,01_Enero_Definitivo_2022.xlsx,ENERO 2022
2022,1,2022-01,La Gomera,LA GOMERA,Santa Cruz de Tenerife,5162,248,298,01_Enero_Definitivo_2022.xlsx,ENERO 2022
2022,1,2022-01,La Palma,LA PALMA,Santa Cruz de Tenerife,58516,1266,21261,01_Enero_Definitivo_2022.xlsx,ENERO 2022
2022,1,2022-01,Lanzarote-Cesar Manrique,LANZAROTE-CESAR MANRIQUE,Las Palmas,406115,4351,50364,01_Enero_Definitivo_2022.xlsx,ENERO 2022
2022,1,2022-01,Leon,LEON,Leon,1764,226,0,01_Enero_Definitivo_2022.xlsx,ENERO 2022
2022,1,2022-01,Logrono,LOGRONO,La Rioja,349,56,0,01_Enero_Definitivo_2022.xlsx,ENERO 2022
2022,1,2022-01,Madrid-Cuatro Vientos,MADRID-CUATRO VIENTOS,Madrid,176,5089,0,01_Enero_Definitivo_2022.xlsx,ENERO 2022
2022,1,2022-01,Malaga-Costa Del Sol,MALAGA-COSTA DEL SOL,Malaga,696049,7684,91008,01_Enero_Definitivo_2022.xlsx,ENERO 2022
2022,1,2022-01,Melilla,MELILLA,Melilla,27858,667,1087,01_Enero_Definitivo_2022.xlsx,ENERO 2022
2022,1,2022-01,Menorca,MENORCA,Illes Balears,59194,1058,61560,01_Enero_Definitivo_2022.xlsx,ENERO 2022
2022,1,2022-01,Murcia-San Javier,MURCIA-SAN JAVIER,Murcia,0,0,0,01_Enero_Definitivo_2022.xlsx,ENERO 2022
2022,1,2022-01,Palma De Mallorca,PALMA DE MALLORCA,Illes Balears,559675,6941,476360,01_Enero_Definitivo_2022.xlsx,ENERO 2022
2022,1,2022-01,Pamplona,PAMPLONA,Navarra,10455,512,0,01_Enero_Definitivo_2022.xlsx,ENERO 2022
2022,1,2022-01,Reus,REUS,Tarragona,247,1215,0,01_Enero_Definitivo_2022.xlsx,ENERO 2022
2022,1,2022-01,Sabadell,SABADELL,Barcelona,552,4033,0,01_Enero_Definitivo_2022.xlsx,ENERO 2022
2022,1,2022-01,Salamanca,SALAMANCA,Salamanca,166,676,0,01_Enero_Definitivo_2022.xlsx,ENERO 2022
2022,1,2022-01,San Sebastian,SAN SEBASTIAN,Gipuzkoa,14146,277,0,01_Enero_Definitivo_2022.xlsx,ENERO 2022
2022,1,2022-01,Santiago-Rosalia De Castro,SANTIAGO-ROSALIA DE CASTRO,A Coruna,130796,1293,354563,01_Enero_Definitivo_2022.xlsx,ENERO 2022
2022,1,2022-01,Seve Ballesteros-Santander,SEVE BALLESTEROS-SANTANDER,Cantabria,39784,735,0,01_Enero_Definitivo_2022.xlsx,ENERO 2022
2022,1,2022-01,Sevilla,SEVILLA,Sevilla,321034,3881,733925,01_Enero_Definitivo_2022.xlsx,ENERO 2022
2022,1,2022-01,Son Bonet,SON BONET,Illes Balears,492,1136,0,01_Enero_Definitivo_2022.xlsx,ENERO 2022
2022,1,2022-01,Tenerife Norte-C. La Laguna,TENERIFE NORTE-C. LA LAGUNA,Santa Cruz de Tenerife,316615,4761,1039832,01_Enero_Definitivo_2022.xlsx,ENERO 2022
2022,1,2022-01,Tenerife-Sur,TENERIFE-SUR,Santa Cruz de Tenerife,716386,6144,86365,01_Enero_Definitivo_2022.xlsx,ENERO 2022
2022,1,2022-01,Valencia,VALENCIA,Valencia,338311,4188,1024189,01_Enero_Definitivo_2022.xlsx,ENERO 2022
2022,1,2022-01,Valladolid,VALLADOLID,Valladolid,6999,471,0,01_Enero_Definitivo_2022.xlsx,ENERO 2022
2022,1,2022-01,Vigo,VIGO,Pontevedra,42423,868,132568,01_Enero_Definitivo_2022.xlsx,ENERO 2022
2022,1,2022-01,Vitoria,VITORIA,Alava,9255,1028,5451555,01_Enero_Definitivo_2022.xlsx,ENERO 2022
2022,1,2022-01,Zaragoza,ZARAGOZA,Zaragoza,26274,763,12027585,01_Enero_Definitivo_2022.xlsx,ENERO 2022
2023,1,2023-01,A Coruna,A CORUNA,A Coruna,82624,1104,6925,01_Enero_Definitivo_2023.xlsx,ENERO 2023
2023,1,2023-01,Adolfo Suarez Madrid-Barajas,ADOLFO SUAREZ MADRID-BARAJAS,Madrid,4433339,30333,44236772,01_Enero_Definitivo_2023.xlsx,ENERO 2023
2023,1,2023-01,Aeropuerto Intl. Region Murcia,AEROPUERTO INTL. REGION MURCIA,Murcia,22171,240,0,01_Enero_Definitivo_2023.xlsx,ENERO 2023
2023,1,2023-01,Albacete,ALBACETE,Albacete,71,71,0,01_Enero_Definitivo_2023.xlsx,ENERO 2023
2023,1,2023-01,Algeciras-Helipuerto,ALGECIRAS-HELIPUERTO,Cadiz,3077,268,0,01_Enero_Definitivo_2023.xlsx,ENERO 2023
2023,1,2023-01,Alicante-Elche Miguel Hdez.,ALICANTE-ELCHE MIGUEL HDEZ.,Alicante,795148,5443,370570,01_Enero_Definitivo_2023.xlsx,ENERO 2023
2023,1,2023-01,Almeria,ALMERIA,Almeria,25565,788,0,01_Enero_Definitivo_2023.xlsx,ENERO 2023
2023,1,2023-01,Asturias,ASTURIAS,Asturias,115356,964,1399,01_Enero_Definitivo_2023.xlsx,ENERO 2023
2023,1,2023-01,Badajoz,BADAJOZ,Badajoz,5550,237,0,01_Enero_Definitivo_2023.xlsx,ENERO 2023
2023,1,2023-01,Barcelona-El Prat J.T.,BARCELONA-EL PRAT J.T.,Barcelona,3078739,20928,10638353,01_Enero_Definitivo_2023.xlsx,ENERO 2023
2023,1,2023-01,Bilbao,BILBAO,Bizkaia,339841,3134,59217,01_Enero_Definitivo_2023.xlsx,ENERO 2023
2023,1,2023-01,Burgos,BURGOS,Burgos,79,845,0,01_Enero_Definitivo_2023.xlsx,ENERO 2023
2023,1,2023-01,Ceuta-Helipuerto,CEUTA-HELIPUERTO,Ceuta,6607,633,0,01_Enero_Definitivo_2023.xlsx,ENERO 2023
2023,1,2023-01,Cordoba,CORDOBA,Cordoba,345,1417,0,01_Enero_Definitivo_2023.xlsx,ENERO 2023
2023,1,2023-01,El Hierro,EL HIERRO,Santa Cruz de Tenerife,19843,376,4782,01_Enero_Definitivo_2023.xlsx,ENERO 2023
2023,1,2023-01,Fgl Granada-Jaen,FGL GRANADA-JAEN,Granada,72266,1174,0,01_Enero_Definitivo_2023.xlsx,ENERO 2023
2023,1,2023-01,Fuerteventura,FUERTEVENTURA,Las Palmas,475048,3931,30525,01_Enero_Definitivo_2023.xlsx,ENERO 2023
2023,1,2023-01,Girona-Costa Brava,GIRONA-COSTA BRAVA,Girona,14320,1077,10747,01_Enero_Definitivo_2023.xlsx,ENERO 2023
2023,1,2023-01,Gran Canaria,GRAN CANARIA,Las Palmas,1204146,11049,1329545,01_Enero_Definitivo_2023.xlsx,ENERO 2023
2023,1,2023-01,Huesca-Pirineos,HUESCA-PIRINEOS,Huesca,5,122,0,01_Enero_Definitivo_2023.xlsx,ENERO 2023
2023,1,2023-01,Ibiza,IBIZA,Illes Balears,199402,2691,68178,01_Enero_Definitivo_2023.xlsx,ENERO 2023
2023,1,2023-01,Jerez De La Frontera,JEREZ DE LA FRONTERA,Cadiz,38878,3235,1,01_Enero_Definitivo_2023.xlsx,ENERO 2023
2023,1,2023-01,La Gomera,LA GOMERA,Santa Cruz de Tenerife,6729,295,459,01_Enero_Definitivo_2023.xlsx,ENERO 2023
2023,1,2023-01,La Palma,LA PALMA,Santa Cruz de Tenerife,101128,1603,25351,01_Enero_Definitivo_2023.xlsx,ENERO 2023
2023,1,2023-01,Lanzarote Cesar Manrique,LANZAROTE CESAR MANRIQUE,Las Palmas,627992,5528,47828,01_Enero_Definitivo_2023.xlsx,ENERO 2023
2023,1,2023-01,Leon,LEON,Leon,1946,144,0,01_Enero_Definitivo_2023.xlsx,ENERO 2023
2023,1,2023-01,Logrono,LOGRONO,La Rioja,692,81,0,01_Enero_Definitivo_2023.xlsx,ENERO 2023
2023,1,2023-01,Madrid-Cuatro Vientos,MADRID-CUATRO VIENTOS,Madrid,153,3995,0,01_Enero_Definitivo_2023.xlsx,ENERO 2023
2023,1,2023-01,Malaga-Costa Del Sol,MALAGA-COSTA DEL SOL,Malaga,1120167,9023,126007,01_Enero_Definitivo_2023.xlsx,ENERO 2023
2023,1,2023-01,Melilla,MELILLA,Melilla,36299,813,1859,01_Enero_Definitivo_2023.xlsx,ENERO 2023
2023,1,2023-01,Menorca,MENORCA,Illes Balears,84017,1340,68080,01_Enero_Definitivo_2023.xlsx,ENERO 2023
2023,1,2023-01,Palma De Mallorca,PALMA DE MALLORCA,Illes Balears,858580,8356,487486,01_Enero_Definitivo_2023.xlsx,ENERO 2023
2023,1,2023-01,Pamplona,PAMPLONA,Navarra,14224,341,113,01_Enero_Definitivo_2023.xlsx,ENERO 2023
2023,1,2023-01,Reus,REUS,Tarragona,391,1272,0,01_Enero_Definitivo_2023.xlsx,ENERO 2023
2023,1,2023-01,Sabadell,SABADELL,Barcelona,513,3584,0,01_Enero_Definitivo_2023.xlsx,ENERO 2023
2023,1,2023-01,Salamanca,SALAMANCA,Salamanca,108,333,0,01_Enero_Definitivo_2023.xlsx,ENERO 2023
2023,1,2023-01,San Sebastian,SAN SEBASTIAN,Gipuzkoa,27736,343,0,01_Enero_Definitivo_2023.xlsx,ENERO 2023
2023,1,2023-01,Santiago-Rosalia De Castro,SANTIAGO-ROSALIA DE CASTRO,A Coruna,214616,1734,371825,01_Enero_Definitivo_2023.xlsx,ENERO 2023
2023,1,2023-01,Seve Ballesteros-Santander,SEVE BALLESTEROS-SANTANDER,Cantabria,76217,780,0,01_Enero_Definitivo_2023.xlsx,ENERO 2023
2023,1,2023-01,Sevilla,SEVILLA,Sevilla,554141,4792,826470,01_Enero_Definitivo_2023.xlsx,ENERO 2023
2023,1,2023-01,Son Bonet,SON BONET,Illes Balears,423,791,0,01_Enero_Definitivo_2023.xlsx,ENERO 2023
2023,1,2023-01,Tenerife Norte-C. La Laguna,TENERIFE NORTE-C. LA LAGUNA,Santa Cruz de Tenerife,436542,5306,933216,01_Enero_Definitivo_2023.xlsx,ENERO 2023
2023,1,2023-01,Tenerife Sur,TENERIFE SUR,Santa Cruz de Tenerife,1093561,7503,84201,01_Enero_Definitivo_2023.xlsx,ENERO 2023
2023,1,2023-01,Valencia,VALENCIA,Valencia,586671,5328,1038922,01_Enero_Definitivo_2023.xlsx,ENERO 2023
2023,1,2023-01,Valladolid,VALLADOLID,Valladolid,11263,298,440,01_Enero_Definitivo_2023.xlsx,ENERO 2023
2023,1,2023-01,Vigo,VIGO,Pontevedra,74233,1220,30518,01_Enero_Definitivo_2023.xlsx,ENERO 2023
2023,1,2023-01,Vitoria,VITORIA,Alava,18122,1004,5666348,01_Enero_Definitivo_2023.xlsx,ENERO 2023
2023,1,2023-01,Zaragoza,ZARAGOZA,Zaragoza,51341,646,8095244,01_Enero_Definitivo_2023.xlsx,ENERO 2023
2024,1,2024-01,A Coruna,A CORUNA,A Coruna,92405,1151,4909,01_Enero_Definitivo_2024.xlsx,Ranking mensual (con 2019)
2024,1,2024-01,Adolfo Suarez Madrid-Barajas,ADOLFO SUAREZ MADRID-BARAJAS,Madrid,4793581,31617,55051152,01_Enero_Definitivo_2024.xlsx,Ranking mensual (con 2019)
2024,1,2024-01,Aeropuerto Intl. Region Murcia,AEROPUERTO INTL. REGION MURCIA,Murcia,26876,276,0,01_Enero_Definitivo_2024.xlsx,Ranking mensual (con 2019)
2024,1,2024-01,Albacete,ALBACETE,Albacete,64,56,0,01_Enero_Definitivo_2024.xlsx,Ranking mensual (con 2019)
2024,1,2024-01,Algeciras-Helipuerto,ALGECIRAS-HELIPUERTO,Cadiz,3128,290,0,01_Enero_Definitivo_2024.xlsx,Ranking mensual (con 2019)
2024,1,2024-01,Alicante-Elche Miguel Hdez.,ALICANTE-ELCHE MIGUEL HDEZ.,Alicante,958088,6468,373279,01_Enero_Definitivo_2024.xlsx,Ranking mensual (con 2019)
2024,1,2024-01,Almeria,ALMERIA,Almeria,34185,712,0,01_Enero_Definitivo_2024.xlsx,Ranking mensual (con 2019)
2024,1,2024-01,Asturias,ASTURIAS,Asturias,122640,1035,177,01_Enero_Definitivo_2024.xlsx,Ranking mensual (con 2019)
2024,1,2024-01,Badajoz,BADAJOZ,Badajoz,5963,257,0,01_Enero_Definitivo_2024.xlsx,Ranking mensual (con 2019)
2024,1,2024-01,Barcelona-El Prat J.T.,BARCELONA-EL PRAT J.T.,Barcelona,3507685,23614,13643668,01_Enero_Definitivo_2024.xlsx,Ranking mensual (con 2019)
2024,1,2024-01,Bilbao,BILBAO,Bizkaia,380327,3257,67576,01_Enero_Definitivo_2024.xlsx,Ranking mensual (con 2019)
2024,1,2024-01,Burgos,BURGOS,Burgos,298,1431,0,01_Enero_Definitivo_2024.xlsx,Ranking mensual (con 2019)
2024,1,2024-01,Ceuta-Helipuerto,CEUTA-HELIPUERTO,Ceuta,6877,731,0,01_Enero_Definitivo_2024.xlsx,Ranking mensual (con 2019)
2024,1,2024-01,Cordoba,CORDOBA,Cordoba,415,800,0,01_Enero_Definitivo_2024.xlsx,Ranking mensual (con 2019)
2024,1,2024-01,El Hierro,EL HIERRO,Santa Cruz de Tenerife,21867,426,4388,01_Enero_Definitivo_2024.xlsx,Ranking mensual (con 2019)
2024,1,2024-01,Fgl Granada-Jaen,FGL GRANADA-JAEN,Granada,88340,1097,0,01_Enero_Definitivo_2024.xlsx,Ranking mensual (con 2019)
2024,1,2024-01,Fuerteventura,FUERTEVENTURA,Las Palmas,508548,4002,31020,01_Enero_Definitivo_2024.xlsx,Ranking mensual (con 2019)
2024,1,2024-01,Girona-Costa Brava,GIRONA-COSTA BRAVA,Girona,28152,856,10553,01_Enero_Definitivo_2024.xlsx,Ranking mensual (con 2019)
2024,1,2024-01,Gran Canaria,GRAN CANARIA,Las Palmas,1291641,11446,1476052,01_Enero_Definitivo_2024.xlsx,Ranking mensual (con 2019)
2024,1,2024-01,Huesca-Pirineos,HUESCA-PIRINEOS,Huesca,0,66,0,01_Enero_Definitivo_2024.xlsx,Ranking mensual (con 2019)
2024,1,2024-01,Ibiza,IBIZA,Illes Balears,204102,2587,53505,01_Enero_Definitivo_2024.xlsx,Ranking mensual (con 2019)
2024,1,2024-01,Jerez De La Frontera,JEREZ DE LA FRONTERA,Cadiz,33578,3098,0,01_Enero_Definitivo_2024.xlsx,Ranking mensual (con 2019)
2024,1,2024-01,La Gomera,LA GOMERA,Santa Cruz de Tenerife,7601,311,214,01_Enero_Definitivo_2024.xlsx,Ranking mensual (con 2019)
2024,1,2024-01,La Palma,LA PALMA,Santa Cruz de Tenerife,115440,1771,44379,01_Enero_Definitivo_2024.xlsx,Ranking mensual (con 2019)
2024,1,2024-01,Lanzarote Cesar Manrique,LANZAROTE CESAR MANRIQUE,Las Palmas,671524,5532,43630,01_Enero_Definitivo_2024.xlsx,Ranking mensual (con 2019)
2024,1,2024-01,Leon,LEON,Leon,2051,171,0,01_Enero_Definitivo_2024.xlsx,Ranking mensual (con 2019)
2024,1,2024-01,Logrono,LOGRONO,La Rioja,1147,91,0,01_Enero_Definitivo_2024.xlsx,Ranking mensual (con 2019)
2024,1,2024-01,Madrid-Cuatro Vientos,MADRID-CUATRO VIENTOS,Madrid,68,3748,0,01_Enero_Definitivo_2024.xlsx,Ranking mensual (con 2019)
2024,1,2024-01,Malaga-Costa Del Sol,MALAGA-COSTA DEL SOL,Malaga,1344716,10330,176564,01_Enero_Definitivo_2024.xlsx,Ranking mensual (con 2019)
2024,1,2024-01,Melilla,MELILLA,Melilla,37142,832,2182,01_Enero_Definitivo_2024.xlsx,Ranking mensual (con 2019)
2024,1,2024-01,Menorca,MENORCA,Illes Balears,79411,1229,44269,01_Enero_Definitivo_2024.xlsx,Ranking mensual (con 2019)
2024,1,2024-01,Palma De Mallorca,PALMA DE MALLORCA,Illes Balears,889815,8650,496288,01_Enero_Definitivo_2024.xlsx,Ranking mensual (con 2019)
2024,1,2024-01,Pamplona,PAMPLONA,Navarra,16313,414,2,01_Enero_Definitivo_2024.xlsx,Ranking mensual (con 2019)
2024,1,2024-01,Reus,REUS,Tarragona,766,1414,0,01_Enero_Definitivo_2024.xlsx,Ranking mensual (con 2019)
2024,1,2024-01,Sabadell,SABADELL,Barcelona,418,4312,0,01_Enero_Definitivo_2024.xlsx,Ranking mensual (con 2019)
2024,1,2024-01,Salamanca,SALAMANCA,Salamanca,333,346,0,01_Enero_Definitivo_2024.xlsx,Ranking mensual (con 2019)
2024,1,2024-01,San Sebastian,SAN SEBASTIAN,Gipuzkoa,28423,356,0,01_Enero_Definitivo_2024.xlsx,Ranking mensual (con 2019)
2024,1,2024-01,Santiago-Rosalia De Castro,SANTIAGO-ROSALIA DE CASTRO,A Coruna,199165,1624,428408,01_Enero_Definitivo_2024.xlsx,Ranking mensual (con 2019)
2024,1,2024-01,Seve Ballesteros-Santander,SEVE BALLESTEROS-SANTANDER,Cantabria,65820,766,0,01_Enero_Definitivo_2024.xlsx,Ranking mensual (con 2019)
2024,1,2024-01,Sevilla,SEVILLA,Sevilla,620634,5057,941292,01_Enero_Definitivo_2024.xlsx,Ranking mensual (con 2019)
2024,1,2024-01,Son Bonet,SON BONET,Illes Balears,394,997,0,01_Enero_Definitivo_2024.xlsx,Ranking mensual (con 2019)
2024,1,2024-01,Tenerife Norte-C. La Laguna,TENERIFE NORTE-C. LA LAGUNA,Santa Cruz de Tenerife,471766,5791,993111,01_Enero_Definitivo_2024.xlsx,Ranking mensual (con 2019)
2024,1,2024-01,Tenerife Sur,TENERIFE SUR,Santa Cruz de Tenerife,1206098,8037,60980,01_Enero_Definitivo_2024.xlsx,Ranking mensual (con 2019)
2024,1,2024-01,Valencia,VALENCIA,Valencia,654747,5699,1014225,01_Enero_Definitivo_2024.xlsx,Ranking mensual (con 2019)
2024,1,2024-01,Valladolid,VALLADOLID,Valladolid,10075,376,0,01_Enero_Definitivo_2024.xlsx,Ranking mensual (con 2019)
2024,1,2024-01,Vigo,VIGO,Pontevedra,76084,1068,35879,01_Enero_Definitivo_2024.xlsx,Ranking mensual (con 2019)
2024,1,2024-01,Vitoria,VITORIA,Alava,14602,1063,5963968,01_Enero_Definitivo_2024.xlsx,Ranking mensual (con 2019)
2024,1,2024-01,Zaragoza,ZARAGOZA,Zaragoza,45451,658,10791212,01_Enero_Definitivo_2024.xlsx,Ranking mensual (con 2019)
2022,2,2022-02,A Coruna,A CORUNA,A Coruna,52195,914,7091,02_Febrero_Definitivo_2022.xlsx,FEBRERO 2022
2022,2,2022-02,Adolfo Suarez Madrid-Barajas,ADOLFO SUAREZ MADRID-BARAJAS,Madrid,2877125,22392,44043307,02_Febrero_Definitivo_2022.xlsx,FEBRERO 2022
2022,2,2022-02,Aeropuerto Intl. Region Murcia,AEROPUERTO INTL. REGION MURCIA,Murcia,20377,214,0,02_Febrero_Definitivo_2022.xlsx,FEBRERO 2022
2022,2,2022-02,Albacete,ALBACETE,Albacete,163,138,0,02_Febrero_Definitivo_2022.xlsx,FEBRERO 2022
2022,2,2022-02,Algeciras-Helipuerto,ALGECIRAS-HELIPUERTO,Cadiz,3422,298,0,02_Febrero_Definitivo_2022.xlsx,FEBRERO 2022
2022,2,2022-02,Alicante-Elche Miguel Hdez.,ALICANTE-ELCHE MIGUEL HDEZ.,Alicante,583631,4342,316051,02_Febrero_Definitivo_2022.xlsx,FEBRERO 2022
2022,2,2022-02,Almeria,ALMERIA,Almeria,19237,570,0,02_Febrero_Definitivo_2022.xlsx,FEBRERO 2022
2022,2,2022-02,Asturias,ASTURIAS,Asturias,65613,579,758,02_Febrero_Definitivo_2022.xlsx,FEBRERO 2022
2022,2,2022-02,Badajoz,BADAJOZ,Badajoz,3136,168,0,02_Febrero_Definitivo_2022.xlsx,FEBRERO 2022
2022,2,2022-02,Barcelona-El Prat J.T.,BARCELONA-EL PRAT J.T.,Barcelona,1983390,15247,11421677,02_Febrero_Definitivo_2022.xlsx,FEBRERO 2022
2022,2,2022-02,Bilbao,BILBAO,Bizkaia,212668,2224,44239,02_Febrero_Definitivo_2022.xlsx,FEBRERO 2022
2022,2,2022-02,Burgos,BURGOS,Burgos,174,1468,300,02_Febrero_Definitivo_2022.xlsx,FEBRERO 2022
2022,2,2022-02,Ceuta-Helipuerto,CEUTA-HELIPUERTO,Ceuta,6127,551,0,02_Febrero_Definitivo_2022.xlsx,FEBRERO 2022
2022,2,2022-02,Cordoba,CORDOBA,Cordoba,236,1569,0,02_Febrero_Definitivo_2022.xlsx,FEBRERO 2022
2022,2,2022-02,El Hierro,EL HIERRO,Santa Cruz de Tenerife,16936,386,4818,02_Febrero_Definitivo_2022.xlsx,FEBRERO 2022
2022,2,2022-02,Fgl Granada-Jaen,FGL GRANADA-JAEN,Granada,48347,949,0,02_Febrero_Definitivo_2022.xlsx,FEBRERO 2022
2022,2,2022-02,Fuerteventura,FUERTEVENTURA,Las Palmas,372576,3361,31843,02_Febrero_Definitivo_2022.xlsx,FEBRERO 2022
2022,2,2022-02,Girona-Costa Brava,GIRONA-COSTA BRAVA,Girona,16383,1124,21368,02_Febrero_Definitivo_2022.xlsx,FEBRERO 2022
2022,2,2022-02,Gran Canaria,GRAN CANARIA,Las Palmas,889892,8674,1434509,02_Febrero_Definitivo_2022.xlsx,FEBRERO 2022
2022,2,2022-02,Huesca-Pirineos,HUESCA-PIRINEOS,Huesca,5,82,0,02_Febrero_Definitivo_2022.xlsx,FEBRERO 2022
2022,2,2022-02,Ibiza,IBIZA,Illes Balears,167847,2176,77590,02_Febrero_Definitivo_2022.xlsx,FEBRERO 2022
2022,2,2022-02,Jerez De La Frontera,JEREZ DE LA FRONTERA,Cadiz,26809,3043,0,02_Febrero_Definitivo_2022.xlsx,FEBRERO 2022
2022,2,2022-02,La Gomera,LA GOMERA,Santa Cruz de Tenerife,5261,218,176,02_Febrero_Definitivo_2022.xlsx,FEBRERO 2022
2022,2,2022-02,La Palma,LA PALMA,Santa Cruz de Tenerife,69402,1310,22088,02_Febrero_Definitivo_2022.xlsx,FEBRERO 2022
2022,2,2022-02,Lanzarote-Cesar Manrique,LANZAROTE-CESAR MANRIQUE,Las Palmas,494007,4310,47748,02_Febrero_Definitivo_2022.xlsx,FEBRERO 2022
2022,2,2022-02,Leon,LEON,Leon,1324,224,0,02_Febrero_Definitivo_2022.xlsx,FEBRERO 2022
2022,2,2022-02,Logrono,LOGRONO,La Rioja,685,94,0,02_Febrero_Definitivo_2022.xlsx,FEBRERO 2022
2022,2,2022-02,Madrid-Cuatro Vientos,MADRID-CUATRO VIENTOS,Madrid,351,5334,0,02_Febrero_Definitivo_2022.xlsx,FEBRERO 2022
2022,2,2022-02,Malaga-Costa Del Sol,MALAGA-COSTA DEL SOL,Malaga,871474,7808,98563,02_Febrero_Definitivo_2022.xlsx,FEBRERO 2022
2022,2,2022-02,Melilla,MELILLA,Melilla,28673,636,978,02_Febrero_Definitivo_2022.xlsx,FEBRERO 2022
2022,2,2022-02,Menorca,MENORCA,Illes Balears,65718,987,62402,02_Febrero_Definitivo_2022.xlsx,FEBRERO 2022
2022,2,2022-02,Palma De Mallorca,PALMA DE MALLORCA,Illes Balears,713817,7004,533368,02_Febrero_Definitivo_2022.xlsx,FEBRERO 2022
2022,2,2022-02,Pamplona,PAMPLONA,Navarra,10891,402,0,02_Febrero_Definitivo_2022.xlsx,FEBRERO 2022
2022,2,2022-02,Reus,REUS,Tarragona,208,1134,0,02_Febrero_Definitivo_2022.xlsx,FEBRERO 2022
2022,2,2022-02,Sabadell,SABADELL,Barcelona,474,4106,0,02_Febrero_Definitivo_2022.xlsx,FEBRERO 2022
2022,2,2022-02,Salamanca,SALAMANCA,Salamanca,229,797,0,02_Febrero_Definitivo_2022.xlsx,FEBRERO 2022
2022,2,2022-02,San Sebastian,SAN SEBASTIAN,Gipuzkoa,16958,246,0,02_Febrero_Definitivo_2022.xlsx,FEBRERO 2022
2022,2,2022-02,Santiago-Rosalia De Castro,SANTIAGO-ROSALIA DE CASTRO,A Coruna,136467,1139,383493,02_Febrero_Definitivo_2022.xlsx,FEBRERO 2022
2022,2,2022-02,Seve Ballesteros-Santander,SEVE BALLESTEROS-SANTANDER,Cantabria,54270,709,40,02_Febrero_Definitivo_2022.xlsx,FEBRERO 2022
2022,2,2022-02,Sevilla,SEVILLA,Sevilla,402923,3918,763861,02_Febrero_Definitivo_2022.xlsx,FEBRERO 2022
2022,2,2022-02,Son Bonet,SON BONET,Illes Balears,478,1088,0,02_Febrero_Definitivo_2022.xlsx,FEBRERO 2022
2022,2,2022-02,Tenerife Norte-C. La Laguna,TENERIFE NORTE-C. LA LAGUNA,Santa Cruz de Tenerife,356420,4616,1227335,02_Febrero_Definitivo_2022.xlsx,FEBRERO 2022
2022,2,2022-02,Tenerife-Sur,TENERIFE-SUR,Santa Cruz de Tenerife,824313,5969,79290,02_Febrero_Definitivo_2022.xlsx,FEBRERO 2022
2022,2,2022-02,Valencia,VALENCIA,Valencia,391472,4147,1070464,02_Febrero_Definitivo_2022.xlsx,FEBRERO 2022
2022,2,2022-02,Valladolid,VALLADOLID,Valladolid,5584,475,0,02_Febrero_Definitivo_2022.xlsx,FEBRERO 2022
2022,2,2022-02,Vigo,VIGO,Pontevedra,47949,936,86656,02_Febrero_Definitivo_2022.xlsx,FEBRERO 2022
2022,2,2022-02,Vitoria,VITORIA,Alava,13209,981,5791930,02_Febrero_Definitivo_2022.xlsx,FEBRERO 2022
2022,2,2022-02,Zaragoza,ZARAGOZA,Zaragoza,29622,685,11239517,02_Febrero_Definitivo_2022.xlsx,FEBRERO 2022
2023,2,2023-02,A Coruna,A CORUNA,A Coruna,86102,1266,6966,02_Febrero_Definitivo_2023.xlsx,FEBRERO 2023
2023,2,2023-02,Adolfo Suarez Madrid-Barajas,ADOLFO SUAREZ MADRID-BARAJAS,Madrid,4174111,27886,47732900,02_Febrero_Definitivo_2023.xlsx,FEBRERO 2023
2023,2,2023-02,Aeropuerto Intl. Region Murcia,AEROPUERTO INTL. REGION MURCIA,Murcia,20910,180,0,02_Febrero_Definitivo_2023.xlsx,FEBRERO 2023
2023,2,2023-02,Albacete,ALBACETE,Albacete,146,83,0,02_Febrero_Definitivo_2023.xlsx,FEBRERO 2023
2023,2,2023-02,Algeciras-Helipuerto,ALGECIRAS-HELIPUERTO,Cadiz,3398,258,0,02_Febrero_Definitivo_2023.xlsx,FEBRERO 2023
2023,2,2023-02,Alicante-Elche Miguel Hdez.,ALICANTE-ELCHE MIGUEL HDEZ.,Alicante,790766,5261,336064,02_Febrero_Definitivo_2023.xlsx,FEBRERO 2023
2023,2,2023-02,Almeria,ALMERIA,Almeria,29234,695,0,02_Febrero_Definitivo_2023.xlsx,FEBRERO 2023
2023,2,2023-02,Asturias,ASTURIAS,Asturias,113409,931,1316,02_Febrero_Definitivo_2023.xlsx,FEBRERO 2023
2023,2,2023-02,Badajoz,BADAJOZ,Badajoz,5815,257,0,02_Febrero_Definitivo_2023.xlsx,FEBRERO 2023
2023,2,2023-02,Barcelona-El Prat J.T.,BARCELONA-EL PRAT J.T.,Barcelona,3132662,20765,11999337,02_Febrero_Definitivo_2023.xlsx,FEBRERO 2023
2023,2,2023-02,Bilbao,BILBAO,Bizkaia,348667,3075,60592,02_Febrero_Definitivo_2023.xlsx,FEBRERO 2023
2023,2,2023-02,Burgos,BURGOS,Burgos,647,1548,0,02_Febrero_Definitivo_2023.xlsx,FEBRERO 2023
2023,2,2023-02,Ceuta-Helipuerto,CEUTA-HELIPUERTO,Ceuta,6839,609,0,02_Febrero_Definitivo_2023.xlsx,FEBRERO 2023
2023,2,2023-02,Cordoba,CORDOBA,Cordoba,478,1147,0,02_Febrero_Definitivo_2023.xlsx,FEBRERO 2023
2023,2,2023-02,El Hierro,EL HIERRO,Santa Cruz de Tenerife,19081,366,4754,02_Febrero_Definitivo_2023.xlsx,FEBRERO 2023
2023,2,2023-02,Fgl Granada-Jaen,FGL GRANADA-JAEN,Granada,75873,1319,20,02_Febrero_Definitivo_2023.xlsx,FEBRERO 2023
2023,2,2023-02,Fuerteventura,FUERTEVENTURA,Las Palmas,476986,3749,30722,02_Febrero_Definitivo_2023.xlsx,FEBRERO 2023
2023,2,2023-02,Girona-Costa Brava,GIRONA-COSTA BRAVA,Girona,13474,965,12803,02_Febrero_Definitivo_2023.xlsx,FEBRERO 2023
2023,2,2023-02,Gran Canaria,GRAN CANARIA,Las Palmas,1162834,10295,1317773,02_Febrero_Definitivo_2023.xlsx,FEBRERO 2023
2023,2,2023-02,Huesca-Pirineos,HUESCA-PIRINEOS,Huesca,13,128,0,02_Febrero_Definitivo_2023.xlsx,FEBRERO 2023
2023,2,2023-02,Ibiza,IBIZA,Illes Balears,193799,2556,67420,02_Febrero_Definitivo_2023.xlsx,FEBRERO 2023
2023,2,2023-02,Jerez De La Frontera,JEREZ DE LA FRONTERA,Cadiz,40097,3783,0,02_Febrero_Definitivo_2023.xlsx,FEBRERO 2023
2023,2,2023-02,La Gomera,LA GOMERA,Santa Cruz de Tenerife,6776,317,268,02_Febrero_Definitivo_2023.xlsx,FEBRERO 2023
2023,2,2023-02,La Palma,LA PALMA,Santa Cruz de Tenerife,102690,1676,20551,02_Febrero_Definitivo_2023.xlsx,FEBRERO 2023
2023,2,2023-02,Lanzarote Cesar Manrique,LANZAROTE CESAR MANRIQUE,Las Palmas,622198,5162,43665,02_Febrero_Definitivo_2023.xlsx,FEBRERO 2023
2023,2,2023-02,Leon,LEON,Leon,1794,203,0,02_Febrero_Definitivo_2023.xlsx,FEBRERO 2023
2023,2,2023-02,Logrono,LOGRONO,La Rioja,1262,126,0,02_Febrero_Definitivo_2023.xlsx,FEBRERO 2023
2023,2,2023-02,Madrid-Cuatro Vientos,MADRID-CUATRO VIENTOS,Madrid,166,5537,0,02_Febrero_Definitivo_2023.xlsx,FEBRERO 2023
2023,2,2023-02,Malaga-Costa Del Sol,MALAGA-COSTA DEL SOL,Malaga,1123164,8572,125965,02_Febrero_Definitivo_2023.xlsx,FEBRERO 2023
2023,2,2023-02,Melilla,MELILLA,Melilla,35126,779,2073,02_Febrero_Definitivo_2023.xlsx,FEBRERO 2023
2023,2,2023-02,Menorca,MENORCA,Illes Balears,87526,1290,51648,02_Febrero_Definitivo_2023.xlsx,FEBRERO 2023
2023,2,2023-02,Palma De Mallorca,PALMA DE MALLORCA,Illes Balears,905954,8362,516792,02_Febrero_Definitivo_2023.xlsx,FEBRERO 2023
2023,2,2023-02,Pamplona,PAMPLONA,Navarra,14656,365,0,02_Febrero_Definitivo_2023.xlsx,FEBRERO 2023
2023,2,2023-02,Reus,REUS,Tarragona,579,1520,0,02_Febrero_Definitivo_2023.xlsx,FEBRERO 2023
2023,2,2023-02,Sabadell,SABADELL,Barcelona,488,3728,0,02_Febrero_Definitivo_2023.xlsx,FEBRERO 2023
2023,2,2023-02,Salamanca,SALAMANCA,Salamanca,179,636,0,02_Febrero_Definitivo_2023.xlsx,FEBRERO 2023
2023,2,2023-02,San Sebastian,SAN SEBASTIAN,Gipuzkoa,24966,340,0,02_Febrero_Definitivo_2023.xlsx,FEBRERO 2023
2023,2,2023-02,Santiago-Rosalia De Castro,SANTIAGO-ROSALIA DE CASTRO,A Coruna,194488,1573,367665,02_Febrero_Definitivo_2023.xlsx,FEBRERO 2023
2023,2,2023-02,Seve Ballesteros-Santander,SEVE BALLESTEROS-SANTANDER,Cantabria,75020,817,0,02_Febrero_Definitivo_2023.xlsx,FEBRERO 2023
2023,2,2023-02,Sevilla,SEVILLA,Sevilla,543349,4572,843874,02_Febrero_Definitivo_2023.xlsx,FEBRERO 2023
2023,2,2023-02,Son Bonet,SON BONET,Illes Balears,402,973,0,02_Febrero_Definitivo_2023.xlsx,FEBRERO 2023
2023,2,2023-02,Tenerife Norte-C. La Laguna,TENERIFE NORTE-C. LA LAGUNA,Santa Cruz de Tenerife,428190,5156,869975,02_Febrero_Definitivo_2023.xlsx,FEBRERO 2023
2023,2,2023-02,Tenerife Sur,TENERIFE SUR,Santa Cruz de Tenerife,1055210,7055,65500,02_Febrero_Definitivo_2023.xlsx,FEBRERO 2023
2023,2,2023-02,Valencia,VALENCIA,Valencia,555683,5031,1055922,02_Febrero_Definitivo_2023.xlsx,FEBRERO 2023
2023,2,2023-02,Valladolid,VALLADOLID,Valladolid,9036,427,800,02_Febrero_Definitivo_2023.xlsx,FEBRERO 2023
2023,2,2023-02,Vigo,VIGO,Pontevedra,76149,1162,43740,02_Febrero_Definitivo_2023.xlsx,FEBRERO 2023
2023,2,2023-02,Vitoria,VITORIA,Alava,15727,1025,5712712,02_Febrero_Definitivo_2023.xlsx,FEBRERO 2023
2023,2,2023-02,Zaragoza,ZARAGOZA,Zaragoza,46212,706,9182514,02_Febrero_Definitivo_2023.xlsx,FEBRERO 2023
2024,2,2024-02,A Coruna,A CORUNA,A Coruna,92396,1085,5593,02_Febrero_Definitivo_2024.xlsx,Ranking mensual (con 2019)
2024,2,2024-02,Adolfo Suarez Madrid-Barajas,ADOLFO SUAREZ MADRID-BARAJAS,Madrid,4713881,30937,57271391,02_Febrero_Definitivo_2024.xlsx,Ranking mensual (con 2019)
2024,2,2024-02,Aeropuerto Intl. Region Murcia,AEROPUERTO INTL. REGION MURCIA,Murcia,27561,250,0,02_Febrero_Definitivo_2024.xlsx,Ranking mensual (con 2019)
2024,2,2024-02,Albacete,ALBACETE,Albacete,137,71,0,02_Febrero_Definitivo_2024.xlsx,Ranking mensual (con 2019)
2024,2,2024-02,Algeciras-Helipuerto,ALGECIRAS-HELIPUERTO,Cadiz,2660,224,0,02_Febrero_Definitivo_2024.xlsx,Ranking mensual (con 2019)
2024,2,2024-02,Alicante-Elche Miguel Hdez.,ALICANTE-ELCHE MIGUEL HDEZ.,Alicante,1002310,6371,320611,02_Febrero_Definitivo_2024.xlsx,Ranking mensual (con 2019)
2024,2,2024-02,Almeria,ALMERIA,Almeria,45587,870,0,02_Febrero_Definitivo_2024.xlsx,Ranking mensual (con 2019)
2024,2,2024-02,Asturias,ASTURIAS,Asturias,128636,1027,511,02_Febrero_Definitivo_2024.xlsx,Ranking mensual (con 2019)
2024,2,2024-02,Badajoz,BADAJOZ,Badajoz,6808,237,0,02_Febrero_Definitivo_2024.xlsx,Ranking mensual (con 2019)
2024,2,2024-02,Barcelona-El Prat J.T.,BARCELONA-EL PRAT J.T.,Barcelona,3651927,23587,14703792,02_Febrero_Definitivo_2024.xlsx,Ranking mensual (con 2019)
2024,2,2024-02,Bilbao,BILBAO,Bizkaia,410745,3256,71243,02_Febrero_Definitivo_2024.xlsx,Ranking mensual (con 2019)
2024,2,2024-02,Burgos,BURGOS,Burgos,91,1846,0,02_Febrero_Definitivo_2024.xlsx,Ranking mensual (con 2019)
2024,2,2024-02,Ceuta-Helipuerto,CEUTA-HELIPUERTO,Ceuta,6024,574,0,02_Febrero_Definitivo_2024.xlsx,Ranking mensual (con 2019)
2024,2,2024-02,Cordoba,CORDOBA,Cordoba,297,654,0,02_Febrero_Definitivo_2024.xlsx,Ranking mensual (con 2019)
2024,2,2024-02,El Hierro,EL HIERRO,Santa Cruz de Tenerife,22556,440,4071,02_Febrero_Definitivo_2024.xlsx,Ranking mensual (con 2019)
2024,2,2024-02,Fgl Granada-Jaen,FGL GRANADA-JAEN,Granada,85690,1140,0,02_Febrero_Definitivo_2024.xlsx,Ranking mensual (con 2019)
2024,2,2024-02,Fuerteventura,FUERTEVENTURA,Las Palmas,524630,3957,29494,02_Febrero_Definitivo_2024.xlsx,Ranking mensual (con 2019)
2024,2,2024-02,Girona-Costa Brava,GIRONA-COSTA BRAVA,Girona,25597,786,23855,02_Febrero_Definitivo_2024.xlsx,Ranking mensual (con 2019)
2024,2,2024-02,Gran Canaria,GRAN CANARIA,Las Palmas,1323949,11606,1484002,02_Febrero_Definitivo_2024.xlsx,Ranking mensual (con 2019)
2024,2,2024-02,Huesca-Pirineos,HUESCA-PIRINEOS,Huesca,0,84,0,02_Febrero_Definitivo_2024.xlsx,Ranking mensual (con 2019)
2024,2,2024-02,Ibiza,IBIZA,Illes Balears,213602,2400,60319,02_Febrero_Definitivo_2024.xlsx,Ranking mensual (con 2019)
2024,2,2024-02,Jerez De La Frontera,JEREZ DE LA FRONTERA,Cadiz,45176,3879,0,02_Febrero_Definitivo_2024.xlsx,Ranking mensual (con 2019)
2024,2,2024-02,La Gomera,LA GOMERA,Santa Cruz de Tenerife,8453,325,177,02_Febrero_Definitivo_2024.xlsx,Ranking mensual (con 2019)
2024,2,2024-02,La Palma,LA PALMA,Santa Cruz de Tenerife,118712,1940,33484,02_Febrero_Definitivo_2024.xlsx,Ranking mensual (con 2019)
2024,2,2024-02,Lanzarote Cesar Manrique,LANZAROTE CESAR MANRIQUE,Las Palmas,700127,5566,39183,02_Febrero_Definitivo_2024.xlsx,Ranking mensual (con 2019)
2024,2,2024-02,Leon,LEON,Leon,1833,185,0,02_Febrero_Definitivo_2024.xlsx,Ranking mensual (con 2019)
2024,2,2024-02,Logrono,LOGRONO,La Rioja,1504,154,0,02_Febrero_Definitivo_2024.xlsx,Ranking mensual (con 2019)
2024,2,2024-02,Madrid-Cuatro Vientos,MADRID-CUATRO VIENTOS,Madrid,54,4395,0,02_Febrero_Definitivo_2024.xlsx,Ranking mensual (con 2019)
2024,2,2024-02,Malaga-Costa Del Sol,MALAGA-COSTA DEL SOL,Malaga,1423453,10120,176313,02_Febrero_Definitivo_2024.xlsx,Ranking mensual (con 2019)
2024,2,2024-02,Melilla,MELILLA,Melilla,35962,804,2251,02_Febrero_Definitivo_2024.xlsx,Ranking mensual (con 2019)
2024,2,2024-02,Menorca,MENORCA,Illes Balears,92105,1340,46682,02_Febrero_Definitivo_2024.xlsx,Ranking mensual (con 2019)
2024,2,2024-02,Palma De Mallorca,PALMA DE MALLORCA,Illes Balears,1035243,9060,521173,02_Febrero_Definitivo_2024.xlsx,Ranking mensual (con 2019)
2024,2,2024-02,Pamplona,PAMPLONA,Navarra,17230,386,0,02_Febrero_Definitivo_2024.xlsx,Ranking mensual (con 2019)
2024,2,2024-02,Reus,REUS,Tarragona,793,1374,0,02_Febrero_Definitivo_2024.xlsx,Ranking mensual (con 2019)
2024,2,2024-02,Sabadell,SABADELL,Barcelona,592,4640,0,02_Febrero_Definitivo_2024.xlsx,Ranking mensual (con 2019)
2024,2,2024-02,Salamanca,SALAMANCA,Salamanca,806,555,0,02_Febrero_Definitivo_2024.xlsx,Ranking mensual (con 2019)
2024,2,2024-02,San Sebastian,SAN SEBASTIAN,Gipuzkoa,29127,328,0,02_Febrero_Definitivo_2024.xlsx,Ranking mensual (con 2019)
2024,2,2024-02,Santiago-Rosalia De Castro,SANTIAGO-ROSALIA DE CASTRO,A Coruna,202439,1595,393966,02_Febrero_Definitivo_2024.xlsx,Ranking mensual (con 2019)
2024,2,2024-02,Seve Ballesteros-Santander,SEVE BALLESTEROS-SANTANDER,Cantabria,70266,786,0,02_Febrero_Definitivo_2024.xlsx,Ranking mensual (con 2019)
2024,2,2024-02,Sevilla,SEVILLA,Sevilla,656259,5022,842145,02_Febrero_Definitivo_2024.xlsx,Ranking mensual (con 2019)
2024,2,2024-02,Son Bonet,SON BONET,Illes Balears,394,920,0,02_Febrero_Definitivo_2024.xlsx,Ranking mensual (con 2019)
2024,2,2024-02,Tenerife Norte-C. La Laguna,TENERIFE NORTE-C. LA LAGUNA,Santa Cruz de Tenerife,489675,6031,979677,02_Febrero_Definitivo_2024.xlsx,Ranking mensual (con 2019)
2024,2,2024-02,Tenerife Sur,TENERIFE SUR,Santa Cruz de Tenerife,1218132,7779,69206,02_Febrero_Definitivo_2024.xlsx,Ranking mensual (con 2019)
2024,2,2024-02,Valencia,VALENCIA,Valencia,648909,5536,1044865,02_Febrero_Definitivo_2024.xlsx,Ranking mensual (con 2019)
2024,2,2024-02,Valladolid,VALLADOLID,Valladolid,13437,414,0,02_Febrero_Definitivo_2024.xlsx,Ranking mensual (con 2019)
2024,2,2024-02,Vigo,VIGO,Pontevedra,78767,1045,24954,02_Febrero_Definitivo_2024.xlsx,Ranking mensual (con 2019)
2024,2,2024-02,Vitoria,VITORIA,Alava,12057,998,6050340,02_Febrero_Definitivo_2024.xlsx,Ranking mensual (con 2019)
2024,2,2024-02,Zaragoza,ZARAGOZA,Zaragoza,41923,664,11317126,02_Febrero_Definitivo_2024.xlsx,Ranking mensual (con 2019)
2022,3,2022-03,A Coruna,A CORUNA,A Coruna,67002,1162,8285,03_Marzo_Definitivo_2022.xlsx,MARZO 2022
2022,3,2022-03,Adolfo Suarez Madrid-Barajas,ADOLFO SUAREZ MADRID-BARAJAS,Madrid,3557703,26715,51970392,03_Marzo_Definitivo_2022.xlsx,MARZO 2022
2022,3,2022-03,Aeropuerto Intl. Region Murcia,AEROPUERTO INTL. REGION MURCIA,Murcia,32417,307,0,03_Marzo_Definitivo_2022.xlsx,MARZO 2022
2022,3,2022-03,Albacete,ALBACETE,Albacete,45,39,0,03_Marzo_Definitivo_2022.xlsx,MARZO 2022
2022,3,2022-03,Algeciras-Helipuerto,ALGECIRAS-HELIPUERTO,Cadiz,3957,320,0,03_Marzo_Definitivo_2022.xlsx,MARZO 2022
2022,3,2022-03,Alicante-Elche Miguel Hdez.,ALICANTE-ELCHE MIGUEL HDEZ.,Alicante,830817,5892,387745,03_Marzo_Definitivo_2022.xlsx,MARZO 2022
2022,3,2022-03,Almeria,ALMERIA,Almeria,30024,653,40,03_Marzo_Definitivo_2022.xlsx,MARZO 2022
2022,3,2022-03,Asturias,ASTURIAS,Asturias,86389,729,825,03_Marzo_Definitivo_2022.xlsx,MARZO 2022
2022,3,2022-03,Badajoz,BADAJOZ,Badajoz,6441,203,0,03_Marzo_Definitivo_2022.xlsx,MARZO 2022
2022,3,2022-03,Barcelona-El Prat J.T.,BARCELONA-EL PRAT J.T.,Barcelona,2701588,19934,13542495,03_Marzo_Definitivo_2022.xlsx,MARZO 2022
2022,3,2022-03,Bilbao,BILBAO,Bizkaia,294759,2902,57046,03_Marzo_Definitivo_2022.xlsx,MARZO 2022
2022,3,2022-03,Burgos,BURGOS,Burgos,131,1090,0,03_Marzo_Definitivo_2022.xlsx,MARZO 2022
2022,3,2022-03,Ceuta-Helipuerto,CEUTA-HELIPUERTO,Ceuta,7292,628,0,03_Marzo_Definitivo_2022.xlsx,MARZO 2022
2022,3,2022-03,Cordoba,CORDOBA,Cordoba,164,1090,0,03_Marzo_Definitivo_2022.xlsx,MARZO 2022
2022,3,2022-03,El Hierro,EL HIERRO,Santa Cruz de Tenerife,20732,466,5627,03_Marzo_Definitivo_2022.xlsx,MARZO 2022
2022,3,2022-03,Fgl Granada-Jaen,FGL GRANADA-JAEN,Granada,64549,984,0,03_Marzo_Definitivo_2022.xlsx,MARZO 2022
2022,3,2022-03,Fuerteventura,FUERTEVENTURA,Las Palmas,479844,4270,38243,03_Marzo_Definitivo_2022.xlsx,MARZO 2022
2022,3,2022-03,Girona-Costa Brava,GIRONA-COSTA BRAVA,Girona,27215,887,6189,03_Marzo_Definitivo_2022.xlsx,MARZO 2022
2022,3,2022-03,Gran Canaria,GRAN CANARIA,Las Palmas,1057098,10268,1374388,03_Marzo_Definitivo_2022.xlsx,MARZO 2022
2022,3,2022-03,Huesca-Pirineos,HUESCA-PIRINEOS,Huesca,0,79,0,03_Marzo_Definitivo_2022.xlsx,MARZO 2022
2022,3,2022-03,Ibiza,IBIZA,Illes Balears,234850,2912,93040,03_Marzo_Definitivo_2022.xlsx,MARZO 2022
2022,3,2022-03,Jerez De La Frontera,JEREZ DE LA FRONTERA,Cadiz,45600,3162,0,03_Marzo_Definitivo_2022.xlsx,MARZO 2022
2022,3,2022-03,La Gomera,LA GOMERA,Santa Cruz de Tenerife,6065,167,529,03_Marzo_Definitivo_2022.xlsx,MARZO 2022
2022,3,2022-03,La Palma,LA PALMA,Santa Cruz de Tenerife,90897,1650,28407,03_Marzo_Definitivo_2022.xlsx,MARZO 2022
2022,3,2022-03,Lanzarote-Cesar Manrique,LANZAROTE-CESAR MANRIQUE,Las Palmas,607685,5336,50181,03_Marzo_Definitivo_2022.xlsx,MARZO 2022
2022,3,2022-03,Leon,LEON,Leon,2324,141,0,03_Marzo_Definitivo_2022.xlsx,MARZO 2022
2022,3,2022-03,Logrono,LOGRONO,La Rioja,999,72,0,03_Marzo_Definitivo_2022.xlsx,MARZO 2022
2022,3,2022-03,Madrid-Cuatro Vientos,MADRID-CUATRO VIENTOS,Madrid,125,4449,0,03_Marzo_Definitivo_2022.xlsx,MARZO 2022
2022,3,2022-03,Malaga-Costa Del Sol,MALAGA-COSTA DEL SOL,Malaga,1178925,9678,120082,03_Marzo_Definitivo_2022.xlsx,MARZO 2022
2022,3,2022-03,Melilla,MELILLA,Melilla,31659,698,1384,03_Marzo_Definitivo_2022.xlsx,MARZO 2022
2022,3,2022-03,Menorca,MENORCA,Illes Balears,97647,1419,70636,03_Marzo_Definitivo_2022.xlsx,MARZO 2022
2022,3,2022-03,Palma De Mallorca,PALMA DE MALLORCA,Illes Balears,1098167,10670,611938,03_Marzo_Definitivo_2022.xlsx,MARZO 2022
2022,3,2022-03,Pamplona,PAMPLONA,Navarra,12320,383,0,03_Marzo_Definitivo_2022.xlsx,MARZO 2022
2022,3,2022-03,Reus,REUS,Tarragona,4350,1022,0,03_Marzo_Definitivo_2022.xlsx,MARZO 2022
2022,3,2022-03,Sabadell,SABADELL,Barcelona,194,2639,0,03_Marzo_Definitivo_2022.xlsx,MARZO 2022
2022,3,2022-03,Salamanca,SALAMANCA,Salamanca,218,691,0,03_Marzo_Definitivo_2022.xlsx,MARZO 2022
2022,3,2022-03,San Sebastian,SAN SEBASTIAN,Gipuzkoa,21404,289,0,03_Marzo_Definitivo_2022.xlsx,MARZO 2022
2022,3,2022-03,Santiago-Rosalia De Castro,SANTIAGO-ROSALIA DE CASTRO,A Coruna,190548,1704,453777,03_Marzo_Definitivo_2022.xlsx,MARZO 2022
2022,3,2022-03,Seve Ballesteros-Santander,SEVE BALLESTEROS-SANTANDER,Cantabria,63533,761,0,03_Marzo_Definitivo_2022.xlsx,MARZO 2022
2022,3,2022-03,Sevilla,SEVILLA,Sevilla,542690,4764,832389,03_Marzo_Definitivo_2022.xlsx,MARZO 2022
2022,3,2022-03,Son Bonet,SON BONET,Illes Balears,319,590,0,03_Marzo_Definitivo_2022.xlsx,MARZO 2022
2022,3,2022-03,Tenerife Norte-C. La Laguna,TENERIFE NORTE-C. LA LAGUNA,Santa Cruz de Tenerife,420825,5648,1229596,03_Marzo_Definitivo_2022.xlsx,MARZO 2022
2022,3,2022-03,Tenerife-Sur,TENERIFE-SUR,Santa Cruz de Tenerife,995730,6746,79422,03_Marzo_Definitivo_2022.xlsx,MARZO 2022
2022,3,2022-03,Valencia,VALENCIA,Valencia,540915,5163,1206565,03_Marzo_Definitivo_2022.xlsx,MARZO 2022
2022,3,2022-03,Valladolid,VALLADOLID,Valladolid,11468,397,0,03_Marzo_Definitivo_2022.xlsx,MARZO 2022
2022,3,2022-03,Vigo,VIGO,Pontevedra,60821,1142,54548,03_Marzo_Definitivo_2022.xlsx,MARZO 2022
2022,3,2022-03,Vitoria,VITORIA,Alava,14929,1062,6736082,03_Marzo_Definitivo_2022.xlsx,MARZO 2022
2022,3,2022-03,Zaragoza,ZARAGOZA,Zaragoza,44619,812,13348682,03_Marzo_Definitivo_2022.xlsx,MARZO 2022
2023,3,2023-03,A Coruna,A CORUNA,A Coruna,105704,1310,6466,03_Marzo_Definitivo_2023.xlsx,MARZO 2023
2023,3,2023-03,Adolfo Suarez Madrid-Barajas,ADOLFO SUAREZ MADRID-BARAJAS,Madrid,4821857,31320,57010706,03_Marzo_Definitivo_2023.xlsx,MARZO 2023
2023,3,2023-03,Aeropuerto Intl. Region Murcia,AEROPUERTO INTL. REGION MURCIA,Murcia,33811,318,0,03_Marzo_Definitivo_2023.xlsx,MARZO 2023
2023,3,2023-03,Albacete,ALBACETE,Albacete,43,52,0,03_Marzo_Definitivo_2023.xlsx,MARZO 2023
2023,3,2023-03,Algeciras-Helipuerto,ALGECIRAS-HELIPUERTO,Cadiz,3702,296,0,03_Marzo_Definitivo_2023.xlsx,MARZO 2023
2023,3,2023-03,Alicante-Elche Miguel Hdez.,ALICANTE-ELCHE MIGUEL HDEZ.,Alicante,1045004,6800,392028,03_Marzo_Definitivo_2023.xlsx,MARZO 2023
2023,3,2023-03,Almeria,ALMERIA,Almeria,37636,935,34,03_Marzo_Definitivo_2023.xlsx,MARZO 2023
2023,3,2023-03,Asturias,ASTURIAS,Asturias,142075,1086,1289,03_Marzo_Definitivo_2023.xlsx,MARZO 2023
2023,3,2023-03,Badajoz,BADAJOZ,Badajoz,7318,261,0,03_Marzo_Definitivo_2023.xlsx,MARZO 2023
2023,3,2023-03,Barcelona-El Prat J.T.,BARCELONA-EL PRAT J.T.,Barcelona,3762901,24177,13515839,03_Marzo_Definitivo_2023.xlsx,MARZO 2023
2023,3,2023-03,Bilbao,BILBAO,Bizkaia,431540,3676,58900,03_Marzo_Definitivo_2023.xlsx,MARZO 2023
2023,3,2023-03,Burgos,BURGOS,Burgos,957,2236,0,03_Marzo_Definitivo_2023.xlsx,MARZO 2023
2023,3,2023-03,Ceuta-Helipuerto,CEUTA-HELIPUERTO,Ceuta,7837,664,0,03_Marzo_Definitivo_2023.xlsx,MARZO 2023
2023,3,2023-03,Cordoba,CORDOBA,Cordoba,539,1018,0,03_Marzo_Definitivo_2023.xlsx,MARZO 2023
2023,3,2023-03,El Hierro,EL HIERRO,Santa Cruz de Tenerife,23205,516,5650,03_Marzo_Definitivo_2023.xlsx,MARZO 2023
2023,3,2023-03,Fgl Granada-Jaen,FGL GRANADA-JAEN,Granada,85166,1496,0,03_Marzo_Definitivo_2023.xlsx,MARZO 2023
2023,3,2023-03,Fuerteventura,FUERTEVENTURA,Las Palmas,541932,4393,37221,03_Marzo_Definitivo_2023.xlsx,MARZO 2023
2023,3,2023-03,Girona-Costa Brava,GIRONA-COSTA BRAVA,Girona,27006,1202,10622,03_Marzo_Definitivo_2023.xlsx,MARZO 2023
2023,3,2023-03,Gran Canaria,GRAN CANARIA,Las Palmas,1290562,11672,1464129,03_Marzo_Definitivo_2023.xlsx,MARZO 2023
2023,3,2023-03,Huesca-Pirineos,HUESCA-PIRINEOS,Huesca,16,85,0,03_Marzo_Definitivo_2023.xlsx,MARZO 2023
2023,3,2023-03,Ibiza,IBIZA,Illes Balears,284996,3438,87123,03_Marzo_Definitivo_2023.xlsx,MARZO 2023
2023,3,2023-03,Jerez De La Frontera,JEREZ DE LA FRONTERA,Cadiz,60303,4432,100,03_Marzo_Definitivo_2023.xlsx,MARZO 2023
2023,3,2023-03,La Gomera,LA GOMERA,Santa Cruz de Tenerife,7911,382,385,03_Marzo_Definitivo_2023.xlsx,MARZO 2023
2023,3,2023-03,La Palma,LA PALMA,Santa Cruz de Tenerife,119011,1926,23717,03_Marzo_Definitivo_2023.xlsx,MARZO 2023
2023,3,2023-03,Lanzarote Cesar Manrique,LANZAROTE CESAR MANRIQUE,Las Palmas,692985,5739,47914,03_Marzo_Definitivo_2023.xlsx,MARZO 2023
2023,3,2023-03,Leon,LEON,Leon,1898,210,0,03_Marzo_Definitivo_2023.xlsx,MARZO 2023
2023,3,2023-03,Logrono,LOGRONO,La Rioja,1944,155,0,03_Marzo_Definitivo_2023.xlsx,MARZO 2023
2023,3,2023-03,Madrid-Cuatro Vientos,MADRID-CUATRO VIENTOS,Madrid,175,5276,0,03_Marzo_Definitivo_2023.xlsx,MARZO 2023
2023,3,2023-03,Malaga-Costa Del Sol,MALAGA-COSTA DEL SOL,Malaga,1475066,10910,136231,03_Marzo_Definitivo_2023.xlsx,MARZO 2023
2023,3,2023-03,Melilla,MELILLA,Melilla,41078,838,2429,03_Marzo_Definitivo_2023.xlsx,MARZO 2023
2023,3,2023-03,Menorca,MENORCA,Illes Balears,119873,1617,64786,03_Marzo_Definitivo_2023.xlsx,MARZO 2023
2023,3,2023-03,Palma De Mallorca,PALMA DE MALLORCA,Illes Balears,1344375,11752,613353,03_Marzo_Definitivo_2023.xlsx,MARZO 2023
2023,3,2023-03,Pamplona,PAMPLONA,Navarra,14464,387,0,03_Marzo_Definitivo_2023.xlsx,MARZO 2023
2023,3,2023-03,Reus,REUS,Tarragona,11142,1676,0,03_Marzo_Definitivo_2023.xlsx,MARZO 2023
2023,3,2023-03,Sabadell,SABADELL,Barcelona,348,4161,0,03_Marzo_Definitivo_2023.xlsx,MARZO 2023
2023,3,2023-03,Salamanca,SALAMANCA,Salamanca,163,800,0,03_Marzo_Definitivo_2023.xlsx,MARZO 2023
2023,3,2023-03,San Sebastian,SAN SEBASTIAN,Gipuzkoa,31641,423,0,03_Marzo_Definitivo_2023.xlsx,MARZO 2023
2023,3,2023-03,Santiago-Rosalia De Castro,SANTIAGO-ROSALIA DE CASTRO,A Coruna,244771,1901,431506,03_Marzo_Definitivo_2023.xlsx,MARZO 2023
2023,3,2023-03,Seve Ballesteros-Santander,SEVE BALLESTEROS-SANTANDER,Cantabria,88870,938,0,03_Marzo_Definitivo_2023.xlsx,MARZO 2023
2023,3,2023-03,Sevilla,SEVILLA,Sevilla,653918,5319,1265110,03_Marzo_Definitivo_2023.xlsx,MARZO 2023
2023,3,2023-03,Son Bonet,SON BONET,Illes Balears,525,1295,0,03_Marzo_Definitivo_2023.xlsx,MARZO 2023
2023,3,2023-03,Tenerife Norte-C. La Laguna,TENERIFE NORTE-C. LA LAGUNA,Santa Cruz de Tenerife,493829,6070,1188093,03_Marzo_Definitivo_2023.xlsx,MARZO 2023
2023,3,2023-03,Tenerife Sur,TENERIFE SUR,Santa Cruz de Tenerife,1158755,7753,64252,03_Marzo_Definitivo_2023.xlsx,MARZO 2023
2023,3,2023-03,Valencia,VALENCIA,Valencia,705897,6085,1279681,03_Marzo_Definitivo_2023.xlsx,MARZO 2023
2023,3,2023-03,Valladolid,VALLADOLID,Valladolid,13718,523,0,03_Marzo_Definitivo_2023.xlsx,MARZO 2023
2023,3,2023-03,Vigo,VIGO,Pontevedra,84929,1122,52491,03_Marzo_Definitivo_2023.xlsx,MARZO 2023
2023,3,2023-03,Vitoria,VITORIA,Alava,18465,1178,6769845,03_Marzo_Definitivo_2023.xlsx,MARZO 2023
2023,3,2023-03,Zaragoza,ZARAGOZA,Zaragoza,54031,820,12035624,03_Marzo_Definitivo_2023.xlsx,MARZO 2023
2024,3,2024-03,A Coruna,A CORUNA,A Coruna,101619,1030,4232,03_Marzo_Definitivo_2024.xlsx,Ranking mensual (con 2019)
2024,3,2024-03,Adolfo Suarez Madrid-Barajas,ADOLFO SUAREZ MADRID-BARAJAS,Madrid,5342624,34265,65204549,03_Marzo_Definitivo_2024.xlsx,Ranking mensual (con 2019)
2024,3,2024-03,Aeropuerto Intl. Region Murcia,AEROPUERTO INTL. REGION MURCIA,Murcia,37649,345,0,03_Marzo_Definitivo_2024.xlsx,Ranking mensual (con 2019)
2024,3,2024-03,Albacete,ALBACETE,Albacete,124,64,0,03_Marzo_Definitivo_2024.xlsx,Ranking mensual (con 2019)
2024,3,2024-03,Algeciras-Helipuerto,ALGECIRAS-HELIPUERTO,Cadiz,2726,220,0,03_Marzo_Definitivo_2024.xlsx,Ranking mensual (con 2019)
2024,3,2024-03,Alicante-Elche Miguel Hdez.,ALICANTE-ELCHE MIGUEL HDEZ.,Alicante,1267883,7890,343495,03_Marzo_Definitivo_2024.xlsx,Ranking mensual (con 2019)
2024,3,2024-03,Almeria,ALMERIA,Almeria,53700,989,0,03_Marzo_Definitivo_2024.xlsx,Ranking mensual (con 2019)
2024,3,2024-03,Asturias,ASTURIAS,Asturias,153847,1209,95,03_Marzo_Definitivo_2024.xlsx,Ranking mensual (con 2019)
2024,3,2024-03,Badajoz,BADAJOZ,Badajoz,8976,243,0,03_Marzo_Definitivo_2024.xlsx,Ranking mensual (con 2019)
2024,3,2024-03,Barcelona-El Prat J.T.,BARCELONA-EL PRAT J.T.,Barcelona,4282016,27013,15345064,03_Marzo_Definitivo_2024.xlsx,Ranking mensual (con 2019)
2024,3,2024-03,Bilbao,BILBAO,Bizkaia,507560,3915,72451,03_Marzo_Definitivo_2024.xlsx,Ranking mensual (con 2019)
2024,3,2024-03,Burgos,BURGOS,Burgos,154,1744,0,03_Marzo_Definitivo_2024.xlsx,Ranking mensual (con 2019)
2024,3,2024-03,Ceuta-Helipuerto,CEUTA-HELIPUERTO,Ceuta,6384,588,0,03_Marzo_Definitivo_2024.xlsx,Ranking mensual (con 2019)
2024,3,2024-03,Cordoba,CORDOBA,Cordoba,288,877,0,03_Marzo_Definitivo_2024.xlsx,Ranking mensual (con 2019)
2024,3,2024-03,El Hierro,EL HIERRO,Santa Cruz de Tenerife,26540,510,4335,03_Marzo_Definitivo_2024.xlsx,Ranking mensual (con 2019)
2024,3,2024-03,Fgl Granada-Jaen,FGL GRANADA-JAEN,Granada,100157,1296,0,03_Marzo_Definitivo_2024.xlsx,Ranking mensual (con 2019)
2024,3,2024-03,Fuerteventura,FUERTEVENTURA,Las Palmas,598861,4684,28311,03_Marzo_Definitivo_2024.xlsx,Ranking mensual (con 2019)
2024,3,2024-03,Girona-Costa Brava,GIRONA-COSTA BRAVA,Girona,53711,913,1663,03_Marzo_Definitivo_2024.xlsx,Ranking mensual (con 2019)
2024,3,2024-03,Gran Canaria,GRAN CANARIA,Las Palmas,1480024,13221,1483600,03_Marzo_Definitivo_2024.xlsx,Ranking mensual (con 2019)
2024,3,2024-03,Huesca-Pirineos,HUESCA-PIRINEOS,Huesca,33,128,0,03_Marzo_Definitivo_2024.xlsx,Ranking mensual (con 2019)
2024,3,2024-03,Ibiza,IBIZA,Illes Balears,290129,3149,59800,03_Marzo_Definitivo_2024.xlsx,Ranking mensual (con 2019)
2024,3,2024-03,Jerez De La Frontera,JEREZ DE LA FRONTERA,Cadiz,62082,4019,0,03_Marzo_Definitivo_2024.xlsx,Ranking mensual (con 2019)
2024,3,2024-03,La Gomera,LA GOMERA,Santa Cruz de Tenerife,10153,296,282,03_Marzo_Definitivo_2024.xlsx,Ranking mensual (con 2019)
2024,3,2024-03,La Palma,LA PALMA,Santa Cruz de Tenerife,138804,2068,31903,03_Marzo_Definitivo_2024.xlsx,Ranking mensual (con 2019)
2024,3,2024-03,Lanzarote Cesar Manrique,LANZAROTE CESAR MANRIQUE,Las Palmas,791430,6387,39800,03_Marzo_Definitivo_2024.xlsx,Ranking mensual (con 2019)
2024,3,2024-03,Leon,LEON,Leon,3899,205,0,03_Marzo_Definitivo_2024.xlsx,Ranking mensual (con 2019)
2024,3,2024-03,Logrono,LOGRONO,La Rioja,2154,764,0,03_Marzo_Definitivo_2024.xlsx,Ranking mensual (con 2019)
2024,3,2024-03,Madrid-Cuatro Vientos,MADRID-CUATRO VIENTOS,Madrid,132,4121,0,03_Marzo_Definitivo_2024.xlsx,Ranking mensual (con 2019)
2024,3,2024-03,Malaga-Costa Del Sol,MALAGA-COSTA DEL SOL,Malaga,1752619,12117,226671,03_Marzo_Definitivo_2024.xlsx,Ranking mensual (con 2019)
2024,3,2024-03,Melilla,MELILLA,Melilla,39277,839,2052,03_Marzo_Definitivo_2024.xlsx,Ranking mensual (con 2019)
2024,3,2024-03,Menorca,MENORCA,Illes Balears,125326,1579,44412,03_Marzo_Definitivo_2024.xlsx,Ranking mensual (con 2019)
2024,3,2024-03,Palma De Mallorca,PALMA DE MALLORCA,Illes Balears,1529008,12459,488533,03_Marzo_Definitivo_2024.xlsx,Ranking mensual (con 2019)
2024,3,2024-03,Pamplona,PAMPLONA,Navarra,18865,404,0,03_Marzo_Definitivo_2024.xlsx,Ranking mensual (con 2019)
2024,3,2024-03,Reus,REUS,Tarragona,6682,1460,0,03_Marzo_Definitivo_2024.xlsx,Ranking mensual (con 2019)
2024,3,2024-03,Sabadell,SABADELL,Barcelona,374,4403,0,03_Marzo_Definitivo_2024.xlsx,Ranking mensual (con 2019)
2024,3,2024-03,Salamanca,SALAMANCA,Salamanca,957,661,0,03_Marzo_Definitivo_2024.xlsx,Ranking mensual (con 2019)
2024,3,2024-03,San Sebastian,SAN SEBASTIAN,Gipuzkoa,34498,412,0,03_Marzo_Definitivo_2024.xlsx,Ranking mensual (con 2019)
2024,3,2024-03,Santiago-Rosalia De Castro,SANTIAGO-ROSALIA DE CASTRO,A Coruna,258809,1883,436181,03_Marzo_Definitivo_2024.xlsx,Ranking mensual (con 2019)
2024,3,2024-03,Seve Ballesteros-Santander,SEVE BALLESTEROS-SANTANDER,Cantabria,82728,875,0,03_Marzo_Definitivo_2024.xlsx,Ranking mensual (con 2019)
2024,3,2024-03,Sevilla,SEVILLA,Sevilla,773745,5749,799053,03_Marzo_Definitivo_2024.xlsx,Ranking mensual (con 2019)
2024,3,2024-03,Son Bonet,SON BONET,Illes Balears,596,1204,0,03_Marzo_Definitivo_2024.xlsx,Ranking mensual (con 2019)
2024,3,2024-03,Tenerife Norte-C. La Laguna,TENERIFE NORTE-C. LA LAGUNA,Santa Cruz de Tenerife,562091,6887,1047077,03_Marzo_Definitivo_2024.xlsx,Ranking mensual (con 2019)
2024,3,2024-03,Tenerife Sur,TENERIFE SUR,Santa Cruz de Tenerife,1346903,8614,59397,03_Marzo_Definitivo_2024.xlsx,Ranking mensual (con 2019)
2024,3,2024-03,Valencia,VALENCIA,Valencia,824631,6402,1019511,03_Marzo_Definitivo_2024.xlsx,Ranking mensual (con 2019)
2024,3,2024-03,Valladolid,VALLADOLID,Valladolid,17933,486,0,03_Marzo_Definitivo_2024.xlsx,Ranking mensual (con 2019)
2024,3,2024-03,Vigo,VIGO,Pontevedra,92348,1027,28105,03_Marzo_Definitivo_2024.xlsx,Ranking mensual (con 2019)
2024,3,2024-03,Vitoria,VITORIA,Alava,17512,1020,5853492,03_Marzo_Definitivo_2024.xlsx,Ranking mensual (con 2019)
2024,3,2024-03,Zaragoza,ZARAGOZA,Zaragoza,54570,755,13341503,03_Marzo_Definitivo_2024.xlsx,Ranking mensual (con 2019)
2022,4,2022-04,A Coruna,A CORUNA,A Coruna,77078,1138,8233,04_Abril_Definitivo_2022.xlsx,ABRIL 2022
2022,4,2022-04,Adolfo Suarez Madrid-Barajas,ADOLFO SUAREZ MADRID-BARAJAS,Madrid,4040509,28627,46028366,04_Abril_Definitivo_2022.xlsx,ABRIL 2022
2022,4,2022-04,Aeropuerto Intl. Region Murcia,AEROPUERTO INTL. REGION MURCIA,Murcia,83241,666,0,04_Abril_Definitivo_2022.xlsx,ABRIL 2022
2022,4,2022-04,Albacete,ALBACETE,Albacete,75,84,0,04_Abril_Definitivo_2022.xlsx,ABRIL 2022
2022,4,2022-04,Algeciras-Helipuerto,ALGECIRAS-HELIPUERTO,Cadiz,3277,272,0,04_Abril_Definitivo_2022.xlsx,ABRIL 2022
2022,4,2022-04,Alicante-Elche Miguel Hdez.,ALICANTE-ELCHE MIGUEL HDEZ.,Alicante,1201829,8421,360458,04_Abril_Definitivo_2022.xlsx,ABRIL 2022
2022,4,2022-04,Almeria,ALMERIA,Almeria,64144,1058,0,04_Abril_Definitivo_2022.xlsx,ABRIL 2022
2022,4,2022-04,Asturias,ASTURIAS,Asturias,111968,1000,1296,04_Abril_Definitivo_2022.xlsx,ABRIL 2022
2022,4,2022-04,Badajoz,BADAJOZ,Badajoz,5766,189,0,04_Abril_Definitivo_2022.xlsx,ABRIL 2022
2022,4,2022-04,Barcelona-El Prat J.T.,BARCELONA-EL PRAT J.T.,Barcelona,3521914,24642,12041322,04_Abril_Definitivo_2022.xlsx,ABRIL 2022
2022,4,2022-04,Bilbao,BILBAO,Bizkaia,440118,4006,56564,04_Abril_Definitivo_2022.xlsx,ABRIL 2022
2022,4,2022-04,Burgos,BURGOS,Burgos,273,1315,0,04_Abril_Definitivo_2022.xlsx,ABRIL 2022
2022,4,2022-04,Ceuta-Helipuerto,CEUTA-HELIPUERTO,Ceuta,6339,536,0,04_Abril_Definitivo_2022.xlsx,ABRIL 2022
2022,4,2022-04,Cordoba,CORDOBA,Cordoba,272,1063,0,04_Abril_Definitivo_2022.xlsx,ABRIL 2022
2022,4,2022-04,El Hierro,EL HIERRO,Santa Cruz de Tenerife,22369,458,4635,04_Abril_Definitivo_2022.xlsx,ABRIL 2022
2022,4,2022-04,Fgl Granada-Jaen,FGL GRANADA-JAEN,Granada,76878,1244,0,04_Abril_Definitivo_2022.xlsx,ABRIL 2022
2022,4,2022-04,Fuerteventura,FUERTEVENTURA,Las Palmas,497252,4230,34262,04_Abril_Definitivo_2022.xlsx,ABRIL 2022
2022,4,2022-04,Girona-Costa Brava,GIRONA-COSTA BRAVA,Girona,100276,1778,5435,04_Abril_Definitivo_2022.xlsx,ABRIL 2022
2022,4,2022-04,Gran Canaria,GRAN CANARIA,Las Palmas,1073538,10227,1278728,04_Abril_Definitivo_2022.xlsx,ABRIL 2022
2022,4,2022-04,Huesca-Pirineos,HUESCA-PIRINEOS,Huesca,90,112,0,04_Abril_Definitivo_2022.xlsx,ABRIL 2022
2022,4,2022-04,Ibiza,IBIZA,Illes Balears,537097,5734,97176,04_Abril_Definitivo_2022.xlsx,ABRIL 2022
2022,4,2022-04,Jerez De La Frontera,JEREZ DE LA FRONTERA,Cadiz,79205,3573,1612,04_Abril_Definitivo_2022.xlsx,ABRIL 2022
2022,4,2022-04,La Gomera,LA GOMERA,Santa Cruz de Tenerife,7034,195,179,04_Abril_Definitivo_2022.xlsx,ABRIL 2022
2022,4,2022-04,La Palma,LA PALMA,Santa Cruz de Tenerife,113920,1735,27240,04_Abril_Definitivo_2022.xlsx,ABRIL 2022
2022,4,2022-04,Lanzarote-Cesar Manrique,LANZAROTE-CESAR MANRIQUE,Las Palmas,645087,5311,52498,04_Abril_Definitivo_2022.xlsx,ABRIL 2022
2022,4,2022-04,Leon,LEON,Leon,3353,306,0,04_Abril_Definitivo_2022.xlsx,ABRIL 2022
2022,4,2022-04,Logrono,LOGRONO,La Rioja,1166,104,0,04_Abril_Definitivo_2022.xlsx,ABRIL 2022
2022,4,2022-04,Madrid-Cuatro Vientos,MADRID-CUATRO VIENTOS,Madrid,250,5259,0,04_Abril_Definitivo_2022.xlsx,ABRIL 2022
2022,4,2022-04,Malaga-Costa Del Sol,MALAGA-COSTA DEL SOL,Malaga,1660066,12976,109014,04_Abril_Definitivo_2022.xlsx,ABRIL 2022
2022,4,2022-04,Melilla,MELILLA,Melilla,35407,759,1076,04_Abril_Definitivo_2022.xlsx,ABRIL 2022
2022,4,2022-04,Menorca,MENORCA,Illes Balears,220560,2442,63169,04_Abril_Definitivo_2022.xlsx,ABRIL 2022
2022,4,2022-04,Palma De Mallorca,PALMA DE MALLORCA,Illes Balears,2439613,20339,573695,04_Abril_Definitivo_2022.xlsx,ABRIL 2022
2022,4,2022-04,Pamplona,PAMPLONA,Navarra,13016,444,0,04_Abril_Definitivo_2022.xlsx,ABRIL 2022
2022,4,2022-04,Reus,REUS,Tarragona,58456,1423,0,04_Abril_Definitivo_2022.xlsx,ABRIL 2022
2022,4,2022-04,Sabadell,SABADELL,Barcelona,332,4102,0,04_Abril_Definitivo_2022.xlsx,ABRIL 2022
2022,4,2022-04,Salamanca,SALAMANCA,Salamanca,359,645,0,04_Abril_Definitivo_2022.xlsx,ABRIL 2022
2022,4,2022-04,San Sebastian,SAN SEBASTIAN,Gipuzkoa,29088,383,0,04_Abril_Definitivo_2022.xlsx,ABRIL 2022
2022,4,2022-04,Santiago-Rosalia De Castro,SANTIAGO-ROSALIA DE CASTRO,A Coruna,292643,2339,389461,04_Abril_Definitivo_2022.xlsx,ABRIL 2022
2022,4,2022-04,Seve Ballesteros-Santander,SEVE BALLESTEROS-SANTANDER,Cantabria,92538,941,9,04_Abril_Definitivo_2022.xlsx,ABRIL 2022
2022,4,2022-04,Sevilla,SEVILLA,Sevilla,598247,5381,797516,04_Abril_Definitivo_2022.xlsx,ABRIL 2022
2022,4,2022-04,Son Bonet,SON BONET,Illes Balears,1002,1222,0,04_Abril_Definitivo_2022.xlsx,ABRIL 2022
2022,4,2022-04,Tenerife Norte-C. La Laguna,TENERIFE NORTE-C. LA LAGUNA,Santa Cruz de Tenerife,467824,5822,1204713,04_Abril_Definitivo_2022.xlsx,ABRIL 2022
2022,4,2022-04,Tenerife-Sur,TENERIFE-SUR,Santa Cruz de Tenerife,962818,6479,66447,04_Abril_Definitivo_2022.xlsx,ABRIL 2022
2022,4,2022-04,Valencia,VALENCIA,Valencia,716259,6426,1062410,04_Abril_Definitivo_2022.xlsx,ABRIL 2022
2022,4,2022-04,Valladolid,VALLADOLID,Valladolid,13951,605,0,04_Abril_Definitivo_2022.xlsx,ABRIL 2022
2022,4,2022-04,Vigo,VIGO,Pontevedra,68030,938,25585,04_Abril_Definitivo_2022.xlsx,ABRIL 2022
2022,4,2022-04,Vitoria,VITORIA,Alava,20682,1008,5591776,04_Abril_Definitivo_2022.xlsx,ABRIL 2022
2022,4,2022-04,Zaragoza,ZARAGOZA,Zaragoza,52954,861,12801302,04_Abril_Definitivo_2022.xlsx,ABRIL 2022
2023,4,2023-04,A Coruna,A CORUNA,A Coruna,105310,1269,5453,04_Abril_Definitivo_2023.xlsx,ABRIL 2023
2023,4,2023-04,Adolfo Suarez Madrid-Barajas,ADOLFO SUAREZ MADRID-BARAJAS,Madrid,4871391,31620,50168067,04_Abril_Definitivo_2023.xlsx,ABRIL 2023
2023,4,2023-04,Aeropuerto Intl. Region Murcia,AEROPUERTO INTL. REGION MURCIA,Murcia,91557,688,0,04_Abril_Definitivo_2023.xlsx,ABRIL 2023
2023,4,2023-04,Albacete,ALBACETE,Albacete,230,54,0,04_Abril_Definitivo_2023.xlsx,ABRIL 2023
2023,4,2023-04,Algeciras-Helipuerto,ALGECIRAS-HELIPUERTO,Cadiz,3367,260,0,04_Abril_Definitivo_2023.xlsx,ABRIL 2023
2023,4,2023-04,Alicante-Elche Miguel Hdez.,ALICANTE-ELCHE MIGUEL HDEZ.,Alicante,1435274,9252,313155,04_Abril_Definitivo_2023.xlsx,ABRIL 2023
2023,4,2023-04,Almeria,ALMERIA,Almeria,66810,1055,0,04_Abril_Definitivo_2023.xlsx,ABRIL 2023
2023,4,2023-04,Asturias,ASTURIAS,Asturias,163308,1259,744,04_Abril_Definitivo_2023.xlsx,ABRIL 2023
2023,4,2023-04,Badajoz,BADAJOZ,Badajoz,8418,257,0,04_Abril_Definitivo_2023.xlsx,ABRIL 2023
2023,4,2023-04,Barcelona-El Prat J.T.,BARCELONA-EL PRAT J.T.,Barcelona,4202003,26896,12326849,04_Abril_Definitivo_2023.xlsx,ABRIL 2023
2023,4,2023-04,Bilbao,BILBAO,Bizkaia,531494,4466,62353,04_Abril_Definitivo_2023.xlsx,ABRIL 2023
2023,4,2023-04,Burgos,BURGOS,Burgos,245,2239,0,04_Abril_Definitivo_2023.xlsx,ABRIL 2023
2023,4,2023-04,Ceuta-Helipuerto,CEUTA-HELIPUERTO,Ceuta,6973,604,0,04_Abril_Definitivo_2023.xlsx,ABRIL 2023
2023,4,2023-04,Cordoba,CORDOBA,Cordoba,458,980,0,04_Abril_Definitivo_2023.xlsx,ABRIL 2023
2023,4,2023-04,El Hierro,EL HIERRO,Santa Cruz de Tenerife,24161,512,4702,04_Abril_Definitivo_2023.xlsx,ABRIL 2023
2023,4,2023-04,Fgl Granada-Jaen,FGL GRANADA-JAEN,Granada,86217,1501,8,04_Abril_Definitivo_2023.xlsx,ABRIL 2023
2023,4,2023-04,Fuerteventura,FUERTEVENTURA,Las Palmas,507950,4063,27556,04_Abril_Definitivo_2023.xlsx,ABRIL 2023
2023,4,2023-04,Girona-Costa Brava,GIRONA-COSTA BRAVA,Girona,90800,1474,8069,04_Abril_Definitivo_2023.xlsx,ABRIL 2023
2023,4,2023-04,Gran Canaria,GRAN CANARIA,Las Palmas,1166113,10633,1291154,04_Abril_Definitivo_2023.xlsx,ABRIL 2023
2023,4,2023-04,Huesca-Pirineos,HUESCA-PIRINEOS,Huesca,1,112,0,04_Abril_Definitivo_2023.xlsx,ABRIL 2023
2023,4,2023-04,Ibiza,IBIZA,Illes Balears,665505,6406,75982,04_Abril_Definitivo_2023.xlsx,ABRIL 2023
2023,4,2023-04,Jerez De La Frontera,JEREZ DE LA FRONTERA,Cadiz,88927,4676,74,04_Abril_Definitivo_2023.xlsx,ABRIL 2023
2023,4,2023-04,La Gomera,LA GOMERA,Santa Cruz de Tenerife,10090,308,622,04_Abril_Definitivo_2023.xlsx,ABRIL 2023
2023,4,2023-04,La Palma,LA PALMA,Santa Cruz de Tenerife,115012,1830,21780,04_Abril_Definitivo_2023.xlsx,ABRIL 2023
2023,4,2023-04,Lanzarote Cesar Manrique,LANZAROTE CESAR MANRIQUE,Las Palmas,693560,5541,42086,04_Abril_Definitivo_2023.xlsx,ABRIL 2023
2023,4,2023-04,Leon,LEON,Leon,7194,381,0,04_Abril_Definitivo_2023.xlsx,ABRIL 2023
2023,4,2023-04,Logrono,LOGRONO,La Rioja,1990,165,0,04_Abril_Definitivo_2023.xlsx,ABRIL 2023
2023,4,2023-04,Madrid-Cuatro Vientos,MADRID-CUATRO VIENTOS,Madrid,183,5260,0,04_Abril_Definitivo_2023.xlsx,ABRIL 2023
2023,4,2023-04,Malaga-Costa Del Sol,MALAGA-COSTA DEL SOL,Malaga,2020881,14503,202578,04_Abril_Definitivo_2023.xlsx,ABRIL 2023
2023,4,2023-04,Melilla,MELILLA,Melilla,40520,870,1476,04_Abril_Definitivo_2023.xlsx,ABRIL 2023
2023,4,2023-04,Menorca,MENORCA,Illes Balears,229075,2399,57222,04_Abril_Definitivo_2023.xlsx,ABRIL 2023
2023,4,2023-04,Palma De Mallorca,PALMA DE MALLORCA,Illes Balears,2731122,20612,540500,04_Abril_Definitivo_2023.xlsx,ABRIL 2023
2023,4,2023-04,Pamplona,PAMPLONA,Navarra,17054,440,0,04_Abril_Definitivo_2023.xlsx,ABRIL 2023
2023,4,2023-04,Reus,REUS,Tarragona,77562,1660,0,04_Abril_Definitivo_2023.xlsx,ABRIL 2023
2023,4,2023-04,Sabadell,SABADELL,Barcelona,594,4379,0,04_Abril_Definitivo_2023.xlsx,ABRIL 2023
2023,4,2023-04,Salamanca,SALAMANCA,Salamanca,1434,743,0,04_Abril_Definitivo_2023.xlsx,ABRIL 2023
2023,4,2023-04,San Sebastian,SAN SEBASTIAN,Gipuzkoa,39553,535,0,04_Abril_Definitivo_2023.xlsx,ABRIL 2023
2023,4,2023-04,Santiago-Rosalia De Castro,SANTIAGO-ROSALIA DE CASTRO,A Coruna,311142,2272,344763,04_Abril_Definitivo_2023.xlsx,ABRIL 2023
2023,4,2023-04,Seve Ballesteros-Santander,SEVE BALLESTEROS-SANTANDER,Cantabria,117849,1165,0,04_Abril_Definitivo_2023.xlsx,ABRIL 2023
2023,4,2023-04,Sevilla,SEVILLA,Sevilla,676804,5555,1115671,04_Abril_Definitivo_2023.xlsx,ABRIL 2023
2023,4,2023-04,Son Bonet,SON BONET,Illes Balears,1047,1635,0,04_Abril_Definitivo_2023.xlsx,ABRIL 2023
2023,4,2023-04,Tenerife Norte-C. La Laguna,TENERIFE NORTE-C. LA LAGUNA,Santa Cruz de Tenerife,507893,5983,1068416,04_Abril_Definitivo_2023.xlsx,ABRIL 2023
2023,4,2023-04,Tenerife Sur,TENERIFE SUR,Santa Cruz de Tenerife,1023101,6773,61130,04_Abril_Definitivo_2023.xlsx,ABRIL 2023
2023,4,2023-04,Valencia,VALENCIA,Valencia,863536,6967,994575,04_Abril_Definitivo_2023.xlsx,ABRIL 2023
2023,4,2023-04,Valladolid,VALLADOLID,Valladolid,21466,683,0,04_Abril_Definitivo_2023.xlsx,ABRIL 2023
2023,4,2023-04,Vigo,VIGO,Pontevedra,98756,1265,34910,04_Abril_Definitivo_2023.xlsx,ABRIL 2023
2023,4,2023-04,Vitoria,VITORIA,Alava,32058,1181,5168046,04_Abril_Definitivo_2023.xlsx,ABRIL 2023
2023,4,2023-04,Zaragoza,ZARAGOZA,Zaragoza,64548,835,11378579,04_Abril_Definitivo_2023.xlsx,ABRIL 2023
2024,4,2024-04,A Coruna,A CORUNA,A Coruna,101356,1263,5189,04_Abril_Definitivo_2024.xlsx,Ranking mensual (con 2019)
2024,4,2024-04,Adolfo Suarez Madrid-Barajas,ADOLFO SUAREZ MADRID-BARAJAS,Madrid,5388400,34720,59282246,04_Abril_Definitivo_2024.xlsx,Ranking mensual (con 2019)
2024,4,2024-04,Aeropuerto Intl. Region Murcia,AEROPUERTO INTL. REGION MURCIA,Murcia,92065,685,0,04_Abril_Definitivo_2024.xlsx,Ranking mensual (con 2019)
2024,4,2024-04,Albacete,ALBACETE,Albacete,192,56,0,04_Abril_Definitivo_2024.xlsx,Ranking mensual (con 2019)
2024,4,2024-04,Algeciras-Helipuerto,ALGECIRAS-HELIPUERTO,Cadiz,2842,218,0,04_Abril_Definitivo_2024.xlsx,Ranking mensual (con 2019)
2024,4,2024-04,Alicante-Elche Miguel Hdez.,ALICANTE-ELCHE MIGUEL HDEZ.,Alicante,1591490,10100,370772,04_Abril_Definitivo_2024.xlsx,Ranking mensual (con 2019)
2024,4,2024-04,Almeria,ALMERIA,Almeria,70144,1076,0,04_Abril_Definitivo_2024.xlsx,Ranking mensual (con 2019)
2024,4,2024-04,Asturias,ASTURIAS,Asturias,169253,1314,1152,04_Abril_Definitivo_2024.xlsx,Ranking mensual (con 2019)
2024,4,2024-04,Badajoz,BADAJOZ,Badajoz,7882,321,0,04_Abril_Definitivo_2024.xlsx,Ranking mensual (con 2019)
2024,4,2024-04,Barcelona-El Prat J.T.,BARCELONA-EL PRAT J.T.,Barcelona,4601072,29812,14861951,04_Abril_Definitivo_2024.xlsx,Ranking mensual (con 2019)
2024,4,2024-04,Bilbao,BILBAO,Bizkaia,592268,4682,80613,04_Abril_Definitivo_2024.xlsx,Ranking mensual (con 2019)
2024,4,2024-04,Burgos,BURGOS,Burgos,668,2242,0,04_Abril_Definitivo_2024.xlsx,Ranking mensual (con 2019)
2024,4,2024-04,Ceuta-Helipuerto,CEUTA-HELIPUERTO,Ceuta,7018,566,0,04_Abril_Definitivo_2024.xlsx,Ranking mensual (con 2019)
2024,4,2024-04,Cordoba,CORDOBA,Cordoba,679,1514,0,04_Abril_Definitivo_2024.xlsx,Ranking mensual (con 2019)
2024,4,2024-04,El Hierro,EL HIERRO,Santa Cruz de Tenerife,23853,498,4163,04_Abril_Definitivo_2024.xlsx,Ranking mensual (con 2019)
2024,4,2024-04,Fgl Granada-Jaen,FGL GRANADA-JAEN,Granada,92671,1551,0,04_Abril_Definitivo_2024.xlsx,Ranking mensual (con 2019)
2024,4,2024-04,Fuerteventura,FUERTEVENTURA,Las Palmas,508481,4177,31757,04_Abril_Definitivo_2024.xlsx,Ranking mensual (con 2019)
2024,4,2024-04,Girona-Costa Brava,GIRONA-COSTA BRAVA,Girona,170690,2049,3594,04_Abril_Definitivo_2024.xlsx,Ranking mensual (con 2019)
2024,4,2024-04,Gran Canaria,GRAN CANARIA,Las Palmas,1201724,11400,1493392,04_Abril_Definitivo_2024.xlsx,Ranking mensual (con 2019)
2024,4,2024-04,Huesca-Pirineos,HUESCA-PIRINEOS,Huesca,0,144,0,04_Abril_Definitivo_2024.xlsx,Ranking mensual (con 2019)
2024,4,2024-04,Ibiza,IBIZA,Illes Balears,639615,6199,82661,04_Abril_Definitivo_2024.xlsx,Ranking mensual (con 2019)
2024,4,2024-04,Jerez De La Frontera,JEREZ DE LA FRONTERA,Cadiz,88142,5202,0,04_Abril_Definitivo_2024.xlsx,Ranking mensual (con 2019)
2024,4,2024-04,La Gomera,LA GOMERA,Santa Cruz de Tenerife,9426,328,442,04_Abril_Definitivo_2024.xlsx,Ranking mensual (con 2019)
2024,4,2024-04,La Palma,LA PALMA,Santa Cruz de Tenerife,117956,1930,26994,04_Abril_Definitivo_2024.xlsx,Ranking mensual (con 2019)
2024,4,2024-04,Lanzarote Cesar Manrique,LANZAROTE CESAR MANRIQUE,Las Palmas,708816,5880,45453,04_Abril_Definitivo_2024.xlsx,Ranking mensual (con 2019)
2024,4,2024-04,Leon,LEON,Leon,4901,228,0,04_Abril_Definitivo_2024.xlsx,Ranking mensual (con 2019)
2024,4,2024-04,Logrono,LOGRONO,La Rioja,2221,816,0,04_Abril_Definitivo_2024.xlsx,Ranking mensual (con 2019)
2024,4,2024-04,Madrid-Cuatro Vientos,MADRID-CUATRO VIENTOS,Madrid,159,6628,0,04_Abril_Definitivo_2024.xlsx,Ranking mensual (con 2019)
2024,4,2024-04,Malaga-Costa Del Sol,MALAGA-COSTA DEL SOL,Malaga,2162313,15196,214472,04_Abril_Definitivo_2024.xlsx,Ranking mensual (con 2019)
2024,4,2024-04,Melilla,MELILLA,Melilla,41728,919,2641,04_Abril_Definitivo_2024.xlsx,Ranking mensual (con 2019)
2024,4,2024-04,Menorca,MENORCA,Illes Balears,226503,2482,50540,04_Abril_Definitivo_2024.xlsx,Ranking mensual (con 2019)
2024,4,2024-04,Palma De Mallorca,PALMA DE MALLORCA,Illes Balears,2807020,21407,579305,04_Abril_Definitivo_2024.xlsx,Ranking mensual (con 2019)
2024,4,2024-04,Pamplona,PAMPLONA,Navarra,20085,455,0,04_Abril_Definitivo_2024.xlsx,Ranking mensual (con 2019)
2024,4,2024-04,Reus,REUS,Tarragona,101970,2227,0,04_Abril_Definitivo_2024.xlsx,Ranking mensual (con 2019)
2024,4,2024-04,Sabadell,SABADELL,Barcelona,455,4502,0,04_Abril_Definitivo_2024.xlsx,Ranking mensual (con 2019)
2024,4,2024-04,Salamanca,SALAMANCA,Salamanca,399,834,0,04_Abril_Definitivo_2024.xlsx,Ranking mensual (con 2019)
2024,4,2024-04,San Sebastian,SAN SEBASTIAN,Gipuzkoa,43491,536,0,04_Abril_Definitivo_2024.xlsx,Ranking mensual (con 2019)
2024,4,2024-04,Santiago-Rosalia De Castro,SANTIAGO-ROSALIA DE CASTRO,A Coruna,342004,2528,430296,04_Abril_Definitivo_2024.xlsx,Ranking mensual (con 2019)
2024,4,2024-04,Seve Ballesteros-Santander,SEVE BALLESTEROS-SANTANDER,Cantabria,101338,1018,0,04_Abril_Definitivo_2024.xlsx,Ranking mensual (con 2019)
2024,4,2024-04,Sevilla,SEVILLA,Sevilla,848669,6801,911256,04_Abril_Definitivo_2024.xlsx,Ranking mensual (con 2019)
2024,4,2024-04,Son Bonet,SON BONET,Illes Balears,808,1491,0,04_Abril_Definitivo_2024.xlsx,Ranking mensual (con 2019)
2024,4,2024-04,Tenerife Norte-C. La Laguna,TENERIFE NORTE-C. LA LAGUNA,Santa Cruz de Tenerife,540989,6740,1283500,04_Abril_Definitivo_2024.xlsx,Ranking mensual (con 2019)
2024,4,2024-04,Tenerife Sur,TENERIFE SUR,Santa Cruz de Tenerife,1098879,7156,109021,04_Abril_Definitivo_2024.xlsx,Ranking mensual (con 2019)
2024,4,2024-04,Valencia,VALENCIA,Valencia,945513,7549,1158707,04_Abril_Definitivo_2024.xlsx,Ranking mensual (con 2019)
2024,4,2024-04,Valladolid,VALLADOLID,Valladolid,19149,637,0,04_Abril_Definitivo_2024.xlsx,Ranking mensual (con 2019)
2024,4,2024-04,Vigo,VIGO,Pontevedra,91655,970,19823,04_Abril_Definitivo_2024.xlsx,Ranking mensual (con 2019)
2024,4,2024-04,Vitoria,VITORIA,Alava,26990,1277,6116909,04_Abril_Definitivo_2024.xlsx,Ranking mensual (con 2019)
2024,4,2024-04,Zaragoza,ZARAGOZA,Zaragoza,59529,866,13940238,04_Abril_Definitivo_2024.xlsx,Ranking mensual (con 2019)
2022,5,2022-05,A Coruna,A CORUNA,A Coruna,85255,1344,5999,05_Mayo_Definitivo_2022.xlsx,MAYO 2022
2022,5,2022-05,Adolfo Suarez Madrid-Barajas,ADOLFO SUAREZ MADRID-BARAJAS,Madrid,4325389,30725,47171984,05_Mayo_Definitivo_2022.xlsx,MAYO 2022
2022,5,2022-05,Aeropuerto Intl. Region Murcia,AEROPUERTO INTL. REGION MURCIA,Murcia,92748,772,0,05_Mayo_Definitivo_2022.xlsx,MAYO 2022
2022,5,2022-05,Albacete,ALBACETE,Albacete,25,114,0,05_Mayo_Definitivo_2022.xlsx,MAYO 2022
2022,5,2022-05,Algeciras-Helipuerto,ALGECIRAS-HELIPUERTO,Cadiz,3536,306,0,05_Mayo_Definitivo_2022.xlsx,MAYO 2022
2022,5,2022-05,Alicante-Elche Miguel Hdez.,ALICANTE-ELCHE MIGUEL HDEZ.,Alicante,1271685,8776,401529,05_Mayo_Definitivo_2022.xlsx,MAYO 2022
2022,5,2022-05,Almeria,ALMERIA,Almeria,76054,1154,0,05_Mayo_Definitivo_2022.xlsx,MAYO 2022
2022,5,2022-05,Asturias,ASTURIAS,Asturias,125754,1102,796,05_Mayo_Definitivo_2022.xlsx,MAYO 2022
2022,5,2022-05,Badajoz,BADAJOZ,Badajoz,5586,231,0,05_Mayo_Definitivo_2022.xlsx,MAYO 2022
2022,5,2022-05,Barcelona-El Prat J.T.,BARCELONA-EL PRAT J.T.,Barcelona,3818722,26654,13701167,05_Mayo_Definitivo_2022.xlsx,MAYO 2022
2022,5,2022-05,Bilbao,BILBAO,Bizkaia,466933,4362,64755,05_Mayo_Definitivo_2022.xlsx,MAYO 2022
2022,5,2022-05,Burgos,BURGOS,Burgos,319,2231,0,05_Mayo_Definitivo_2022.xlsx,MAYO 2022
2022,5,2022-05,Ceuta-Helipuerto,CEUTA-HELIPUERTO,Ceuta,6859,588,0,05_Mayo_Definitivo_2022.xlsx,MAYO 2022
2022,5,2022-05,Cordoba,CORDOBA,Cordoba,486,1279,0,05_Mayo_Definitivo_2022.xlsx,MAYO 2022
2022,5,2022-05,El Hierro,EL HIERRO,Santa Cruz de Tenerife,21801,480,5161,05_Mayo_Definitivo_2022.xlsx,MAYO 2022
2022,5,2022-05,Fgl Granada-Jaen,FGL GRANADA-JAEN,Granada,83807,1511,0,05_Mayo_Definitivo_2022.xlsx,MAYO 2022
2022,5,2022-05,Fuerteventura,FUERTEVENTURA,Las Palmas,414267,3817,29924,05_Mayo_Definitivo_2022.xlsx,MAYO 2022
2022,5,2022-05,Girona-Costa Brava,GIRONA-COSTA BRAVA,Girona,162265,2349,6118,05_Mayo_Definitivo_2022.xlsx,MAYO 2022
2022,5,2022-05,Gran Canaria,GRAN CANARIA,Las Palmas,901584,9192,1255627,05_Mayo_Definitivo_2022.xlsx,MAYO 2022
2022,5,2022-05,Huesca-Pirineos,HUESCA-PIRINEOS,Huesca,75,234,0,05_Mayo_Definitivo_2022.xlsx,MAYO 2022
2022,5,2022-05,Ibiza,IBIZA,Illes Balears,856519,8181,117685,05_Mayo_Definitivo_2022.xlsx,MAYO 2022
2022,5,2022-05,Jerez De La Frontera,JEREZ DE LA FRONTERA,Cadiz,95799,4268,5,05_Mayo_Definitivo_2022.xlsx,MAYO 2022
2022,5,2022-05,La Gomera,LA GOMERA,Santa Cruz de Tenerife,7063,230,471,05_Mayo_Definitivo_2022.xlsx,MAYO 2022
2022,5,2022-05,La Palma,LA PALMA,Santa Cruz de Tenerife,110283,1689,22848,05_Mayo_Definitivo_2022.xlsx,MAYO 2022
2022,5,2022-05,Lanzarote-Cesar Manrique,LANZAROTE-CESAR MANRIQUE,Las Palmas,580186,5107,50437,05_Mayo_Definitivo_2022.xlsx,MAYO 2022
2022,5,2022-05,Leon,LEON,Leon,1994,258,0,05_Mayo_Definitivo_2022.xlsx,MAYO 2022
2022,5,2022-05,Logrono,LOGRONO,La Rioja,1227,157,0,05_Mayo_Definitivo_2022.xlsx,MAYO 2022
2022,5,2022-05,Madrid-Cuatro Vientos,MADRID-CUATRO VIENTOS,Madrid,207,6067,0,05_Mayo_Definitivo_2022.xlsx,MAYO 2022
2022,5,2022-05,Malaga-Costa Del Sol,MALAGA-COSTA DEL SOL,Malaga,1852224,14150,107225,05_Mayo_Definitivo_2022.xlsx,MAYO 2022
2022,5,2022-05,Melilla,MELILLA,Melilla,34595,829,1050,05_Mayo_Definitivo_2022.xlsx,MAYO 2022
2022,5,2022-05,Menorca,MENORCA,Illes Balears,374504,3509,71715,05_Mayo_Definitivo_2022.xlsx,MAYO 2022
2022,5,2022-05,Palma De Mallorca,PALMA DE MALLORCA,Illes Balears,3119255,24248,726217,05_Mayo_Definitivo_2022.xlsx,MAYO 2022
2022,5,2022-05,Pamplona,PAMPLONA,Navarra,13800,507,4506,05_Mayo_Definitivo_2022.xlsx,MAYO 2022
2022,5,2022-05,Reus,REUS,Tarragona,121465,2303,0,05_Mayo_Definitivo_2022.xlsx,MAYO 2022
2022,5,2022-05,Sabadell,SABADELL,Barcelona,668,5123,0,05_Mayo_Definitivo_2022.xlsx,MAYO 2022
2022,5,2022-05,Salamanca,SALAMANCA,Salamanca,1138,1057,0,05_Mayo_Definitivo_2022.xlsx,MAYO 2022
2022,5,2022-05,San Sebastian,SAN SEBASTIAN,Gipuzkoa,36406,562,0,05_Mayo_Definitivo_2022.xlsx,MAYO 2022
2022,5,2022-05,Santiago-Rosalia De Castro,SANTIAGO-ROSALIA DE CASTRO,A Coruna,307168,2501,390439,05_Mayo_Definitivo_2022.xlsx,MAYO 2022
2022,5,2022-05,Seve Ballesteros-Santander,SEVE BALLESTEROS-SANTANDER,Cantabria,100320,1186,0,05_Mayo_Definitivo_2022.xlsx,MAYO 2022
2022,5,2022-05,Sevilla,SEVILLA,Sevilla,635220,5890,824043,05_Mayo_Definitivo_2022.xlsx,MAYO 2022
2022,5,2022-05,Son Bonet,SON BONET,Illes Balears,942,1483,0,05_Mayo_Definitivo_2022.xlsx,MAYO 2022
2022,5,2022-05,Tenerife Norte-C. La Laguna,TENERIFE NORTE-C. LA LAGUNA,Santa Cruz de Tenerife,472579,5906,1211797,05_Mayo_Definitivo_2022.xlsx,MAYO 2022
2022,5,2022-05,Tenerife-Sur,TENERIFE-SUR,Santa Cruz de Tenerife,774688,5390,77061,05_Mayo_Definitivo_2022.xlsx,MAYO 2022
2022,5,2022-05,Valencia,VALENCIA,Valencia,739159,6850,1239645,05_Mayo_Definitivo_2022.xlsx,MAYO 2022
2022,5,2022-05,Valladolid,VALLADOLID,Valladolid,12355,866,4692,05_Mayo_Definitivo_2022.xlsx,MAYO 2022
2022,5,2022-05,Vigo,VIGO,Pontevedra,75466,1077,30413,05_Mayo_Definitivo_2022.xlsx,MAYO 2022
2022,5,2022-05,Vitoria,VITORIA,Alava,23370,1249,6554416,05_Mayo_Definitivo_2022.xlsx,MAYO 2022
2022,5,2022-05,Zaragoza,ZARAGOZA,Zaragoza,51083,889,8943953,05_Mayo_Definitivo_2022.xlsx,MAYO 2022
2023,5,2023-05,A Coruna,A CORUNA,A Coruna,107954,1349,7031,05_Mayo_Definitivo_2023.xlsx,MAYO 2023
2023,5,2023-05,Adolfo Suarez Madrid-Barajas,ADOLFO SUAREZ MADRID-BARAJAS,Madrid,5053366,33359,53363864,05_Mayo_Definitivo_2023.xlsx,MAYO 2023
2023,5,2023-05,Aeropuerto Intl. Region Murcia,AEROPUERTO INTL. REGION MURCIA,Murcia,102853,806,0,05_Mayo_Definitivo_2023.xlsx,MAYO 2023
2023,5,2023-05,Albacete,ALBACETE,Albacete,300,40,0,05_Mayo_Definitivo_2023.xlsx,MAYO 2023
2023,5,2023-05,Algeciras-Helipuerto,ALGECIRAS-HELIPUERTO,Cadiz,3786,316,0,05_Mayo_Definitivo_2023.xlsx,MAYO 2023
2023,5,2023-05,Alicante-Elche Miguel Hdez.,ALICANTE-ELCHE MIGUEL HDEZ.,Alicante,1500278,9619,399567,05_Mayo_Definitivo_2023.xlsx,MAYO 2023
2023,5,2023-05,Almeria,ALMERIA,Almeria,86342,1113,12,05_Mayo_Definitivo_2023.xlsx,MAYO 2023
2023,5,2023-05,Asturias,ASTURIAS,Asturias,172017,1304,1034,05_Mayo_Definitivo_2023.xlsx,MAYO 2023
2023,5,2023-05,Badajoz,BADAJOZ,Badajoz,7351,249,0,05_Mayo_Definitivo_2023.xlsx,MAYO 2023
2023,5,2023-05,Barcelona-El Prat J.T.,BARCELONA-EL PRAT J.T.,Barcelona,4477069,28713,13498089,05_Mayo_Definitivo_2023.xlsx,MAYO 2023
2023,5,2023-05,Bilbao,BILBAO,Bizkaia,571040,4780,76681,05_Mayo_Definitivo_2023.xlsx,MAYO 2023
2023,5,2023-05,Burgos,BURGOS,Burgos,244,2398,0,05_Mayo_Definitivo_2023.xlsx,MAYO 2023
2023,5,2023-05,Ceuta-Helipuerto,CEUTA-HELIPUERTO,Ceuta,7987,708,0,05_Mayo_Definitivo_2023.xlsx,MAYO 2023
2023,5,2023-05,Cordoba,CORDOBA,Cordoba,469,781,0,05_Mayo_Definitivo_2023.xlsx,MAYO 2023
2023,5,2023-05,El Hierro,EL HIERRO,Santa Cruz de Tenerife,24186,508,4956,05_Mayo_Definitivo_2023.xlsx,MAYO 2023
2023,5,2023-05,Fgl Granada-Jaen,FGL GRANADA-JAEN,Granada,83640,1312,0,05_Mayo_Definitivo_2023.xlsx,MAYO 2023
2023,5,2023-05,Fuerteventura,FUERTEVENTURA,Las Palmas,450757,3887,28898,05_Mayo_Definitivo_2023.xlsx,MAYO 2023
2023,5,2023-05,Girona-Costa Brava,GIRONA-COSTA BRAVA,Girona,122918,1559,3728,05_Mayo_Definitivo_2023.xlsx,MAYO 2023
2023,5,2023-05,Gran Canaria,GRAN CANARIA,Las Palmas,998304,9814,1303112,05_Mayo_Definitivo_2023.xlsx,MAYO 2023
2023,5,2023-05,Huesca-Pirineos,HUESCA-PIRINEOS,Huesca,24,104,0,05_Mayo_Definitivo_2023.xlsx,MAYO 2023
2023,5,2023-05,Ibiza,IBIZA,Illes Balears,971129,8365,101894,05_Mayo_Definitivo_2023.xlsx,MAYO 2023
2023,5,2023-05,Jerez De La Frontera,JEREZ DE LA FRONTERA,Cadiz,98475,4726,0,05_Mayo_Definitivo_2023.xlsx,MAYO 2023
2023,5,2023-05,La Gomera,LA GOMERA,Santa Cruz de Tenerife,9349,319,498,05_Mayo_Definitivo_2023.xlsx,MAYO 2023
2023,5,2023-05,La Palma,LA PALMA,Santa Cruz de Tenerife,107116,1852,21071,05_Mayo_Definitivo_2023.xlsx,MAYO 2023
2023,5,2023-05,Lanzarote Cesar Manrique,LANZAROTE CESAR MANRIQUE,Las Palmas,644865,5278,45922,05_Mayo_Definitivo_2023.xlsx,MAYO 2023
2023,5,2023-05,Leon,LEON,Leon,6532,385,0,05_Mayo_Definitivo_2023.xlsx,MAYO 2023
2023,5,2023-05,Logrono,LOGRONO,La Rioja,1516,194,0,05_Mayo_Definitivo_2023.xlsx,MAYO 2023
2023,5,2023-05,Madrid-Cuatro Vientos,MADRID-CUATRO VIENTOS,Madrid,138,5117,0,05_Mayo_Definitivo_2023.xlsx,MAYO 2023
2023,5,2023-05,Malaga-Costa Del Sol,MALAGA-COSTA DEL SOL,Malaga,2151259,15230,181232,05_Mayo_Definitivo_2023.xlsx,MAYO 2023
2023,5,2023-05,Melilla,MELILLA,Melilla,42041,972,2487,05_Mayo_Definitivo_2023.xlsx,MAYO 2023
2023,5,2023-05,Menorca,MENORCA,Illes Balears,385537,3275,62717,05_Mayo_Definitivo_2023.xlsx,MAYO 2023
2023,5,2023-05,Palma De Mallorca,PALMA DE MALLORCA,Illes Balears,3421182,24399,688610,05_Mayo_Definitivo_2023.xlsx,MAYO 2023
2023,5,2023-05,Pamplona,PAMPLONA,Navarra,17676,459,0,05_Mayo_Definitivo_2023.xlsx,MAYO 2023
2023,5,2023-05,Reus,REUS,Tarragona,138170,1828,0,05_Mayo_Definitivo_2023.xlsx,MAYO 2023
2023,5,2023-05,Sabadell,SABADELL,Barcelona,536,4306,0,05_Mayo_Definitivo_2023.xlsx,MAYO 2023
2023,5,2023-05,Salamanca,SALAMANCA,Salamanca,1958,811,0,05_Mayo_Definitivo_2023.xlsx,MAYO 2023
2023,5,2023-05,San Sebastian,SAN SEBASTIAN,Gipuzkoa,44827,569,0,05_Mayo_Definitivo_2023.xlsx,MAYO 2023
2023,5,2023-05,Santiago-Rosalia De Castro,SANTIAGO-ROSALIA DE CASTRO,A Coruna,318868,2341,410505,05_Mayo_Definitivo_2023.xlsx,MAYO 2023
2023,5,2023-05,Seve Ballesteros-Santander,SEVE BALLESTEROS-SANTANDER,Cantabria,115632,1139,0,05_Mayo_Definitivo_2023.xlsx,MAYO 2023
2023,5,2023-05,Sevilla,SEVILLA,Sevilla,742050,5984,924447,05_Mayo_Definitivo_2023.xlsx,MAYO 2023
2023,5,2023-05,Son Bonet,SON BONET,Illes Balears,957,1557,0,05_Mayo_Definitivo_2023.xlsx,MAYO 2023
2023,5,2023-05,Tenerife Norte-C. La Laguna,TENERIFE NORTE-C. LA LAGUNA,Santa Cruz de Tenerife,519878,6320,985281,05_Mayo_Definitivo_2023.xlsx,MAYO 2023
2023,5,2023-05,Tenerife Sur,TENERIFE SUR,Santa Cruz de Tenerife,868830,5814,51347,05_Mayo_Definitivo_2023.xlsx,MAYO 2023
2023,5,2023-05,Valencia,VALENCIA,Valencia,886980,7446,1202871,05_Mayo_Definitivo_2023.xlsx,MAYO 2023
2023,5,2023-05,Valladolid,VALLADOLID,Valladolid,24795,609,1650,05_Mayo_Definitivo_2023.xlsx,MAYO 2023
2023,5,2023-05,Vigo,VIGO,Pontevedra,98562,1189,66189,05_Mayo_Definitivo_2023.xlsx,MAYO 2023
2023,5,2023-05,Vitoria,VITORIA,Alava,32311,1274,6342974,05_Mayo_Definitivo_2023.xlsx,MAYO 2023
2023,5,2023-05,Zaragoza,ZARAGOZA,Zaragoza,54427,783,7806551,05_Mayo_Definitivo_2023.xlsx,MAYO 2023
2024,5,2024-05,A Coruna,A CORUNA,A Coruna,106832,1282,4545,05_Mayo_Definitivo_2024.xlsx,Ranking mensual (con 2019)
2024,5,2024-05,Adolfo Suarez Madrid-Barajas,ADOLFO SUAREZ MADRID-BARAJAS,Madrid,5680233,36348,63304556,05_Mayo_Definitivo_2024.xlsx,Ranking mensual (con 2019)
2024,5,2024-05,Aeropuerto Intl. Region Murcia,AEROPUERTO INTL. REGION MURCIA,Murcia,101051,816,0,05_Mayo_Definitivo_2024.xlsx,Ranking mensual (con 2019)
2024,5,2024-05,Albacete,ALBACETE,Albacete,36,74,0,05_Mayo_Definitivo_2024.xlsx,Ranking mensual (con 2019)
2024,5,2024-05,Algeciras-Helipuerto,ALGECIRAS-HELIPUERTO,Cadiz,2929,224,0,05_Mayo_Definitivo_2024.xlsx,Ranking mensual (con 2019)
2024,5,2024-05,Alicante-Elche Miguel Hdez.,ALICANTE-ELCHE MIGUEL HDEZ.,Alicante,1749645,11019,374960,05_Mayo_Definitivo_2024.xlsx,Ranking mensual (con 2019)
2024,5,2024-05,Almeria,ALMERIA,Almeria,78299,1171,0,05_Mayo_Definitivo_2024.xlsx,Ranking mensual (con 2019)
2024,5,2024-05,Asturias,ASTURIAS,Asturias,172941,1399,264,05_Mayo_Definitivo_2024.xlsx,Ranking mensual (con 2019)
2024,5,2024-05,Badajoz,BADAJOZ,Badajoz,8116,259,0,05_Mayo_Definitivo_2024.xlsx,Ranking mensual (con 2019)
2024,5,2024-05,Barcelona-El Prat J.T.,BARCELONA-EL PRAT J.T.,Barcelona,4992843,31593,15804515,05_Mayo_Definitivo_2024.xlsx,Ranking mensual (con 2019)
2024,5,2024-05,Bilbao,BILBAO,Bizkaia,615977,4831,92441,05_Mayo_Definitivo_2024.xlsx,Ranking mensual (con 2019)
2024,5,2024-05,Burgos,BURGOS,Burgos,241,2229,0,05_Mayo_Definitivo_2024.xlsx,Ranking mensual (con 2019)
2024,5,2024-05,Ceuta-Helipuerto,CEUTA-HELIPUERTO,Ceuta,7094,638,0,05_Mayo_Definitivo_2024.xlsx,Ranking mensual (con 2019)
2024,5,2024-05,Cordoba,CORDOBA,Cordoba,609,2125,0,05_Mayo_Definitivo_2024.xlsx,Ranking mensual (con 2019)
2024,5,2024-05,El Hierro,EL HIERRO,Santa Cruz de Tenerife,25418,508,4343,05_Mayo_Definitivo_2024.xlsx,Ranking mensual (con 2019)
2024,5,2024-05,Fgl Granada-Jaen,FGL GRANADA-JAEN,Granada,95882,1702,0,05_Mayo_Definitivo_2024.xlsx,Ranking mensual (con 2019)
2024,5,2024-05,Fuerteventura,FUERTEVENTURA,Las Palmas,471459,3981,26735,05_Mayo_Definitivo_2024.xlsx,Ranking mensual (con 2019)
2024,5,2024-05,Girona-Costa Brava,GIRONA-COSTA BRAVA,Girona,217727,2390,10374,05_Mayo_Definitivo_2024.xlsx,Ranking mensual (con 2019)
2024,5,2024-05,Gran Canaria,GRAN CANARIA,Las Palmas,1095325,10840,1453638,05_Mayo_Definitivo_2024.xlsx,Ranking mensual (con 2019)
2024,5,2024-05,Huesca-Pirineos,HUESCA-PIRINEOS,Huesca,188,188,0,05_Mayo_Definitivo_2024.xlsx,Ranking mensual (con 2019)
2024,5,2024-05,Ibiza,IBIZA,Illes Balears,1031828,8817,91828,05_Mayo_Definitivo_2024.xlsx,Ranking mensual (con 2019)
2024,5,2024-05,Jerez De La Frontera,JEREZ DE LA FRONTERA,Cadiz,102733,5195,0,05_Mayo_Definitivo_2024.xlsx,Ranking mensual (con 2019)
2024,5,2024-05,La Gomera,LA GOMERA,Santa Cruz de Tenerife,10040,300,421,05_Mayo_Definitivo_2024.xlsx,Ranking mensual (con 2019)
2024,5,2024-05,La Palma,LA PALMA,Santa Cruz de Tenerife,117514,1950,20057,05_Mayo_Definitivo_2024.xlsx,Ranking mensual (con 2019)
2024,5,2024-05,Lanzarote Cesar Manrique,LANZAROTE CESAR MANRIQUE,Las Palmas,663867,5657,50089,05_Mayo_Definitivo_2024.xlsx,Ranking mensual (con 2019)
2024,5,2024-05,Leon,LEON,Leon,5600,247,0,05_Mayo_Definitivo_2024.xlsx,Ranking mensual (con 2019)
2024,5,2024-05,Logrono,LOGRONO,La Rioja,1720,767,0,05_Mayo_Definitivo_2024.xlsx,Ranking mensual (con 2019)
2024,5,2024-05,Madrid-Cuatro Vientos,MADRID-CUATRO VIENTOS,Madrid,186,6624,0,05_Mayo_Definitivo_2024.xlsx,Ranking mensual (con 2019)
2024,5,2024-05,Malaga-Costa Del Sol,MALAGA-COSTA DEL SOL,Malaga,2378112,16344,228835,05_Mayo_Definitivo_2024.xlsx,Ranking mensual (con 2019)
2024,5,2024-05,Melilla,MELILLA,Melilla,43450,956,5057,05_Mayo_Definitivo_2024.xlsx,Ranking mensual (con 2019)
2024,5,2024-05,Menorca,MENORCA,Illes Balears,421313,3618,54323,05_Mayo_Definitivo_2024.xlsx,Ranking mensual (con 2019)
2024,5,2024-05,Palma De Mallorca,PALMA DE MALLORCA,Illes Balears,3841241,27103,647930,05_Mayo_Definitivo_2024.xlsx,Ranking mensual (con 2019)
2024,5,2024-05,Pamplona,PAMPLONA,Navarra,19680,487,0,05_Mayo_Definitivo_2024.xlsx,Ranking mensual (con 2019)
2024,5,2024-05,Reus,REUS,Tarragona,161912,2374,0,05_Mayo_Definitivo_2024.xlsx,Ranking mensual (con 2019)
2024,5,2024-05,Sabadell,SABADELL,Barcelona,830,5682,0,05_Mayo_Definitivo_2024.xlsx,Ranking mensual (con 2019)
2024,5,2024-05,Salamanca,SALAMANCA,Salamanca,1765,1009,0,05_Mayo_Definitivo_2024.xlsx,Ranking mensual (con 2019)
2024,5,2024-05,San Sebastian,SAN SEBASTIAN,Gipuzkoa,47453,575,0,05_Mayo_Definitivo_2024.xlsx,Ranking mensual (con 2019)
2024,5,2024-05,Santiago-Rosalia De Castro,SANTIAGO-ROSALIA DE CASTRO,A Coruna,404156,2968,441326,05_Mayo_Definitivo_2024.xlsx,Ranking mensual (con 2019)
2024,5,2024-05,Seve Ballesteros-Santander,SEVE BALLESTEROS-SANTANDER,Cantabria,102608,1001,0,05_Mayo_Definitivo_2024.xlsx,Ranking mensual (con 2019)
2024,5,2024-05,Sevilla,SEVILLA,Sevilla,852376,6632,878929,05_Mayo_Definitivo_2024.xlsx,Ranking mensual (con 2019)
2024,5,2024-05,Son Bonet,SON BONET,Illes Balears,837,1715,0,05_Mayo_Definitivo_2024.xlsx,Ranking mensual (con 2019)
2024,5,2024-05,Tenerife Norte-C. La Laguna,TENERIFE NORTE-C. LA LAGUNA,Santa Cruz de Tenerife,574874,7011,1131688,05_Mayo_Definitivo_2024.xlsx,Ranking mensual (con 2019)
2024,5,2024-05,Tenerife Sur,TENERIFE SUR,Santa Cruz de Tenerife,976815,6562,49629,05_Mayo_Definitivo_2024.xlsx,Ranking mensual (con 2019)
2024,5,2024-05,Valencia,VALENCIA,Valencia,982450,7936,1199506,05_Mayo_Definitivo_2024.xlsx,Ranking mensual (con 2019)
2024,5,2024-05,Valladolid,VALLADOLID,Valladolid,22026,536,170,05_Mayo_Definitivo_2024.xlsx,Ranking mensual (con 2019)
2024,5,2024-05,Vigo,VIGO,Pontevedra,16429,167,2794,05_Mayo_Definitivo_2024.xlsx,Ranking mensual (con 2019)
2024,5,2024-05,Vitoria,VITORIA,Alava,26363,1258,6300869,05_Mayo_Definitivo_2024.xlsx,Ranking mensual (con 2019)
2024,5,2024-05,Zaragoza,ZARAGOZA,Zaragoza,60579,958,16200617,05_Mayo_Definitivo_2024.xlsx,Ranking mensual (con 2019)
2022,6,2022-06,A Coruna,A CORUNA,A Coruna,67195,956,5779,06_Junio_Definitivo_2022.xlsx,JUNIO 2022
2022,6,2022-06,Adolfo Suarez Madrid-Barajas,ADOLFO SUAREZ MADRID-BARAJAS,Madrid,4538501,30640,45668081,06_Junio_Definitivo_2022.xlsx,JUNIO 2022
2022,6,2022-06,Aeropuerto Intl. Region Murcia,AEROPUERTO INTL. REGION MURCIA,Murcia,107220,815,0,06_Junio_Definitivo_2022.xlsx,JUNIO 2022
2022,6,2022-06,Albacete,ALBACETE,Albacete,159,72,0,06_Junio_Definitivo_2022.xlsx,JUNIO 2022
2022,6,2022-06,Algeciras-Helipuerto,ALGECIRAS-HELIPUERTO,Cadiz,3598,316,0,06_Junio_Definitivo_2022.xlsx,JUNIO 2022
2022,6,2022-06,Alicante-Elche Miguel Hdez.,ALICANTE-ELCHE MIGUEL HDEZ.,Alicante,1345712,8846,431147,06_Junio_Definitivo_2022.xlsx,JUNIO 2022
2022,6,2022-06,Almeria,ALMERIA,Almeria,84435,1218,0,06_Junio_Definitivo_2022.xlsx,JUNIO 2022
2022,6,2022-06,Asturias,ASTURIAS,Asturias,140924,1169,848,06_Junio_Definitivo_2022.xlsx,JUNIO 2022
2022,6,2022-06,Badajoz,BADAJOZ,Badajoz,5166,269,0,06_Junio_Definitivo_2022.xlsx,JUNIO 2022
2022,6,2022-06,Barcelona-El Prat J.T.,BARCELONA-EL PRAT J.T.,Barcelona,4066068,26648,13208062,06_Junio_Definitivo_2022.xlsx,JUNIO 2022
2022,6,2022-06,Bilbao,BILBAO,Bizkaia,534574,4515,72207,06_Junio_Definitivo_2022.xlsx,JUNIO 2022
2022,6,2022-06,Burgos,BURGOS,Burgos,183,1860,0,06_Junio_Definitivo_2022.xlsx,JUNIO 2022
2022,6,2022-06,Ceuta-Helipuerto,CEUTA-HELIPUERTO,Ceuta,6899,588,0,06_Junio_Definitivo_2022.xlsx,JUNIO 2022
2022,6,2022-06,Cordoba,CORDOBA,Cordoba,474,1069,0,06_Junio_Definitivo_2022.xlsx,JUNIO 2022
2022,6,2022-06,El Hierro,EL HIERRO,Santa Cruz de Tenerife,22789,472,4820,06_Junio_Definitivo_2022.xlsx,JUNIO 2022
2022,6,2022-06,Fgl Granada-Jaen,FGL GRANADA-JAEN,Granada,83389,1333,0,06_Junio_Definitivo_2022.xlsx,JUNIO 2022
2022,6,2022-06,Fuerteventura,FUERTEVENTURA,Las Palmas,451856,3755,32959,06_Junio_Definitivo_2022.xlsx,JUNIO 2022
2022,6,2022-06,Girona-Costa Brava,GIRONA-COSTA BRAVA,Girona,190796,2305,13478,06_Junio_Definitivo_2022.xlsx,JUNIO 2022
2022,6,2022-06,Gran Canaria,GRAN CANARIA,Las Palmas,926435,8977,1233226,06_Junio_Definitivo_2022.xlsx,JUNIO 2022
2022,6,2022-06,Huesca-Pirineos,HUESCA-PIRINEOS,Huesca,13,115,0,06_Junio_Definitivo_2022.xlsx,JUNIO 2022
2022,6,2022-06,Ibiza,IBIZA,Illes Balears,1152734,10751,121336,06_Junio_Definitivo_2022.xlsx,JUNIO 2022
2022,6,2022-06,Jerez De La Frontera,JEREZ DE LA FRONTERA,Cadiz,98754,4138,0,06_Junio_Definitivo_2022.xlsx,JUNIO 2022
2022,6,2022-06,La Gomera,LA GOMERA,Santa Cruz de Tenerife,7078,236,587,06_Junio_Definitivo_2022.xlsx,JUNIO 2022
2022,6,2022-06,La Palma,LA PALMA,Santa Cruz de Tenerife,116664,1817,27778,06_Junio_Definitivo_2022.xlsx,JUNIO 2022
2022,6,2022-06,Lanzarote-Cesar Manrique,LANZAROTE-CESAR MANRIQUE,Las Palmas,606691,5036,44575,06_Junio_Definitivo_2022.xlsx,JUNIO 2022
2022,6,2022-06,Leon,LEON,Leon,4345,338,0,06_Junio_Definitivo_2022.xlsx,JUNIO 2022
2022,6,2022-06,Logrono,LOGRONO,La Rioja,1069,247,0,06_Junio_Definitivo_2022.xlsx,JUNIO 2022
2022,6,2022-06,Madrid-Cuatro Vientos,MADRID-CUATRO VIENTOS,Madrid,207,4609,0,06_Junio_Definitivo_2022.xlsx,JUNIO 2022
2022,6,2022-06,Malaga-Costa Del Sol,MALAGA-COSTA DEL SOL,Malaga,1907296,14064,261938,06_Junio_Definitivo_2022.xlsx,JUNIO 2022
2022,6,2022-06,Melilla,MELILLA,Melilla,39990,872,2743,06_Junio_Definitivo_2022.xlsx,JUNIO 2022
2022,6,2022-06,Menorca,MENORCA,Illes Balears,558714,4649,73308,06_Junio_Definitivo_2022.xlsx,JUNIO 2022
2022,6,2022-06,Palma De Mallorca,PALMA DE MALLORCA,Illes Balears,3715624,26394,781218,06_Junio_Definitivo_2022.xlsx,JUNIO 2022
2022,6,2022-06,Pamplona,PAMPLONA,Navarra,13947,615,0,06_Junio_Definitivo_2022.xlsx,JUNIO 2022
2022,6,2022-06,Reus,REUS,Tarragona,154180,2428,0,06_Junio_Definitivo_2022.xlsx,JUNIO 2022
2022,6,2022-06,Sabadell,SABADELL,Barcelona,648,4852,0,06_Junio_Definitivo_2022.xlsx,JUNIO 2022
2022,6,2022-06,Salamanca,SALAMANCA,Salamanca,2536,1107,0,06_Junio_Definitivo_2022.xlsx,JUNIO 2022
2022,6,2022-06,San Sebastian,SAN SEBASTIAN,Gipuzkoa,39000,574,0,06_Junio_Definitivo_2022.xlsx,JUNIO 2022
2022,6,2022-06,Santiago-Rosalia De Castro,SANTIAGO-ROSALIA DE CASTRO,A Coruna,323403,2492,423904,06_Junio_Definitivo_2022.xlsx,JUNIO 2022
2022,6,2022-06,Seve Ballesteros-Santander,SEVE BALLESTEROS-SANTANDER,Cantabria,110744,1138,0,06_Junio_Definitivo_2022.xlsx,JUNIO 2022
2022,6,2022-06,Sevilla,SEVILLA,Sevilla,619449,5714,898609,06_Junio_Definitivo_2022.xlsx,JUNIO 2022
2022,6,2022-06,Son Bonet,SON BONET,Illes Balears,1094,1817,0,06_Junio_Definitivo_2022.xlsx,JUNIO 2022
2022,6,2022-06,Tenerife Norte-C. La Laguna,TENERIFE NORTE-C. LA LAGUNA,Santa Cruz de Tenerife,486152,5676,1138764,06_Junio_Definitivo_2022.xlsx,JUNIO 2022
2022,6,2022-06,Tenerife-Sur,TENERIFE-SUR,Santa Cruz de Tenerife,804952,5484,77633,06_Junio_Definitivo_2022.xlsx,JUNIO 2022
2022,6,2022-06,Valencia,VALENCIA,Valencia,800102,6957,1245055,06_Junio_Definitivo_2022.xlsx,JUNIO 2022
2022,6,2022-06,Valladolid,VALLADOLID,Valladolid,14068,700,900,06_Junio_Definitivo_2022.xlsx,JUNIO 2022
2022,6,2022-06,Vigo,VIGO,Pontevedra,81518,1039,42936,06_Junio_Definitivo_2022.xlsx,JUNIO 2022
2022,6,2022-06,Vitoria,VITORIA,Alava,22134,1208,6630948,06_Junio_Definitivo_2022.xlsx,JUNIO 2022
2022,6,2022-06,Zaragoza,ZARAGOZA,Zaragoza,62259,882,7629400,06_Junio_Definitivo_2022.xlsx,JUNIO 2022
2023,6,2023-06,A Coruna,A CORUNA,A Coruna,111995,1326,4966,06_Junio_Definitivo_2023.xlsx,JUNIO 2023
2023,6,2023-06,Adolfo Suarez Madrid-Barajas,ADOLFO SUAREZ MADRID-BARAJAS,Madrid,5134857,32618,51363449,06_Junio_Definitivo_2023.xlsx,JUNIO 2023
2023,6,2023-06,Aeropuerto Intl. Region Murcia,AEROPUERTO INTL. REGION MURCIA,Murcia,109450,788,0,06_Junio_Definitivo_2023.xlsx,JUNIO 2023
2023,6,2023-06,Albacete,ALBACETE,Albacete,56,40,0,06_Junio_Definitivo_2023.xlsx,JUNIO 2023
2023,6,2023-06,Algeciras-Helipuerto,ALGECIRAS-HELIPUERTO,Cadiz,3756,302,0,06_Junio_Definitivo_2023.xlsx,JUNIO 2023
2023,6,2023-06,Alicante-Elche Miguel Hdez.,ALICANTE-ELCHE MIGUEL HDEZ.,Alicante,1506012,9454,408620,06_Junio_Definitivo_2023.xlsx,JUNIO 2023
2023,6,2023-06,Almeria,ALMERIA,Almeria,87160,1097,0,06_Junio_Definitivo_2023.xlsx,JUNIO 2023
2023,6,2023-06,Asturias,ASTURIAS,Asturias,189508,1433,1346,06_Junio_Definitivo_2023.xlsx,JUNIO 2023
2023,6,2023-06,Badajoz,BADAJOZ,Badajoz,5923,339,0,06_Junio_Definitivo_2023.xlsx,JUNIO 2023
2023,6,2023-06,Barcelona-El Prat J.T.,BARCELONA-EL PRAT J.T.,Barcelona,4462928,28264,12603749,06_Junio_Definitivo_2023.xlsx,JUNIO 2023
2023,6,2023-06,Bilbao,BILBAO,Bizkaia,604112,4761,65039,06_Junio_Definitivo_2023.xlsx,JUNIO 2023
2023,6,2023-06,Burgos,BURGOS,Burgos,312,1971,0,06_Junio_Definitivo_2023.xlsx,JUNIO 2023
2023,6,2023-06,Ceuta-Helipuerto,CEUTA-HELIPUERTO,Ceuta,7882,694,0,06_Junio_Definitivo_2023.xlsx,JUNIO 2023
2023,6,2023-06,Cordoba,CORDOBA,Cordoba,583,945,0,06_Junio_Definitivo_2023.xlsx,JUNIO 2023
2023,6,2023-06,El Hierro,EL HIERRO,Santa Cruz de Tenerife,23049,496,4193,06_Junio_Definitivo_2023.xlsx,JUNIO 2023
2023,6,2023-06,Fgl Granada-Jaen,FGL GRANADA-JAEN,Granada,80294,1390,0,06_Junio_Definitivo_2023.xlsx,JUNIO 2023
2023,6,2023-06,Fuerteventura,FUERTEVENTURA,Las Palmas,447812,3745,28457,06_Junio_Definitivo_2023.xlsx,JUNIO 2023
2023,6,2023-06,Girona-Costa Brava,GIRONA-COSTA BRAVA,Girona,224486,2320,27277,06_Junio_Definitivo_2023.xlsx,JUNIO 2023
2023,6,2023-06,Gran Canaria,GRAN CANARIA,Las Palmas,988795,9569,1281458,06_Junio_Definitivo_2023.xlsx,JUNIO 2023
2023,6,2023-06,Huesca-Pirineos,HUESCA-PIRINEOS,Huesca,30,136,0,06_Junio_Definitivo_2023.xlsx,JUNIO 2023
2023,6,2023-06,Ibiza,IBIZA,Illes Balears,1196904,10599,105127,06_Junio_Definitivo_2023.xlsx,JUNIO 2023
2023,6,2023-06,Jerez De La Frontera,JEREZ DE LA FRONTERA,Cadiz,96735,4191,0,06_Junio_Definitivo_2023.xlsx,JUNIO 2023
2023,6,2023-06,La Gomera,LA GOMERA,Santa Cruz de Tenerife,8585,351,267,06_Junio_Definitivo_2023.xlsx,JUNIO 2023
2023,6,2023-06,La Palma,LA PALMA,Santa Cruz de Tenerife,101297,1762,21435,06_Junio_Definitivo_2023.xlsx,JUNIO 2023
2023,6,2023-06,Lanzarote Cesar Manrique,LANZAROTE CESAR MANRIQUE,Las Palmas,656954,5213,37042,06_Junio_Definitivo_2023.xlsx,JUNIO 2023
2023,6,2023-06,Leon,LEON,Leon,6315,309,0,06_Junio_Definitivo_2023.xlsx,JUNIO 2023
2023,6,2023-06,Logrono,LOGRONO,La Rioja,1332,192,0,06_Junio_Definitivo_2023.xlsx,JUNIO 2023
2023,6,2023-06,Madrid-Cuatro Vientos,MADRID-CUATRO VIENTOS,Madrid,270,5747,0,06_Junio_Definitivo_2023.xlsx,JUNIO 2023
2023,6,2023-06,Malaga-Costa Del Sol,MALAGA-COSTA DEL SOL,Malaga,2179575,15452,271442,06_Junio_Definitivo_2023.xlsx,JUNIO 2023
2023,6,2023-06,Melilla,MELILLA,Melilla,43370,930,2348,06_Junio_Definitivo_2023.xlsx,JUNIO 2023
2023,6,2023-06,Menorca,MENORCA,Illes Balears,573383,4520,66924,06_Junio_Definitivo_2023.xlsx,JUNIO 2023
2023,6,2023-06,Palma De Mallorca,PALMA DE MALLORCA,Illes Balears,3807834,26361,719804,06_Junio_Definitivo_2023.xlsx,JUNIO 2023
2023,6,2023-06,Pamplona,PAMPLONA,Navarra,12635,405,0,06_Junio_Definitivo_2023.xlsx,JUNIO 2023
2023,6,2023-06,Reus,REUS,Tarragona,165704,2170,0,06_Junio_Definitivo_2023.xlsx,JUNIO 2023
2023,6,2023-06,Sabadell,SABADELL,Barcelona,714,4295,0,06_Junio_Definitivo_2023.xlsx,JUNIO 2023
2023,6,2023-06,Salamanca,SALAMANCA,Salamanca,3053,1061,0,06_Junio_Definitivo_2023.xlsx,JUNIO 2023
2023,6,2023-06,San Sebastian,SAN SEBASTIAN,Gipuzkoa,47612,621,1615,06_Junio_Definitivo_2023.xlsx,JUNIO 2023
2023,6,2023-06,Santiago-Rosalia De Castro,SANTIAGO-ROSALIA DE CASTRO,A Coruna,323156,2301,441199,06_Junio_Definitivo_2023.xlsx,JUNIO 2023
2023,6,2023-06,Seve Ballesteros-Santander,SEVE BALLESTEROS-SANTANDER,Cantabria,111613,1094,0,06_Junio_Definitivo_2023.xlsx,JUNIO 2023
2023,6,2023-06,Sevilla,SEVILLA,Sevilla,673985,5479,930159,06_Junio_Definitivo_2023.xlsx,JUNIO 2023
2023,6,2023-06,Son Bonet,SON BONET,Illes Balears,938,1850,0,06_Junio_Definitivo_2023.xlsx,JUNIO 2023
2023,6,2023-06,Tenerife Norte-C. La Laguna,TENERIFE NORTE-C. LA LAGUNA,Santa Cruz de Tenerife,516756,6176,913582,06_Junio_Definitivo_2023.xlsx,JUNIO 2023
2023,6,2023-06,Tenerife Sur,TENERIFE SUR,Santa Cruz de Tenerife,872101,5941,49595,06_Junio_Definitivo_2023.xlsx,JUNIO 2023
2023,6,2023-06,Valencia,VALENCIA,Valencia,907956,7387,1287695,06_Junio_Definitivo_2023.xlsx,JUNIO 2023
2023,6,2023-06,Valladolid,VALLADOLID,Valladolid,18615,616,0,06_Junio_Definitivo_2023.xlsx,JUNIO 2023
2023,6,2023-06,Vigo,VIGO,Pontevedra,99641,1076,32933,06_Junio_Definitivo_2023.xlsx,JUNIO 2023
2023,6,2023-06,Vitoria,VITORIA,Alava,30143,1352,6458479,06_Junio_Definitivo_2023.xlsx,JUNIO 2023
2023,6,2023-06,Zaragoza,ZARAGOZA,Zaragoza,58447,823,5922965,06_Junio_Definitivo_2023.xlsx,JUNIO 2023
2024,6,2024-06,A Coruna,A CORUNA,A Coruna,106124,1225,3139,06_Junio_Definitivo_2024.xlsx,Ranking mensual (con 2019)
2024,6,2024-06,Adolfo Suarez Madrid-Barajas,ADOLFO SUAREZ MADRID-BARAJAS,Madrid,5797931,36337,62273602,06_Junio_Definitivo_2024.xlsx,Ranking mensual (con 2019)
2024,6,2024-06,Aeropuerto Intl. Region Murcia,AEROPUERTO INTL. REGION MURCIA,Murcia,112136,801,0,06_Junio_Definitivo_2024.xlsx,Ranking mensual (con 2019)
2024,6,2024-06,Albacete,ALBACETE,Albacete,73,43,0,06_Junio_Definitivo_2024.xlsx,Ranking mensual (con 2019)
2024,6,2024-06,Algeciras-Helipuerto,ALGECIRAS-HELIPUERTO,Cadiz,2708,210,0,06_Junio_Definitivo_2024.xlsx,Ranking mensual (con 2019)
2024,6,2024-06,Alicante-Elche Miguel Hdez.,ALICANTE-ELCHE MIGUEL HDEZ.,Alicante,1772876,10953,348876,06_Junio_Definitivo_2024.xlsx,Ranking mensual (con 2019)
2024,6,2024-06,Almeria,ALMERIA,Almeria,88044,1276,0,06_Junio_Definitivo_2024.xlsx,Ranking mensual (con 2019)
2024,6,2024-06,Asturias,ASTURIAS,Asturias,185504,1382,1214,06_Junio_Definitivo_2024.xlsx,Ranking mensual (con 2019)
2024,6,2024-06,Badajoz,BADAJOZ,Badajoz,7813,319,0,06_Junio_Definitivo_2024.xlsx,Ranking mensual (con 2019)
2024,6,2024-06,Barcelona-El Prat J.T.,BARCELONA-EL PRAT J.T.,Barcelona,5057203,31366,14766011,06_Junio_Definitivo_2024.xlsx,Ranking mensual (con 2019)
2024,6,2024-06,Bilbao,BILBAO,Bizkaia,653238,4908,85357,06_Junio_Definitivo_2024.xlsx,Ranking mensual (con 2019)
2024,6,2024-06,Burgos,BURGOS,Burgos,168,2088,0,06_Junio_Definitivo_2024.xlsx,Ranking mensual (con 2019)
2024,6,2024-06,Ceuta-Helipuerto,CEUTA-HELIPUERTO,Ceuta,6659,580,0,06_Junio_Definitivo_2024.xlsx,Ranking mensual (con 2019)
2024,6,2024-06,Cordoba,CORDOBA,Cordoba,429,1194,0,06_Junio_Definitivo_2024.xlsx,Ranking mensual (con 2019)
2024,6,2024-06,El Hierro,EL HIERRO,Santa Cruz de Tenerife,26500,516,4233,06_Junio_Definitivo_2024.xlsx,Ranking mensual (con 2019)
2024,6,2024-06,Fgl Granada-Jaen,FGL GRANADA-JAEN,Granada,91501,1603,0,06_Junio_Definitivo_2024.xlsx,Ranking mensual (con 2019)
2024,6,2024-06,Fuerteventura,FUERTEVENTURA,Las Palmas,490515,3994,25278,06_Junio_Definitivo_2024.xlsx,Ranking mensual (con 2019)
2024,6,2024-06,Girona-Costa Brava,GIRONA-COSTA BRAVA,Girona,273108,2821,17653,06_Junio_Definitivo_2024.xlsx,Ranking mensual (con 2019)
2024,6,2024-06,Gran Canaria,GRAN CANARIA,Las Palmas,1105774,10547,1321284,06_Junio_Definitivo_2024.xlsx,Ranking mensual (con 2019)
2024,6,2024-06,Huesca-Pirineos,HUESCA-PIRINEOS,Huesca,68,209,0,06_Junio_Definitivo_2024.xlsx,Ranking mensual (con 2019)
2024,6,2024-06,Ibiza,IBIZA,Illes Balears,1235289,10803,84397,06_Junio_Definitivo_2024.xlsx,Ranking mensual (con 2019)
2024,6,2024-06,Jerez De La Frontera,JEREZ DE LA FRONTERA,Cadiz,104570,4770,0,06_Junio_Definitivo_2024.xlsx,Ranking mensual (con 2019)
2024,6,2024-06,La Gomera,LA GOMERA,Santa Cruz de Tenerife,9953,328,263,06_Junio_Definitivo_2024.xlsx,Ranking mensual (con 2019)
2024,6,2024-06,La Palma,LA PALMA,Santa Cruz de Tenerife,118278,1954,20702,06_Junio_Definitivo_2024.xlsx,Ranking mensual (con 2019)
2024,6,2024-06,Lanzarote Cesar Manrique,LANZAROTE CESAR MANRIQUE,Las Palmas,688864,5544,37702,06_Junio_Definitivo_2024.xlsx,Ranking mensual (con 2019)
2024,6,2024-06,Leon,LEON,Leon,5285,292,0,06_Junio_Definitivo_2024.xlsx,Ranking mensual (con 2019)
2024,6,2024-06,Logrono,LOGRONO,La Rioja,1696,847,0,06_Junio_Definitivo_2024.xlsx,Ranking mensual (con 2019)
2024,6,2024-06,Madrid-Cuatro Vientos,MADRID-CUATRO VIENTOS,Madrid,232,5575,0,06_Junio_Definitivo_2024.xlsx,Ranking mensual (con 2019)
2024,6,2024-06,Malaga-Costa Del Sol,MALAGA-COSTA DEL SOL,Malaga,2433242,16677,428760,06_Junio_Definitivo_2024.xlsx,Ranking mensual (con 2019)
2024,6,2024-06,Melilla,MELILLA,Melilla,45483,942,4477,06_Junio_Definitivo_2024.xlsx,Ranking mensual (con 2019)
2024,6,2024-06,Menorca,MENORCA,Illes Balears,612128,4847,48930,06_Junio_Definitivo_2024.xlsx,Ranking mensual (con 2019)
2024,6,2024-06,Palma De Mallorca,PALMA DE MALLORCA,Illes Balears,4159319,28483,619235,06_Junio_Definitivo_2024.xlsx,Ranking mensual (con 2019)
2024,6,2024-06,Pamplona,PAMPLONA,Navarra,18338,468,0,06_Junio_Definitivo_2024.xlsx,Ranking mensual (con 2019)
2024,6,2024-06,Reus,REUS,Tarragona,191340,2441,0,06_Junio_Definitivo_2024.xlsx,Ranking mensual (con 2019)
2024,6,2024-06,Sabadell,SABADELL,Barcelona,838,5323,0,06_Junio_Definitivo_2024.xlsx,Ranking mensual (con 2019)
2024,6,2024-06,Salamanca,SALAMANCA,Salamanca,2949,785,0,06_Junio_Definitivo_2024.xlsx,Ranking mensual (con 2019)
2024,6,2024-06,San Sebastian,SAN SEBASTIAN,Gipuzkoa,51433,635,0,06_Junio_Definitivo_2024.xlsx,Ranking mensual (con 2019)
2024,6,2024-06,Santiago-Rosalia De Castro,SANTIAGO-ROSALIA DE CASTRO,A Coruna,346200,2557,393499,06_Junio_Definitivo_2024.xlsx,Ranking mensual (con 2019)
2024,6,2024-06,Seve Ballesteros-Santander,SEVE BALLESTEROS-SANTANDER,Cantabria,105586,1017,0,06_Junio_Definitivo_2024.xlsx,Ranking mensual (con 2019)
2024,6,2024-06,Sevilla,SEVILLA,Sevilla,777627,6079,877359,06_Junio_Definitivo_2024.xlsx,Ranking mensual (con 2019)
2024,6,2024-06,Son Bonet,SON BONET,Illes Balears,962,1898,0,06_Junio_Definitivo_2024.xlsx,Ranking mensual (con 2019)
2024,6,2024-06,Tenerife Norte-C. La Laguna,TENERIFE NORTE-C. LA LAGUNA,Santa Cruz de Tenerife,578908,6785,1074572,06_Junio_Definitivo_2024.xlsx,Ranking mensual (con 2019)
2024,6,2024-06,Tenerife Sur,TENERIFE SUR,Santa Cruz de Tenerife,984686,6544,65808,06_Junio_Definitivo_2024.xlsx,Ranking mensual (con 2019)
2024,6,2024-06,Valencia,VALENCIA,Valencia,991678,7847,1065658,06_Junio_Definitivo_2024.xlsx,Ranking mensual (con 2019)
2024,6,2024-06,Valladolid,VALLADOLID,Valladolid,14677,581,55,06_Junio_Definitivo_2024.xlsx,Ranking mensual (con 2019)
2024,6,2024-06,Vigo,VIGO,Pontevedra,101255,1011,21963,06_Junio_Definitivo_2024.xlsx,Ranking mensual (con 2019)
2024,6,2024-06,Vitoria,VITORIA,Alava,24400,1157,5542789,06_Junio_Definitivo_2024.xlsx,Ranking mensual (con 2019)
2024,6,2024-06,Zaragoza,ZARAGOZA,Zaragoza,65005,905,12904346,06_Junio_Definitivo_2024.xlsx,Ranking mensual (con 2019)
2022,7,2022-07,A Coruna,A CORUNA,A Coruna,88740,1376,7558,07_Julio_Definitivo_2022.xlsx,JULIO 2022
2022,7,2022-07,Adolfo Suarez Madrid-Barajas,ADOLFO SUAREZ MADRID-BARAJAS,Madrid,5025212,32411,45019639,07_Julio_Definitivo_2022.xlsx,JULIO 2022
2022,7,2022-07,Aeropuerto Intl. Region Murcia,AEROPUERTO INTL. REGION MURCIA,Murcia,120081,875,0,07_Julio_Definitivo_2022.xlsx,JULIO 2022
2022,7,2022-07,Albacete,ALBACETE,Albacete,39,82,0,07_Julio_Definitivo_2022.xlsx,JULIO 2022
2022,7,2022-07,Algeciras-Helipuerto,ALGECIRAS-HELIPUERTO,Cadiz,3863,314,0,07_Julio_Definitivo_2022.xlsx,JULIO 2022
2022,7,2022-07,Alicante-Elche Miguel Hdez.,ALICANTE-ELCHE MIGUEL HDEZ.,Alicante,1520302,9785,425432,07_Julio_Definitivo_2022.xlsx,JULIO 2022
2022,7,2022-07,Almeria,ALMERIA,Almeria,93446,1301,0,07_Julio_Definitivo_2022.xlsx,JULIO 2022
2022,7,2022-07,Asturias,ASTURIAS,Asturias,162492,1343,699,07_Julio_Definitivo_2022.xlsx,JULIO 2022
2022,7,2022-07,Badajoz,BADAJOZ,Badajoz,5627,298,0,07_Julio_Definitivo_2022.xlsx,JULIO 2022
2022,7,2022-07,Barcelona-El Prat J.T.,BARCELONA-EL PRAT J.T.,Barcelona,4431826,28262,14523853,07_Julio_Definitivo_2022.xlsx,JULIO 2022
2022,7,2022-07,Bilbao,BILBAO,Bizkaia,580572,4672,48748,07_Julio_Definitivo_2022.xlsx,JULIO 2022
2022,7,2022-07,Burgos,BURGOS,Burgos,240,1919,0,07_Julio_Definitivo_2022.xlsx,JULIO 2022
2022,7,2022-07,Ceuta-Helipuerto,CEUTA-HELIPUERTO,Ceuta,7294,626,0,07_Julio_Definitivo_2022.xlsx,JULIO 2022
2022,7,2022-07,Cordoba,CORDOBA,Cordoba,311,872,0,07_Julio_Definitivo_2022.xlsx,JULIO 2022
2022,7,2022-07,El Hierro,EL HIERRO,Santa Cruz de Tenerife,27830,560,5352,07_Julio_Definitivo_2022.xlsx,JULIO 2022
2022,7,2022-07,Fgl Granada-Jaen,FGL GRANADA-JAEN,Granada,88656,1441,0,07_Julio_Definitivo_2022.xlsx,JULIO 2022
2022,7,2022-07,Fuerteventura,FUERTEVENTURA,Las Palmas,526438,4370,31117,07_Julio_Definitivo_2022.xlsx,JULIO 2022
2022,7,2022-07,Girona-Costa Brava,GIRONA-COSTA BRAVA,Girona,212696,2576,2382,07_Julio_Definitivo_2022.xlsx,JULIO 2022
2022,7,2022-07,Gran Canaria,GRAN CANARIA,Las Palmas,1068200,9891,1181552,07_Julio_Definitivo_2022.xlsx,JULIO 2022
2022,7,2022-07,Huesca-Pirineos,HUESCA-PIRINEOS,Huesca,3,116,0,07_Julio_Definitivo_2022.xlsx,JULIO 2022
2022,7,2022-07,Ibiza,IBIZA,Illes Balears,1343450,13138,121660,07_Julio_Definitivo_2022.xlsx,JULIO 2022
2022,7,2022-07,Jerez De La Frontera,JEREZ DE LA FRONTERA,Cadiz,112001,3600,0,07_Julio_Definitivo_2022.xlsx,JULIO 2022
2022,7,2022-07,La Gomera,LA GOMERA,Santa Cruz de Tenerife,11338,299,360,07_Julio_Definitivo_2022.xlsx,JULIO 2022
2022,7,2022-07,La Palma,LA PALMA,Santa Cruz de Tenerife,135911,2159,21863,07_Julio_Definitivo_2022.xlsx,JULIO 2022
2022,7,2022-07,Lanzarote-Cesar Manrique,LANZAROTE-CESAR MANRIQUE,Las Palmas,695099,5769,43256,07_Julio_Definitivo_2022.xlsx,JULIO 2022
2022,7,2022-07,Leon,LEON,Leon,6345,440,0,07_Julio_Definitivo_2022.xlsx,JULIO 2022
2022,7,2022-07,Logrono,LOGRONO,La Rioja,850,348,0,07_Julio_Definitivo_2022.xlsx,JULIO 2022
2022,7,2022-07,Madrid-Cuatro Vientos,MADRID-CUATRO VIENTOS,Madrid,300,5036,0,07_Julio_Definitivo_2022.xlsx,JULIO 2022
2022,7,2022-07,Malaga-Costa Del Sol,MALAGA-COSTA DEL SOL,Malaga,2065177,15462,356641,07_Julio_Definitivo_2022.xlsx,JULIO 2022
2022,7,2022-07,Melilla,MELILLA,Melilla,42368,864,2011,07_Julio_Definitivo_2022.xlsx,JULIO 2022
2022,7,2022-07,Menorca,MENORCA,Illes Balears,709603,5725,66594,07_Julio_Definitivo_2022.xlsx,JULIO 2022
2022,7,2022-07,Palma De Mallorca,PALMA DE MALLORCA,Illes Balears,4132434,29171,740165,07_Julio_Definitivo_2022.xlsx,JULIO 2022
2022,7,2022-07,Pamplona,PAMPLONA,Navarra,15903,552,0,07_Julio_Definitivo_2022.xlsx,JULIO 2022
2022,7,2022-07,Reus,REUS,Tarragona,161662,2256,0,07_Julio_Definitivo_2022.xlsx,JULIO 2022
2022,7,2022-07,Sabadell,SABADELL,Barcelona,693,4811,0,07_Julio_Definitivo_2022.xlsx,JULIO 2022
2022,7,2022-07,Salamanca,SALAMANCA,Salamanca,3037,1021,0,07_Julio_Definitivo_2022.xlsx,JULIO 2022
2022,7,2022-07,San Sebastian,SAN SEBASTIAN,Gipuzkoa,43370,693,0,07_Julio_Definitivo_2022.xlsx,JULIO 2022
2022,7,2022-07,Santiago-Rosalia De Castro,SANTIAGO-ROSALIA DE CASTRO,A Coruna,365425,2780,376839,07_Julio_Definitivo_2022.xlsx,JULIO 2022
2022,7,2022-07,Seve Ballesteros-Santander,SEVE BALLESTEROS-SANTANDER,Cantabria,127193,1403,0,07_Julio_Definitivo_2022.xlsx,JULIO 2022
2022,7,2022-07,Sevilla,SEVILLA,Sevilla,608720,5306,825602,07_Julio_Definitivo_2022.xlsx,JULIO 2022
2022,7,2022-07,Son Bonet,SON BONET,Illes Balears,1057,1702,0,07_Julio_Definitivo_2022.xlsx,JULIO 2022
2022,7,2022-07,Tenerife Norte-C. La Laguna,TENERIFE NORTE-C. LA LAGUNA,Santa Cruz de Tenerife,545974,6659,967237,07_Julio_Definitivo_2022.xlsx,JULIO 2022
2022,7,2022-07,Tenerife-Sur,TENERIFE-SUR,Santa Cruz de Tenerife,879562,5922,57961,07_Julio_Definitivo_2022.xlsx,JULIO 2022
2022,7,2022-07,Valencia,VALENCIA,Valencia,878944,7660,1170710,07_Julio_Definitivo_2022.xlsx,JULIO 2022
2022,7,2022-07,Valladolid,VALLADOLID,Valladolid,21000,956,0,07_Julio_Definitivo_2022.xlsx,JULIO 2022
2022,7,2022-07,Vigo,VIGO,Pontevedra,104625,1521,28447,07_Julio_Definitivo_2022.xlsx,JULIO 2022
2022,7,2022-07,Vitoria,VITORIA,Alava,25386,1264,6222073,07_Julio_Definitivo_2022.xlsx,JULIO 2022
2022,7,2022-07,Zaragoza,ZARAGOZA,Zaragoza,69483,954,7669082,07_Julio_Definitivo_2022.xlsx,JULIO 2022
2023,7,2023-07,A Coruna,A CORUNA,A Coruna,117205,1429,5720,07_Julio_Definitivo_2023.xlsx,JULIO 2023
2023,7,2023-07,Adolfo Suarez Madrid-Barajas,ADOLFO SUAREZ MADRID-BARAJAS,Madrid,5543087,34469,52042000,07_Julio_Definitivo_2023.xlsx,JULIO 2023
2023,7,2023-07,Aeropuerto Intl. Region Murcia,AEROPUERTO INTL. REGION MURCIA,Murcia,117459,819,0,07_Julio_Definitivo_2023.xlsx,JULIO 2023
2023,7,2023-07,Albacete,ALBACETE,Albacete,31,42,0,07_Julio_Definitivo_2023.xlsx,JULIO 2023
2023,7,2023-07,Algeciras-Helipuerto,ALGECIRAS-HELIPUERTO,Cadiz,3824,306,0,07_Julio_Definitivo_2023.xlsx,JULIO 2023
2023,7,2023-07,Alicante-Elche Miguel Hdez.,ALICANTE-ELCHE MIGUEL HDEZ.,Alicante,1713088,10584,378449,07_Julio_Definitivo_2023.xlsx,JULIO 2023
2023,7,2023-07,Almeria,ALMERIA,Almeria,98445,1218,0,07_Julio_Definitivo_2023.xlsx,JULIO 2023
2023,7,2023-07,Asturias,ASTURIAS,Asturias,210778,1604,583,07_Julio_Definitivo_2023.xlsx,JULIO 2023
2023,7,2023-07,Badajoz,BADAJOZ,Badajoz,6936,297,0,07_Julio_Definitivo_2023.xlsx,JULIO 2023
2023,7,2023-07,Barcelona-El Prat J.T.,BARCELONA-EL PRAT J.T.,Barcelona,4937010,30649,13463652,07_Julio_Definitivo_2023.xlsx,JULIO 2023
2023,7,2023-07,Bilbao,BILBAO,Bizkaia,680002,5136,67034,07_Julio_Definitivo_2023.xlsx,JULIO 2023
2023,7,2023-07,Burgos,BURGOS,Burgos,272,2379,0,07_Julio_Definitivo_2023.xlsx,JULIO 2023
2023,7,2023-07,Ceuta-Helipuerto,CEUTA-HELIPUERTO,Ceuta,7895,672,0,07_Julio_Definitivo_2023.xlsx,JULIO 2023
2023,7,2023-07,Cordoba,CORDOBA,Cordoba,556,1103,0,07_Julio_Definitivo_2023.xlsx,JULIO 2023
2023,7,2023-07,El Hierro,EL HIERRO,Santa Cruz de Tenerife,31025,570,4979,07_Julio_Definitivo_2023.xlsx,JULIO 2023
2023,7,2023-07,Fgl Granada-Jaen,FGL GRANADA-JAEN,Granada,93158,1503,35,07_Julio_Definitivo_2023.xlsx,JULIO 2023
2023,7,2023-07,Fuerteventura,FUERTEVENTURA,Las Palmas,521450,4243,26999,07_Julio_Definitivo_2023.xlsx,JULIO 2023
2023,7,2023-07,Girona-Costa Brava,GIRONA-COSTA BRAVA,Girona,284723,2768,5331,07_Julio_Definitivo_2023.xlsx,JULIO 2023
2023,7,2023-07,Gran Canaria,GRAN CANARIA,Las Palmas,1139338,10593,1452418,07_Julio_Definitivo_2023.xlsx,JULIO 2023
2023,7,2023-07,Huesca-Pirineos,HUESCA-PIRINEOS,Huesca,23,116,0,07_Julio_Definitivo_2023.xlsx,JULIO 2023
2023,7,2023-07,Ibiza,IBIZA,Illes Balears,1435343,13153,101247,07_Julio_Definitivo_2023.xlsx,JULIO 2023
2023,7,2023-07,Jerez De La Frontera,JEREZ DE LA FRONTERA,Cadiz,100009,3785,0,07_Julio_Definitivo_2023.xlsx,JULIO 2023
2023,7,2023-07,La Gomera,LA GOMERA,Santa Cruz de Tenerife,11824,364,391,07_Julio_Definitivo_2023.xlsx,JULIO 2023
2023,7,2023-07,La Palma,LA PALMA,Santa Cruz de Tenerife,124364,2500,22738,07_Julio_Definitivo_2023.xlsx,JULIO 2023
2023,7,2023-07,Lanzarote Cesar Manrique,LANZAROTE CESAR MANRIQUE,Las Palmas,735477,5982,36572,07_Julio_Definitivo_2023.xlsx,JULIO 2023
2023,7,2023-07,Leon,LEON,Leon,7311,418,0,07_Julio_Definitivo_2023.xlsx,JULIO 2023
2023,7,2023-07,Logrono,LOGRONO,La Rioja,1125,221,0,07_Julio_Definitivo_2023.xlsx,JULIO 2023
2023,7,2023-07,Madrid-Cuatro Vientos,MADRID-CUATRO VIENTOS,Madrid,244,5275,0,07_Julio_Definitivo_2023.xlsx,JULIO 2023
2023,7,2023-07,Malaga-Costa Del Sol,MALAGA-COSTA DEL SOL,Malaga,2432409,17325,308025,07_Julio_Definitivo_2023.xlsx,JULIO 2023
2023,7,2023-07,Melilla,MELILLA,Melilla,48393,981,2751,07_Julio_Definitivo_2023.xlsx,JULIO 2023
2023,7,2023-07,Menorca,MENORCA,Illes Balears,723601,5500,71187,07_Julio_Definitivo_2023.xlsx,JULIO 2023
2023,7,2023-07,Palma De Mallorca,PALMA DE MALLORCA,Illes Balears,4378210,29907,669085,07_Julio_Definitivo_2023.xlsx,JULIO 2023
2023,7,2023-07,Pamplona,PAMPLONA,Navarra,17822,587,10,07_Julio_Definitivo_2023.xlsx,JULIO 2023
2023,7,2023-07,Reus,REUS,Tarragona,175480,2084,0,07_Julio_Definitivo_2023.xlsx,JULIO 2023
2023,7,2023-07,Sabadell,SABADELL,Barcelona,659,4390,0,07_Julio_Definitivo_2023.xlsx,JULIO 2023
2023,7,2023-07,Salamanca,SALAMANCA,Salamanca,3500,1033,0,07_Julio_Definitivo_2023.xlsx,JULIO 2023
2023,7,2023-07,San Sebastian,SAN SEBASTIAN,Gipuzkoa,52218,733,0,07_Julio_Definitivo_2023.xlsx,JULIO 2023
2023,7,2023-07,Santiago-Rosalia De Castro,SANTIAGO-ROSALIA DE CASTRO,A Coruna,398477,2734,408702,07_Julio_Definitivo_2023.xlsx,JULIO 2023
2023,7,2023-07,Seve Ballesteros-Santander,SEVE BALLESTEROS-SANTANDER,Cantabria,132150,1338,76,07_Julio_Definitivo_2023.xlsx,JULIO 2023
2023,7,2023-07,Sevilla,SEVILLA,Sevilla,677380,5317,826072,07_Julio_Definitivo_2023.xlsx,JULIO 2023
2023,7,2023-07,Son Bonet,SON BONET,Illes Balears,1446,2031,0,07_Julio_Definitivo_2023.xlsx,JULIO 2023
2023,7,2023-07,Tenerife Norte-C. La Laguna,TENERIFE NORTE-C. LA LAGUNA,Santa Cruz de Tenerife,575643,6918,903715,07_Julio_Definitivo_2023.xlsx,JULIO 2023
2023,7,2023-07,Tenerife Sur,TENERIFE SUR,Santa Cruz de Tenerife,949198,6262,55584,07_Julio_Definitivo_2023.xlsx,JULIO 2023
2023,7,2023-07,Valencia,VALENCIA,Valencia,1035710,8311,1147073,07_Julio_Definitivo_2023.xlsx,JULIO 2023
2023,7,2023-07,Valladolid,VALLADOLID,Valladolid,21518,865,3200,07_Julio_Definitivo_2023.xlsx,JULIO 2023
2023,7,2023-07,Vigo,VIGO,Pontevedra,111301,1371,108487,07_Julio_Definitivo_2023.xlsx,JULIO 2023
2023,7,2023-07,Vitoria,VITORIA,Alava,34125,1436,5957337,07_Julio_Definitivo_2023.xlsx,JULIO 2023
2023,7,2023-07,Zaragoza,ZARAGOZA,Zaragoza,71367,918,8718597,07_Julio_Definitivo_2023.xlsx,JULIO 2023
2024,7,2024-07,A Coruna,A CORUNA,A Coruna,112754,1444,3374,07_Julio_Definitivo_2024.xlsx,Ranking mensual (con 2019)
2024,7,2024-07,Adolfo Suarez Madrid-Barajas,ADOLFO SUAREZ MADRID-BARAJAS,Madrid,6132937,37773,64229121,07_Julio_Definitivo_2024.xlsx,Ranking mensual (con 2019)
2024,7,2024-07,Aeropuerto Intl. Region Murcia,AEROPUERTO INTL. REGION MURCIA,Murcia,120311,823,0,07_Julio_Definitivo_2024.xlsx,Ranking mensual (con 2019)
2024,7,2024-07,Albacete,ALBACETE,Albacete,81,55,0,07_Julio_Definitivo_2024.xlsx,Ranking mensual (con 2019)
2024,7,2024-07,Algeciras-Helipuerto,ALGECIRAS-HELIPUERTO,Cadiz,3034,230,0,07_Julio_Definitivo_2024.xlsx,Ranking mensual (con 2019)
2024,7,2024-07,Alicante-Elche Miguel Hdez.,ALICANTE-ELCHE MIGUEL HDEZ.,Alicante,1989663,12139,373886,07_Julio_Definitivo_2024.xlsx,Ranking mensual (con 2019)
2024,7,2024-07,Almeria,ALMERIA,Almeria,92523,1213,45,07_Julio_Definitivo_2024.xlsx,Ranking mensual (con 2019)
2024,7,2024-07,Asturias,ASTURIAS,Asturias,199030,1533,150,07_Julio_Definitivo_2024.xlsx,Ranking mensual (con 2019)
2024,7,2024-07,Badajoz,BADAJOZ,Badajoz,8474,408,0,07_Julio_Definitivo_2024.xlsx,Ranking mensual (con 2019)
2024,7,2024-07,Barcelona-El Prat J.T.,BARCELONA-EL PRAT J.T.,Barcelona,5382038,32768,16078049,07_Julio_Definitivo_2024.xlsx,Ranking mensual (con 2019)
2024,7,2024-07,Bilbao,BILBAO,Bizkaia,686039,5159,74334,07_Julio_Definitivo_2024.xlsx,Ranking mensual (con 2019)
2024,7,2024-07,Burgos,BURGOS,Burgos,236,2554,0,07_Julio_Definitivo_2024.xlsx,Ranking mensual (con 2019)
2024,7,2024-07,Ceuta-Helipuerto,CEUTA-HELIPUERTO,Ceuta,7356,644,0,07_Julio_Definitivo_2024.xlsx,Ranking mensual (con 2019)
2024,7,2024-07,Cordoba,CORDOBA,Cordoba,1622,1263,0,07_Julio_Definitivo_2024.xlsx,Ranking mensual (con 2019)
2024,7,2024-07,El Hierro,EL HIERRO,Santa Cruz de Tenerife,29029,584,4774,07_Julio_Definitivo_2024.xlsx,Ranking mensual (con 2019)
2024,7,2024-07,Fgl Granada-Jaen,FGL GRANADA-JAEN,Granada,96272,1665,0,07_Julio_Definitivo_2024.xlsx,Ranking mensual (con 2019)
2024,7,2024-07,Fuerteventura,FUERTEVENTURA,Las Palmas,548292,4382,29522,07_Julio_Definitivo_2024.xlsx,Ranking mensual (con 2019)
2024,7,2024-07,Girona-Costa Brava,GIRONA-COSTA BRAVA,Girona,286702,3117,18619,07_Julio_Definitivo_2024.xlsx,Ranking mensual (con 2019)
2024,7,2024-07,Gran Canaria,GRAN CANARIA,Las Palmas,1208621,11231,1611161,07_Julio_Definitivo_2024.xlsx,Ranking mensual (con 2019)
2024,7,2024-07,Huesca-Pirineos,HUESCA-PIRINEOS,Huesca,22,164,0,07_Julio_Definitivo_2024.xlsx,Ranking mensual (con 2019)
2024,7,2024-07,Ibiza,IBIZA,Illes Balears,1433368,13082,89819,07_Julio_Definitivo_2024.xlsx,Ranking mensual (con 2019)
2024,7,2024-07,Jerez De La Frontera,JEREZ DE LA FRONTERA,Cadiz,101755,5154,0,07_Julio_Definitivo_2024.xlsx,Ranking mensual (con 2019)
2024,7,2024-07,La Gomera,LA GOMERA,Santa Cruz de Tenerife,11777,345,249,07_Julio_Definitivo_2024.xlsx,Ranking mensual (con 2019)
2024,7,2024-07,La Palma,LA PALMA,Santa Cruz de Tenerife,130526,2204,21648,07_Julio_Definitivo_2024.xlsx,Ranking mensual (con 2019)
2024,7,2024-07,Lanzarote Cesar Manrique,LANZAROTE CESAR MANRIQUE,Las Palmas,744894,6060,35341,07_Julio_Definitivo_2024.xlsx,Ranking mensual (con 2019)
2024,7,2024-07,Leon,LEON,Leon,8009,456,0,07_Julio_Definitivo_2024.xlsx,Ranking mensual (con 2019)
2024,7,2024-07,Logrono,LOGRONO,La Rioja,1247,1290,0,07_Julio_Definitivo_2024.xlsx,Ranking mensual (con 2019)
2024,7,2024-07,Madrid-Cuatro Vientos,MADRID-CUATRO VIENTOS,Madrid,120,6251,0,07_Julio_Definitivo_2024.xlsx,Ranking mensual (con 2019)
2024,7,2024-07,Malaga-Costa Del Sol,MALAGA-COSTA DEL SOL,Malaga,2659167,18401,421086,07_Julio_Definitivo_2024.xlsx,Ranking mensual (con 2019)
2024,7,2024-07,Melilla,MELILLA,Melilla,47475,979,3046,07_Julio_Definitivo_2024.xlsx,Ranking mensual (con 2019)
2024,7,2024-07,Menorca,MENORCA,Illes Balears,723038,5571,60136,07_Julio_Definitivo_2024.xlsx,Ranking mensual (con 2019)
2024,7,2024-07,Palma De Mallorca,PALMA DE MALLORCA,Illes Balears,4598046,31244,670020,07_Julio_Definitivo_2024.xlsx,Ranking mensual (con 2019)
2024,7,2024-07,Pamplona,PAMPLONA,Navarra,20564,538,0,07_Julio_Definitivo_2024.xlsx,Ranking mensual (con 2019)
2024,7,2024-07,Reus,REUS,Tarragona,199467,2526,0,07_Julio_Definitivo_2024.xlsx,Ranking mensual (con 2019)
2024,7,2024-07,Sabadell,SABADELL,Barcelona,675,5890,0,07_Julio_Definitivo_2024.xlsx,Ranking mensual (con 2019)
2024,7,2024-07,Salamanca,SALAMANCA,Salamanca,3424,1148,0,07_Julio_Definitivo_2024.xlsx,Ranking mensual (con 2019)
2024,7,2024-07,San Sebastian,SAN SEBASTIAN,Gipuzkoa,50530,643,0,07_Julio_Definitivo_2024.xlsx,Ranking mensual (con 2019)
2024,7,2024-07,Santiago-Rosalia De Castro,SANTIAGO-ROSALIA DE CASTRO,A Coruna,388610,2807,459647,07_Julio_Definitivo_2024.xlsx,Ranking mensual (con 2019)
2024,7,2024-07,Seve Ballesteros-Santander,SEVE BALLESTEROS-SANTANDER,Cantabria,112449,1220,0,07_Julio_Definitivo_2024.xlsx,Ranking mensual (con 2019)
2024,7,2024-07,Sevilla,SEVILLA,Sevilla,760539,5962,916580,07_Julio_Definitivo_2024.xlsx,Ranking mensual (con 2019)
2024,7,2024-07,Son Bonet,SON BONET,Illes Balears,1171,2016,0,07_Julio_Definitivo_2024.xlsx,Ranking mensual (con 2019)
2024,7,2024-07,Tenerife Norte-C. La Laguna,TENERIFE NORTE-C. LA LAGUNA,Santa Cruz de Tenerife,610307,7059,1135741,07_Julio_Definitivo_2024.xlsx,Ranking mensual (con 2019)
2024,7,2024-07,Tenerife Sur,TENERIFE SUR,Santa Cruz de Tenerife,1079890,7156,43626,07_Julio_Definitivo_2024.xlsx,Ranking mensual (con 2019)
2024,7,2024-07,Valencia,VALENCIA,Valencia,1086705,8374,1153945,07_Julio_Definitivo_2024.xlsx,Ranking mensual (con 2019)
2024,7,2024-07,Valladolid,VALLADOLID,Valladolid,19321,893,0,07_Julio_Definitivo_2024.xlsx,Ranking mensual (con 2019)
2024,7,2024-07,Vigo,VIGO,Pontevedra,111380,1108,23074,07_Julio_Definitivo_2024.xlsx,Ranking mensual (con 2019)
2024,7,2024-07,Vitoria,VITORIA,Alava,27627,1379,6174868,07_Julio_Definitivo_2024.xlsx,Ranking mensual (con 2019)
2024,7,2024-07,Zaragoza,ZARAGOZA,Zaragoza,66492,952,13028065,07_Julio_Definitivo_2024.xlsx,Ranking mensual (con 2019)
2022,8,2022-08,A Coruna,A CORUNA,A Coruna,95648,1482,7824,08_Agosto_Definitivo_2022.xlsx,AGOSTO 2022
2022,8,2022-08,Adolfo Suarez Madrid-Barajas,ADOLFO SUAREZ MADRID-BARAJAS,Madrid,4985968,31575,43511247,08_Agosto_Definitivo_2022.xlsx,AGOSTO 2022
2022,8,2022-08,Aeropuerto Intl. Region Murcia,AEROPUERTO INTL. REGION MURCIA,Murcia,121307,819,0,08_Agosto_Definitivo_2022.xlsx,AGOSTO 2022
2022,8,2022-08,Albacete,ALBACETE,Albacete,22,88,0,08_Agosto_Definitivo_2022.xlsx,AGOSTO 2022
2022,8,2022-08,Algeciras-Helipuerto,ALGECIRAS-HELIPUERTO,Cadiz,3512,274,0,08_Agosto_Definitivo_2022.xlsx,AGOSTO 2022
2022,8,2022-08,Alicante-Elche Miguel Hdez.,ALICANTE-ELCHE MIGUEL HDEZ.,Alicante,1512301,9795,378917,08_Agosto_Definitivo_2022.xlsx,AGOSTO 2022
2022,8,2022-08,Almeria,ALMERIA,Almeria,95055,1067,0,08_Agosto_Definitivo_2022.xlsx,AGOSTO 2022
2022,8,2022-08,Asturias,ASTURIAS,Asturias,164129,1215,408,08_Agosto_Definitivo_2022.xlsx,AGOSTO 2022
2022,8,2022-08,Badajoz,BADAJOZ,Badajoz,6407,284,0,08_Agosto_Definitivo_2022.xlsx,AGOSTO 2022
2022,8,2022-08,Barcelona-El Prat J.T.,BARCELONA-EL PRAT J.T.,Barcelona,4464895,27779,13324230,08_Agosto_Definitivo_2022.xlsx,AGOSTO 2022
2022,8,2022-08,Bilbao,BILBAO,Bizkaia,572094,4319,37701,08_Agosto_Definitivo_2022.xlsx,AGOSTO 2022
2022,8,2022-08,Burgos,BURGOS,Burgos,237,1700,0,08_Agosto_Definitivo_2022.xlsx,AGOSTO 2022
2022,8,2022-08,Ceuta-Helipuerto,CEUTA-HELIPUERTO,Ceuta,6725,572,0,08_Agosto_Definitivo_2022.xlsx,AGOSTO 2022
2022,8,2022-08,Cordoba,CORDOBA,Cordoba,161,497,0,08_Agosto_Definitivo_2022.xlsx,AGOSTO 2022
2022,8,2022-08,El Hierro,EL HIERRO,Santa Cruz de Tenerife,30208,604,4943,08_Agosto_Definitivo_2022.xlsx,AGOSTO 2022
2022,8,2022-08,Fgl Granada-Jaen,FGL GRANADA-JAEN,Granada,86055,972,0,08_Agosto_Definitivo_2022.xlsx,AGOSTO 2022
2022,8,2022-08,Fuerteventura,FUERTEVENTURA,Las Palmas,556415,4387,32127,08_Agosto_Definitivo_2022.xlsx,AGOSTO 2022
2022,8,2022-08,Girona-Costa Brava,GIRONA-COSTA BRAVA,Girona,218957,2431,3542,08_Agosto_Definitivo_2022.xlsx,AGOSTO 2022
2022,8,2022-08,Gran Canaria,GRAN CANARIA,Las Palmas,1090494,9910,1270709,08_Agosto_Definitivo_2022.xlsx,AGOSTO 2022
2022,8,2022-08,Huesca-Pirineos,HUESCA-PIRINEOS,Huesca,6,105,0,08_Agosto_Definitivo_2022.xlsx,AGOSTO 2022
2022,8,2022-08,Ibiza,IBIZA,Illes Balears,1361379,12827,102844,08_Agosto_Definitivo_2022.xlsx,AGOSTO 2022
2022,8,2022-08,Jerez De La Frontera,JEREZ DE LA FRONTERA,Cadiz,122201,3910,0,08_Agosto_Definitivo_2022.xlsx,AGOSTO 2022
2022,8,2022-08,La Gomera,LA GOMERA,Santa Cruz de Tenerife,12655,327,395,08_Agosto_Definitivo_2022.xlsx,AGOSTO 2022
2022,8,2022-08,La Palma,LA PALMA,Santa Cruz de Tenerife,137846,2098,23136,08_Agosto_Definitivo_2022.xlsx,AGOSTO 2022
2022,8,2022-08,Lanzarote-Cesar Manrique,LANZAROTE-CESAR MANRIQUE,Las Palmas,722308,5971,47893,08_Agosto_Definitivo_2022.xlsx,AGOSTO 2022
2022,8,2022-08,Leon,LEON,Leon,8875,509,0,08_Agosto_Definitivo_2022.xlsx,AGOSTO 2022
2022,8,2022-08,Logrono,LOGRONO,La Rioja,652,297,0,08_Agosto_Definitivo_2022.xlsx,AGOSTO 2022
2022,8,2022-08,Madrid-Cuatro Vientos,MADRID-CUATRO VIENTOS,Madrid,116,4697,0,08_Agosto_Definitivo_2022.xlsx,AGOSTO 2022
2022,8,2022-08,Malaga-Costa Del Sol,MALAGA-COSTA DEL SOL,Malaga,2053331,15162,242325,08_Agosto_Definitivo_2022.xlsx,AGOSTO 2022
2022,8,2022-08,Melilla,MELILLA,Melilla,43202,824,1988,08_Agosto_Definitivo_2022.xlsx,AGOSTO 2022
2022,8,2022-08,Menorca,MENORCA,Illes Balears,723930,5825,63524,08_Agosto_Definitivo_2022.xlsx,AGOSTO 2022
2022,8,2022-08,Palma De Mallorca,PALMA DE MALLORCA,Illes Balears,4161847,28839,674576,08_Agosto_Definitivo_2022.xlsx,AGOSTO 2022
2022,8,2022-08,Pamplona,PAMPLONA,Navarra,15313,531,0,08_Agosto_Definitivo_2022.xlsx,AGOSTO 2022
2022,8,2022-08,Reus,REUS,Tarragona,162501,1717,0,08_Agosto_Definitivo_2022.xlsx,AGOSTO 2022
2022,8,2022-08,Sabadell,SABADELL,Barcelona,397,3162,0,08_Agosto_Definitivo_2022.xlsx,AGOSTO 2022
2022,8,2022-08,Salamanca,SALAMANCA,Salamanca,3027,981,0,08_Agosto_Definitivo_2022.xlsx,AGOSTO 2022
2022,8,2022-08,San Sebastian,SAN SEBASTIAN,Gipuzkoa,42226,599,0,08_Agosto_Definitivo_2022.xlsx,AGOSTO 2022
2022,8,2022-08,Santiago-Rosalia De Castro,SANTIAGO-ROSALIA DE CASTRO,A Coruna,375544,2671,368127,08_Agosto_Definitivo_2022.xlsx,AGOSTO 2022
2022,8,2022-08,Seve Ballesteros-Santander,SEVE BALLESTEROS-SANTANDER,Cantabria,135626,1439,86,08_Agosto_Definitivo_2022.xlsx,AGOSTO 2022
2022,8,2022-08,Sevilla,SEVILLA,Sevilla,616582,4876,775687,08_Agosto_Definitivo_2022.xlsx,AGOSTO 2022
2022,8,2022-08,Son Bonet,SON BONET,Illes Balears,1395,1897,0,08_Agosto_Definitivo_2022.xlsx,AGOSTO 2022
2022,8,2022-08,Tenerife Norte-C. La Laguna,TENERIFE NORTE-C. LA LAGUNA,Santa Cruz de Tenerife,550505,6446,953118,08_Agosto_Definitivo_2022.xlsx,AGOSTO 2022
2022,8,2022-08,Tenerife-Sur,TENERIFE-SUR,Santa Cruz de Tenerife,899496,5882,84704,08_Agosto_Definitivo_2022.xlsx,AGOSTO 2022
2022,8,2022-08,Valencia,VALENCIA,Valencia,903183,7434,1015329,08_Agosto_Definitivo_2022.xlsx,AGOSTO 2022
2022,8,2022-08,Valladolid,VALLADOLID,Valladolid,25399,926,0,08_Agosto_Definitivo_2022.xlsx,AGOSTO 2022
2022,8,2022-08,Vigo,VIGO,Pontevedra,114227,1557,58894,08_Agosto_Definitivo_2022.xlsx,AGOSTO 2022
2022,8,2022-08,Vitoria,VITORIA,Alava,27174,1116,5423323,08_Agosto_Definitivo_2022.xlsx,AGOSTO 2022
2022,8,2022-08,Zaragoza,ZARAGOZA,Zaragoza,72152,890,10069528,08_Agosto_Definitivo_2022.xlsx,AGOSTO 2022
2023,8,2023-08,A Coruna,A CORUNA,A Coruna,110019,1432,6464,08_Agosto_Definitivo_2023.xlsx,AGOSTO 2023
2023,8,2023-08,Adolfo Suarez Madrid-Barajas,ADOLFO SUAREZ MADRID-BARAJAS,Madrid,5559777,33811,48735142,08_Agosto_Definitivo_2023.xlsx,AGOSTO 2023
2023,8,2023-08,Aeropuerto Intl. Region Murcia,AEROPUERTO INTL. REGION MURCIA,Murcia,120958,793,0,08_Agosto_Definitivo_2023.xlsx,AGOSTO 2023
2023,8,2023-08,Albacete,ALBACETE,Albacete,442,86,0,08_Agosto_Definitivo_2023.xlsx,AGOSTO 2023
2023,8,2023-08,Algeciras-Helipuerto,ALGECIRAS-HELIPUERTO,Cadiz,3429,278,0,08_Agosto_Definitivo_2023.xlsx,AGOSTO 2023
2023,8,2023-08,Alicante-Elche Miguel Hdez.,ALICANTE-ELCHE MIGUEL HDEZ.,Alicante,1702139,10468,320581,08_Agosto_Definitivo_2023.xlsx,AGOSTO 2023
2023,8,2023-08,Almeria,ALMERIA,Almeria,102466,1143,0,08_Agosto_Definitivo_2023.xlsx,AGOSTO 2023
2023,8,2023-08,Asturias,ASTURIAS,Asturias,205520,1481,994,08_Agosto_Definitivo_2023.xlsx,AGOSTO 2023
2023,8,2023-08,Badajoz,BADAJOZ,Badajoz,7173,295,0,08_Agosto_Definitivo_2023.xlsx,AGOSTO 2023
2023,8,2023-08,Barcelona-El Prat J.T.,BARCELONA-EL PRAT J.T.,Barcelona,4974852,29854,12857377,08_Agosto_Definitivo_2023.xlsx,AGOSTO 2023
2023,8,2023-08,Bilbao,BILBAO,Bizkaia,664039,4827,52252,08_Agosto_Definitivo_2023.xlsx,AGOSTO 2023
2023,8,2023-08,Burgos,BURGOS,Burgos,239,2163,0,08_Agosto_Definitivo_2023.xlsx,AGOSTO 2023
2023,8,2023-08,Ceuta-Helipuerto,CEUTA-HELIPUERTO,Ceuta,6988,618,0,08_Agosto_Definitivo_2023.xlsx,AGOSTO 2023
2023,8,2023-08,Cordoba,CORDOBA,Cordoba,324,967,0,08_Agosto_Definitivo_2023.xlsx,AGOSTO 2023
2023,8,2023-08,El Hierro,EL HIERRO,Santa Cruz de Tenerife,32519,630,5421,08_Agosto_Definitivo_2023.xlsx,AGOSTO 2023
2023,8,2023-08,Fgl Granada-Jaen,FGL GRANADA-JAEN,Granada,95634,1170,0,08_Agosto_Definitivo_2023.xlsx,AGOSTO 2023
2023,8,2023-08,Fuerteventura,FUERTEVENTURA,Las Palmas,527822,4223,31932,08_Agosto_Definitivo_2023.xlsx,AGOSTO 2023
2023,8,2023-08,Girona-Costa Brava,GIRONA-COSTA BRAVA,Girona,289138,2736,55703,08_Agosto_Definitivo_2023.xlsx,AGOSTO 2023
2023,8,2023-08,Gran Canaria,GRAN CANARIA,Las Palmas,1129345,10557,1502257,08_Agosto_Definitivo_2023.xlsx,AGOSTO 2023
2023,8,2023-08,Huesca-Pirineos,HUESCA-PIRINEOS,Huesca,13,108,0,08_Agosto_Definitivo_2023.xlsx,AGOSTO 2023
2023,8,2023-08,Ibiza,IBIZA,Illes Balears,1435874,12513,90763,08_Agosto_Definitivo_2023.xlsx,AGOSTO 2023
2023,8,2023-08,Jerez De La Frontera,JEREZ DE LA FRONTERA,Cadiz,98955,4260,14,08_Agosto_Definitivo_2023.xlsx,AGOSTO 2023
2023,8,2023-08,La Gomera,LA GOMERA,Santa Cruz de Tenerife,13215,414,562,08_Agosto_Definitivo_2023.xlsx,AGOSTO 2023
2023,8,2023-08,La Palma,LA PALMA,Santa Cruz de Tenerife,122426,2144,20079,08_Agosto_Definitivo_2023.xlsx,AGOSTO 2023
2023,8,2023-08,Lanzarote Cesar Manrique,LANZAROTE CESAR MANRIQUE,Las Palmas,756534,6180,38905,08_Agosto_Definitivo_2023.xlsx,AGOSTO 2023
2023,8,2023-08,Leon,LEON,Leon,9859,424,0,08_Agosto_Definitivo_2023.xlsx,AGOSTO 2023
2023,8,2023-08,Logrono,LOGRONO,La Rioja,312,253,0,08_Agosto_Definitivo_2023.xlsx,AGOSTO 2023
2023,8,2023-08,Madrid-Cuatro Vientos,MADRID-CUATRO VIENTOS,Madrid,216,4313,0,08_Agosto_Definitivo_2023.xlsx,AGOSTO 2023
2023,8,2023-08,Malaga-Costa Del Sol,MALAGA-COSTA DEL SOL,Malaga,2419072,16953,536720,08_Agosto_Definitivo_2023.xlsx,AGOSTO 2023
2023,8,2023-08,Melilla,MELILLA,Melilla,46515,977,1528,08_Agosto_Definitivo_2023.xlsx,AGOSTO 2023
2023,8,2023-08,Menorca,MENORCA,Illes Balears,736726,5463,55469,08_Agosto_Definitivo_2023.xlsx,AGOSTO 2023
2023,8,2023-08,Palma De Mallorca,PALMA DE MALLORCA,Illes Balears,4371606,29232,653041,08_Agosto_Definitivo_2023.xlsx,AGOSTO 2023
2023,8,2023-08,Pamplona,PAMPLONA,Navarra,16582,486,25,08_Agosto_Definitivo_2023.xlsx,AGOSTO 2023
2023,8,2023-08,Reus,REUS,Tarragona,178651,1703,0,08_Agosto_Definitivo_2023.xlsx,AGOSTO 2023
2023,8,2023-08,Sabadell,SABADELL,Barcelona,386,3403,0,08_Agosto_Definitivo_2023.xlsx,AGOSTO 2023
2023,8,2023-08,Salamanca,SALAMANCA,Salamanca,4142,928,0,08_Agosto_Definitivo_2023.xlsx,AGOSTO 2023
2023,8,2023-08,San Sebastian,SAN SEBASTIAN,Gipuzkoa,49332,604,38,08_Agosto_Definitivo_2023.xlsx,AGOSTO 2023
2023,8,2023-08,Santiago-Rosalia De Castro,SANTIAGO-ROSALIA DE CASTRO,A Coruna,402745,2747,406470,08_Agosto_Definitivo_2023.xlsx,AGOSTO 2023
2023,8,2023-08,Seve Ballesteros-Santander,SEVE BALLESTEROS-SANTANDER,Cantabria,135972,1301,0,08_Agosto_Definitivo_2023.xlsx,AGOSTO 2023
2023,8,2023-08,Sevilla,SEVILLA,Sevilla,717526,5290,747089,08_Agosto_Definitivo_2023.xlsx,AGOSTO 2023
2023,8,2023-08,Son Bonet,SON BONET,Illes Balears,1286,1932,0,08_Agosto_Definitivo_2023.xlsx,AGOSTO 2023
2023,8,2023-08,Tenerife Norte-C. La Laguna,TENERIFE NORTE-C. LA LAGUNA,Santa Cruz de Tenerife,563456,7242,923775,08_Agosto_Definitivo_2023.xlsx,AGOSTO 2023
2023,8,2023-08,Tenerife Sur,TENERIFE SUR,Santa Cruz de Tenerife,957753,6782,81402,08_Agosto_Definitivo_2023.xlsx,AGOSTO 2023
2023,8,2023-08,Valencia,VALENCIA,Valencia,1072418,8180,922542,08_Agosto_Definitivo_2023.xlsx,AGOSTO 2023
2023,8,2023-08,Valladolid,VALLADOLID,Valladolid,23031,777,0,08_Agosto_Definitivo_2023.xlsx,AGOSTO 2023
2023,8,2023-08,Vigo,VIGO,Pontevedra,116292,1581,74659,08_Agosto_Definitivo_2023.xlsx,AGOSTO 2023
2023,8,2023-08,Vitoria,VITORIA,Alava,37039,1319,5352139,08_Agosto_Definitivo_2023.xlsx,AGOSTO 2023
2023,8,2023-08,Zaragoza,ZARAGOZA,Zaragoza,72996,913,13341544,08_Agosto_Definitivo_2023.xlsx,AGOSTO 2023
2024,8,2024-08,A Coruna,A CORUNA,A Coruna,103188,1262,4579,08_Agosto_Definitivo_2024.xlsx,Ranking mensual (con 2019)
2024,8,2024-08,Adolfo Suarez Madrid-Barajas,ADOLFO SUAREZ MADRID-BARAJAS,Madrid,6071663,36614,60850732,08_Agosto_Definitivo_2024.xlsx,Ranking mensual (con 2019)
2024,8,2024-08,Aeropuerto Intl. Region Murcia,AEROPUERTO INTL. REGION MURCIA,Murcia,122247,822,0,08_Agosto_Definitivo_2024.xlsx,Ranking mensual (con 2019)
2024,8,2024-08,Albacete,ALBACETE,Albacete,308,68,0,08_Agosto_Definitivo_2024.xlsx,Ranking mensual (con 2019)
2024,8,2024-08,Algeciras-Helipuerto,ALGECIRAS-HELIPUERTO,Cadiz,2821,216,0,08_Agosto_Definitivo_2024.xlsx,Ranking mensual (con 2019)
2024,8,2024-08,Alicante-Elche Miguel Hdez.,ALICANTE-ELCHE MIGUEL HDEZ.,Alicante,1962325,11948,299621,08_Agosto_Definitivo_2024.xlsx,Ranking mensual (con 2019)
2024,8,2024-08,Almeria,ALMERIA,Almeria,94708,1070,0,08_Agosto_Definitivo_2024.xlsx,Ranking mensual (con 2019)
2024,8,2024-08,Asturias,ASTURIAS,Asturias,204379,1489,306,08_Agosto_Definitivo_2024.xlsx,Ranking mensual (con 2019)
2024,8,2024-08,Badajoz,BADAJOZ,Badajoz,7765,352,0,08_Agosto_Definitivo_2024.xlsx,Ranking mensual (con 2019)
2024,8,2024-08,Barcelona-El Prat J.T.,BARCELONA-EL PRAT J.T.,Barcelona,5415504,32119,14849959,08_Agosto_Definitivo_2024.xlsx,Ranking mensual (con 2019)
2024,8,2024-08,Bilbao,BILBAO,Bizkaia,668814,4760,68982,08_Agosto_Definitivo_2024.xlsx,Ranking mensual (con 2019)
2024,8,2024-08,Burgos,BURGOS,Burgos,288,2505,0,08_Agosto_Definitivo_2024.xlsx,Ranking mensual (con 2019)
2024,8,2024-08,Ceuta-Helipuerto,CEUTA-HELIPUERTO,Ceuta,6499,628,0,08_Agosto_Definitivo_2024.xlsx,Ranking mensual (con 2019)
2024,8,2024-08,Cordoba,CORDOBA,Cordoba,1877,1578,0,08_Agosto_Definitivo_2024.xlsx,Ranking mensual (con 2019)
2024,8,2024-08,El Hierro,EL HIERRO,Santa Cruz de Tenerife,35541,646,5029,08_Agosto_Definitivo_2024.xlsx,Ranking mensual (con 2019)
2024,8,2024-08,Fgl Granada-Jaen,FGL GRANADA-JAEN,Granada,94902,1553,0,08_Agosto_Definitivo_2024.xlsx,Ranking mensual (con 2019)
2024,8,2024-08,Fuerteventura,FUERTEVENTURA,Las Palmas,571550,4489,26805,08_Agosto_Definitivo_2024.xlsx,Ranking mensual (con 2019)
2024,8,2024-08,Girona-Costa Brava,GIRONA-COSTA BRAVA,Girona,344309,3207,875,08_Agosto_Definitivo_2024.xlsx,Ranking mensual (con 2019)
2024,8,2024-08,Gran Canaria,GRAN CANARIA,Las Palmas,1218120,11216,1470872,08_Agosto_Definitivo_2024.xlsx,Ranking mensual (con 2019)
2024,8,2024-08,Huesca-Pirineos,HUESCA-PIRINEOS,Huesca,6,215,0,08_Agosto_Definitivo_2024.xlsx,Ranking mensual (con 2019)
2024,8,2024-08,Ibiza,IBIZA,Illes Balears,1464950,12693,74109,08_Agosto_Definitivo_2024.xlsx,Ranking mensual (con 2019)
2024,8,2024-08,Jerez De La Frontera,JEREZ DE LA FRONTERA,Cadiz,108348,5094,0,08_Agosto_Definitivo_2024.xlsx,Ranking mensual (con 2019)
2024,8,2024-08,La Gomera,LA GOMERA,Santa Cruz de Tenerife,13082,326,647,08_Agosto_Definitivo_2024.xlsx,Ranking mensual (con 2019)
2024,8,2024-08,La Palma,LA PALMA,Santa Cruz de Tenerife,138166,2275,20579,08_Agosto_Definitivo_2024.xlsx,Ranking mensual (con 2019)
2024,8,2024-08,Lanzarote Cesar Manrique,LANZAROTE CESAR MANRIQUE,Las Palmas,796872,6339,36803,08_Agosto_Definitivo_2024.xlsx,Ranking mensual (con 2019)
2024,8,2024-08,Leon,LEON,Leon,11007,511,0,08_Agosto_Definitivo_2024.xlsx,Ranking mensual (con 2019)
2024,8,2024-08,Logrono,LOGRONO,La Rioja,161,1422,0,08_Agosto_Definitivo_2024.xlsx,Ranking mensual (con 2019)
2024,8,2024-08,Madrid-Cuatro Vientos,MADRID-CUATRO VIENTOS,Madrid,69,5504,0,08_Agosto_Definitivo_2024.xlsx,Ranking mensual (con 2019)
2024,8,2024-08,Malaga-Costa Del Sol,MALAGA-COSTA DEL SOL,Malaga,2652017,18087,447758,08_Agosto_Definitivo_2024.xlsx,Ranking mensual (con 2019)
2024,8,2024-08,Melilla,MELILLA,Melilla,48275,995,1753,08_Agosto_Definitivo_2024.xlsx,Ranking mensual (con 2019)
2024,8,2024-08,Menorca,MENORCA,Illes Balears,750362,5595,49542,08_Agosto_Definitivo_2024.xlsx,Ranking mensual (con 2019)
2024,8,2024-08,Palma De Mallorca,PALMA DE MALLORCA,Illes Balears,4591163,30914,533149,08_Agosto_Definitivo_2024.xlsx,Ranking mensual (con 2019)
2024,8,2024-08,Pamplona,PAMPLONA,Navarra,17052,605,0,08_Agosto_Definitivo_2024.xlsx,Ranking mensual (con 2019)
2024,8,2024-08,Reus,REUS,Tarragona,206763,1902,0,08_Agosto_Definitivo_2024.xlsx,Ranking mensual (con 2019)
2024,8,2024-08,Sabadell,SABADELL,Barcelona,545,4790,0,08_Agosto_Definitivo_2024.xlsx,Ranking mensual (con 2019)
2024,8,2024-08,Salamanca,SALAMANCA,Salamanca,3903,978,0,08_Agosto_Definitivo_2024.xlsx,Ranking mensual (con 2019)
2024,8,2024-08,San Sebastian,SAN SEBASTIAN,Gipuzkoa,46554,581,0,08_Agosto_Definitivo_2024.xlsx,Ranking mensual (con 2019)
2024,8,2024-08,Santiago-Rosalia De Castro,SANTIAGO-ROSALIA DE CASTRO,A Coruna,384610,2704,383060,08_Agosto_Definitivo_2024.xlsx,Ranking mensual (con 2019)
2024,8,2024-08,Seve Ballesteros-Santander,SEVE BALLESTEROS-SANTANDER,Cantabria,117223,1279,20,08_Agosto_Definitivo_2024.xlsx,Ranking mensual (con 2019)
2024,8,2024-08,Sevilla,SEVILLA,Sevilla,764518,5718,812172,08_Agosto_Definitivo_2024.xlsx,Ranking mensual (con 2019)
2024,8,2024-08,Son Bonet,SON BONET,Illes Balears,1523,2141,0,08_Agosto_Definitivo_2024.xlsx,Ranking mensual (con 2019)
2024,8,2024-08,Tenerife Norte-C. La Laguna,TENERIFE NORTE-C. LA LAGUNA,Santa Cruz de Tenerife,623206,7332,907507,08_Agosto_Definitivo_2024.xlsx,Ranking mensual (con 2019)
2024,8,2024-08,Tenerife Sur,TENERIFE SUR,Santa Cruz de Tenerife,1098803,6971,55841,08_Agosto_Definitivo_2024.xlsx,Ranking mensual (con 2019)
2024,8,2024-08,Valencia,VALENCIA,Valencia,1118748,8307,865277,08_Agosto_Definitivo_2024.xlsx,Ranking mensual (con 2019)
2024,8,2024-08,Valladolid,VALLADOLID,Valladolid,20835,868,0,08_Agosto_Definitivo_2024.xlsx,Ranking mensual (con 2019)
2024,8,2024-08,Vigo,VIGO,Pontevedra,116760,1217,19786,08_Agosto_Definitivo_2024.xlsx,Ranking mensual (con 2019)
2024,8,2024-08,Vitoria,VITORIA,Alava,28070,1323,4869372,08_Agosto_Definitivo_2024.xlsx,Ranking mensual (con 2019)
2024,8,2024-08,Zaragoza,ZARAGOZA,Zaragoza,71136,929,17782232,08_Agosto_Definitivo_2024.xlsx,Ranking mensual (con 2019)
2022,9,2022-09,A Coruna,A CORUNA,A Coruna,98339,1517,6229,09_Septiembre_Definitivo_2022.xlsx,SEPTIEMBRE 2022
2022,9,2022-09,Adolfo Suarez Madrid-Barajas,ADOLFO SUAREZ MADRID-BARAJAS,Madrid,4788226,31356,45840396,09_Septiembre_Definitivo_2022.xlsx,SEPTIEMBRE 2022
2022,9,2022-09,Aeropuerto Intl. Region Murcia,AEROPUERTO INTL. REGION MURCIA,Murcia,105737,761,0,09_Septiembre_Definitivo_2022.xlsx,SEPTIEMBRE 2022
2022,9,2022-09,Albacete,ALBACETE,Albacete,46,76,0,09_Septiembre_Definitivo_2022.xlsx,SEPTIEMBRE 2022
2022,9,2022-09,Algeciras-Helipuerto,ALGECIRAS-HELIPUERTO,Cadiz,3284,274,0,09_Septiembre_Definitivo_2022.xlsx,SEPTIEMBRE 2022
2022,9,2022-09,Alicante-Elche Miguel Hdez.,ALICANTE-ELCHE MIGUEL HDEZ.,Alicante,1357557,8679,379506,09_Septiembre_Definitivo_2022.xlsx,SEPTIEMBRE 2022
2022,9,2022-09,Almeria,ALMERIA,Almeria,89132,1057,0,09_Septiembre_Definitivo_2022.xlsx,SEPTIEMBRE 2022
2022,9,2022-09,Asturias,ASTURIAS,Asturias,146742,1176,618,09_Septiembre_Definitivo_2022.xlsx,SEPTIEMBRE 2022
2022,9,2022-09,Badajoz,BADAJOZ,Badajoz,5562,235,0,09_Septiembre_Definitivo_2022.xlsx,SEPTIEMBRE 2022
2022,9,2022-09,Barcelona-El Prat J.T.,BARCELONA-EL PRAT J.T.,Barcelona,4209302,27148,13797092,09_Septiembre_Definitivo_2022.xlsx,SEPTIEMBRE 2022
2022,9,2022-09,Bilbao,BILBAO,Bizkaia,548960,4527,61856,09_Septiembre_Definitivo_2022.xlsx,SEPTIEMBRE 2022
2022,9,2022-09,Burgos,BURGOS,Burgos,124,1576,0,09_Septiembre_Definitivo_2022.xlsx,SEPTIEMBRE 2022
2022,9,2022-09,Ceuta-Helipuerto,CEUTA-HELIPUERTO,Ceuta,6837,620,0,09_Septiembre_Definitivo_2022.xlsx,SEPTIEMBRE 2022
2022,9,2022-09,Cordoba,CORDOBA,Cordoba,297,733,0,09_Septiembre_Definitivo_2022.xlsx,SEPTIEMBRE 2022
2022,9,2022-09,El Hierro,EL HIERRO,Santa Cruz de Tenerife,24599,558,4785,09_Septiembre_Definitivo_2022.xlsx,SEPTIEMBRE 2022
2022,9,2022-09,Fgl Granada-Jaen,FGL GRANADA-JAEN,Granada,88458,1246,0,09_Septiembre_Definitivo_2022.xlsx,SEPTIEMBRE 2022
2022,9,2022-09,Fuerteventura,FUERTEVENTURA,Las Palmas,488745,4046,31890,09_Septiembre_Definitivo_2022.xlsx,SEPTIEMBRE 2022
2022,9,2022-09,Girona-Costa Brava,GIRONA-COSTA BRAVA,Girona,193035,2190,28721,09_Septiembre_Definitivo_2022.xlsx,SEPTIEMBRE 2022
2022,9,2022-09,Gran Canaria,GRAN CANARIA,Las Palmas,957416,9052,1271685,09_Septiembre_Definitivo_2022.xlsx,SEPTIEMBRE 2022
2022,9,2022-09,Huesca-Pirineos,HUESCA-PIRINEOS,Huesca,0,80,0,09_Septiembre_Definitivo_2022.xlsx,SEPTIEMBRE 2022
2022,9,2022-09,Ibiza,IBIZA,Illes Balears,1136686,9787,101639,09_Septiembre_Definitivo_2022.xlsx,SEPTIEMBRE 2022
2022,9,2022-09,Jerez De La Frontera,JEREZ DE LA FRONTERA,Cadiz,112148,3833,22,09_Septiembre_Definitivo_2022.xlsx,SEPTIEMBRE 2022
2022,9,2022-09,La Gomera,LA GOMERA,Santa Cruz de Tenerife,8729,267,383,09_Septiembre_Definitivo_2022.xlsx,SEPTIEMBRE 2022
2022,9,2022-09,La Palma,LA PALMA,Santa Cruz de Tenerife,116205,1844,29048,09_Septiembre_Definitivo_2022.xlsx,SEPTIEMBRE 2022
2022,9,2022-09,Lanzarote-Cesar Manrique,LANZAROTE-CESAR MANRIQUE,Las Palmas,630998,5441,46226,09_Septiembre_Definitivo_2022.xlsx,SEPTIEMBRE 2022
2022,9,2022-09,Leon,LEON,Leon,4954,304,0,09_Septiembre_Definitivo_2022.xlsx,SEPTIEMBRE 2022
2022,9,2022-09,Logrono,LOGRONO,La Rioja,1234,210,0,09_Septiembre_Definitivo_2022.xlsx,SEPTIEMBRE 2022
2022,9,2022-09,Madrid-Cuatro Vientos,MADRID-CUATRO VIENTOS,Madrid,100,5062,0,09_Septiembre_Definitivo_2022.xlsx,SEPTIEMBRE 2022
2022,9,2022-09,Malaga-Costa Del Sol,MALAGA-COSTA DEL SOL,Malaga,1889147,13731,351857,09_Septiembre_Definitivo_2022.xlsx,SEPTIEMBRE 2022
2022,9,2022-09,Melilla,MELILLA,Melilla,42056,908,2690,09_Septiembre_Definitivo_2022.xlsx,SEPTIEMBRE 2022
2022,9,2022-09,Menorca,MENORCA,Illes Balears,555760,4477,61704,09_Septiembre_Definitivo_2022.xlsx,SEPTIEMBRE 2022
2022,9,2022-09,Palma De Mallorca,PALMA DE MALLORCA,Illes Balears,3663507,25797,685812,09_Septiembre_Definitivo_2022.xlsx,SEPTIEMBRE 2022
2022,9,2022-09,Pamplona,PAMPLONA,Navarra,16554,516,2620,09_Septiembre_Definitivo_2022.xlsx,SEPTIEMBRE 2022
2022,9,2022-09,Reus,REUS,Tarragona,148341,2086,0,09_Septiembre_Definitivo_2022.xlsx,SEPTIEMBRE 2022
2022,9,2022-09,Sabadell,SABADELL,Barcelona,556,3883,0,09_Septiembre_Definitivo_2022.xlsx,SEPTIEMBRE 2022
2022,9,2022-09,Salamanca,SALAMANCA,Salamanca,1704,609,0,09_Septiembre_Definitivo_2022.xlsx,SEPTIEMBRE 2022
2022,9,2022-09,San Sebastian,SAN SEBASTIAN,Gipuzkoa,43242,594,0,09_Septiembre_Definitivo_2022.xlsx,SEPTIEMBRE 2022
2022,9,2022-09,Santiago-Rosalia De Castro,SANTIAGO-ROSALIA DE CASTRO,A Coruna,338643,2461,429129,09_Septiembre_Definitivo_2022.xlsx,SEPTIEMBRE 2022
2022,9,2022-09,Seve Ballesteros-Santander,SEVE BALLESTEROS-SANTANDER,Cantabria,115493,1264,146,09_Septiembre_Definitivo_2022.xlsx,SEPTIEMBRE 2022
2022,9,2022-09,Sevilla,SEVILLA,Sevilla,625356,5419,863136,09_Septiembre_Definitivo_2022.xlsx,SEPTIEMBRE 2022
2022,9,2022-09,Son Bonet,SON BONET,Illes Balears,649,1290,0,09_Septiembre_Definitivo_2022.xlsx,SEPTIEMBRE 2022
2022,9,2022-09,Tenerife Norte-C. La Laguna,TENERIFE NORTE-C. LA LAGUNA,Santa Cruz de Tenerife,470816,5551,997323,09_Septiembre_Definitivo_2022.xlsx,SEPTIEMBRE 2022
2022,9,2022-09,Tenerife-Sur,TENERIFE-SUR,Santa Cruz de Tenerife,843176,5727,68146,09_Septiembre_Definitivo_2022.xlsx,SEPTIEMBRE 2022
2022,9,2022-09,Valencia,VALENCIA,Valencia,811440,6917,1116164,09_Septiembre_Definitivo_2022.xlsx,SEPTIEMBRE 2022
2022,9,2022-09,Valladolid,VALLADOLID,Valladolid,17044,703,0,09_Septiembre_Definitivo_2022.xlsx,SEPTIEMBRE 2022
2022,9,2022-09,Vigo,VIGO,Pontevedra,96098,1436,55320,09_Septiembre_Definitivo_2022.xlsx,SEPTIEMBRE 2022
2022,9,2022-09,Vitoria,VITORIA,Alava,19091,1135,6408865,09_Septiembre_Definitivo_2022.xlsx,SEPTIEMBRE 2022
2022,9,2022-09,Zaragoza,ZARAGOZA,Zaragoza,61279,920,10410728,09_Septiembre_Definitivo_2022.xlsx,SEPTIEMBRE 2022
2023,9,2023-09,A Coruna,A CORUNA,A Coruna,114966,1443,5318,09_Septiembre_Definitivo_2023.xlsx,SEPTIEMBRE 2023
2023,9,2023-09,Adolfo Suarez Madrid-Barajas,ADOLFO SUAREZ MADRID-BARAJAS,Madrid,5385822,33899,54505496,09_Septiembre_Definitivo_2023.xlsx,SEPTIEMBRE 2023
2023,9,2023-09,Aeropuerto Intl. Region Murcia,AEROPUERTO INTL. REGION MURCIA,Murcia,111457,799,0,09_Septiembre_Definitivo_2023.xlsx,SEPTIEMBRE 2023
2023,9,2023-09,Albacete,ALBACETE,Albacete,47,70,0,09_Septiembre_Definitivo_2023.xlsx,SEPTIEMBRE 2023
2023,9,2023-09,Algeciras-Helipuerto,ALGECIRAS-HELIPUERTO,Cadiz,3248,294,0,09_Septiembre_Definitivo_2023.xlsx,SEPTIEMBRE 2023
2023,9,2023-09,Alicante-Elche Miguel Hdez.,ALICANTE-ELCHE MIGUEL HDEZ.,Alicante,1562661,9625,399639,09_Septiembre_Definitivo_2023.xlsx,SEPTIEMBRE 2023
2023,9,2023-09,Almeria,ALMERIA,Almeria,88218,1168,0,09_Septiembre_Definitivo_2023.xlsx,SEPTIEMBRE 2023
2023,9,2023-09,Asturias,ASTURIAS,Asturias,198270,1493,1232,09_Septiembre_Definitivo_2023.xlsx,SEPTIEMBRE 2023
2023,9,2023-09,Badajoz,BADAJOZ,Badajoz,6162,294,0,09_Septiembre_Definitivo_2023.xlsx,SEPTIEMBRE 2023
2023,9,2023-09,Barcelona-El Prat J.T.,BARCELONA-EL PRAT J.T.,Barcelona,4591107,28455,13504465,09_Septiembre_Definitivo_2023.xlsx,SEPTIEMBRE 2023
2023,9,2023-09,Bilbao,BILBAO,Bizkaia,631054,5118,60659,09_Septiembre_Definitivo_2023.xlsx,SEPTIEMBRE 2023
2023,9,2023-09,Burgos,BURGOS,Burgos,617,1970,0,09_Septiembre_Definitivo_2023.xlsx,SEPTIEMBRE 2023
2023,9,2023-09,Ceuta-Helipuerto,CEUTA-HELIPUERTO,Ceuta,6879,674,0,09_Septiembre_Definitivo_2023.xlsx,SEPTIEMBRE 2023
2023,9,2023-09,Cordoba,CORDOBA,Cordoba,582,1418,0,09_Septiembre_Definitivo_2023.xlsx,SEPTIEMBRE 2023
2023,9,2023-09,El Hierro,EL HIERRO,Santa Cruz de Tenerife,29200,611,4742,09_Septiembre_Definitivo_2023.xlsx,SEPTIEMBRE 2023
2023,9,2023-09,Fgl Granada-Jaen,FGL GRANADA-JAEN,Granada,94118,1446,2,09_Septiembre_Definitivo_2023.xlsx,SEPTIEMBRE 2023
2023,9,2023-09,Fuerteventura,FUERTEVENTURA,Las Palmas,491763,4131,26421,09_Septiembre_Definitivo_2023.xlsx,SEPTIEMBRE 2023
2023,9,2023-09,Girona-Costa Brava,GIRONA-COSTA BRAVA,Girona,265176,2558,105937,09_Septiembre_Definitivo_2023.xlsx,SEPTIEMBRE 2023
2023,9,2023-09,Gran Canaria,GRAN CANARIA,Las Palmas,1047443,9998,1438749,09_Septiembre_Definitivo_2023.xlsx,SEPTIEMBRE 2023
2023,9,2023-09,Huesca-Pirineos,HUESCA-PIRINEOS,Huesca,12,120,0,09_Septiembre_Definitivo_2023.xlsx,SEPTIEMBRE 2023
2023,9,2023-09,Ibiza,IBIZA,Illes Balears,1221639,10087,86280,09_Septiembre_Definitivo_2023.xlsx,SEPTIEMBRE 2023
2023,9,2023-09,Jerez De La Frontera,JEREZ DE LA FRONTERA,Cadiz,99170,4220,0,09_Septiembre_Definitivo_2023.xlsx,SEPTIEMBRE 2023
2023,9,2023-09,La Gomera,LA GOMERA,Santa Cruz de Tenerife,10294,305,307,09_Septiembre_Definitivo_2023.xlsx,SEPTIEMBRE 2023
2023,9,2023-09,La Palma,LA PALMA,Santa Cruz de Tenerife,113608,2085,21220,09_Septiembre_Definitivo_2023.xlsx,SEPTIEMBRE 2023
2023,9,2023-09,Lanzarote Cesar Manrique,LANZAROTE CESAR MANRIQUE,Las Palmas,668946,5695,44963,09_Septiembre_Definitivo_2023.xlsx,SEPTIEMBRE 2023
2023,9,2023-09,Leon,LEON,Leon,5612,228,0,09_Septiembre_Definitivo_2023.xlsx,SEPTIEMBRE 2023
2023,9,2023-09,Logrono,LOGRONO,La Rioja,1565,174,0,09_Septiembre_Definitivo_2023.xlsx,SEPTIEMBRE 2023
2023,9,2023-09,Madrid-Cuatro Vientos,MADRID-CUATRO VIENTOS,Madrid,148,5063,0,09_Septiembre_Definitivo_2023.xlsx,SEPTIEMBRE 2023
2023,9,2023-09,Malaga-Costa Del Sol,MALAGA-COSTA DEL SOL,Malaga,2267087,15847,440012,09_Septiembre_Definitivo_2023.xlsx,SEPTIEMBRE 2023
2023,9,2023-09,Melilla,MELILLA,Melilla,42788,927,1847,09_Septiembre_Definitivo_2023.xlsx,SEPTIEMBRE 2023
2023,9,2023-09,Menorca,MENORCA,Illes Balears,576620,4496,53729,09_Septiembre_Definitivo_2023.xlsx,SEPTIEMBRE 2023
2023,9,2023-09,Palma De Mallorca,PALMA DE MALLORCA,Illes Balears,3864073,26541,626087,09_Septiembre_Definitivo_2023.xlsx,SEPTIEMBRE 2023
2023,9,2023-09,Pamplona,PAMPLONA,Navarra,17844,543,10,09_Septiembre_Definitivo_2023.xlsx,SEPTIEMBRE 2023
2023,9,2023-09,Reus,REUS,Tarragona,165815,2221,0,09_Septiembre_Definitivo_2023.xlsx,SEPTIEMBRE 2023
2023,9,2023-09,Sabadell,SABADELL,Barcelona,535,4072,0,09_Septiembre_Definitivo_2023.xlsx,SEPTIEMBRE 2023
2023,9,2023-09,Salamanca,SALAMANCA,Salamanca,3704,635,0,09_Septiembre_Definitivo_2023.xlsx,SEPTIEMBRE 2023
2023,9,2023-09,San Sebastian,SAN SEBASTIAN,Gipuzkoa,48274,624,91,09_Septiembre_Definitivo_2023.xlsx,SEPTIEMBRE 2023
2023,9,2023-09,Santiago-Rosalia De Castro,SANTIAGO-ROSALIA DE CASTRO,A Coruna,341409,2471,419819,09_Septiembre_Definitivo_2023.xlsx,SEPTIEMBRE 2023
2023,9,2023-09,Seve Ballesteros-Santander,SEVE BALLESTEROS-SANTANDER,Cantabria,123400,1275,0,09_Septiembre_Definitivo_2023.xlsx,SEPTIEMBRE 2023
2023,9,2023-09,Sevilla,SEVILLA,Sevilla,740619,5805,784709,09_Septiembre_Definitivo_2023.xlsx,SEPTIEMBRE 2023
2023,9,2023-09,Son Bonet,SON BONET,Illes Balears,1212,1652,0,09_Septiembre_Definitivo_2023.xlsx,SEPTIEMBRE 2023
2023,9,2023-09,Tenerife Norte-C. La Laguna,TENERIFE NORTE-C. LA LAGUNA,Santa Cruz de Tenerife,531680,6639,832134,09_Septiembre_Definitivo_2023.xlsx,SEPTIEMBRE 2023
2023,9,2023-09,Tenerife Sur,TENERIFE SUR,Santa Cruz de Tenerife,903898,6106,66559,09_Septiembre_Definitivo_2023.xlsx,SEPTIEMBRE 2023
2023,9,2023-09,Valencia,VALENCIA,Valencia,949454,7657,1093272,09_Septiembre_Definitivo_2023.xlsx,SEPTIEMBRE 2023
2023,9,2023-09,Valladolid,VALLADOLID,Valladolid,19972,636,0,09_Septiembre_Definitivo_2023.xlsx,SEPTIEMBRE 2023
2023,9,2023-09,Vigo,VIGO,Pontevedra,107628,1454,200308,09_Septiembre_Definitivo_2023.xlsx,SEPTIEMBRE 2023
2023,9,2023-09,Vitoria,VITORIA,Alava,30847,1205,6144533,09_Septiembre_Definitivo_2023.xlsx,SEPTIEMBRE 2023
2023,9,2023-09,Zaragoza,ZARAGOZA,Zaragoza,62002,938,14327423,09_Septiembre_Definitivo_2023.xlsx,SEPTIEMBRE 2023
2024,9,2024-09,A Coruna,A CORUNA,A Coruna,110311,1266,4235,09_Septiembre_Definitivo_2024.xlsx,Ranking mensual (con 2019)
2024,9,2024-09,Adolfo Suarez Madrid-Barajas,ADOLFO SUAREZ MADRID-BARAJAS,Madrid,5851272,36457,65082169,09_Septiembre_Definitivo_2024.xlsx,Ranking mensual (con 2019)
2024,9,2024-09,Aeropuerto Intl. Region Murcia,AEROPUERTO INTL. REGION MURCIA,Murcia,109741,790,0,09_Septiembre_Definitivo_2024.xlsx,Ranking mensual (con 2019)
2024,9,2024-09,Albacete,ALBACETE,Albacete,72,62,0,09_Septiembre_Definitivo_2024.xlsx,Ranking mensual (con 2019)
2024,9,2024-09,Algeciras-Helipuerto,ALGECIRAS-HELIPUERTO,Cadiz,2739,220,0,09_Septiembre_Definitivo_2024.xlsx,Ranking mensual (con 2019)
2024,9,2024-09,Alicante-Elche Miguel Hdez.,ALICANTE-ELCHE MIGUEL HDEZ.,Alicante,1801340,11171,326771,09_Septiembre_Definitivo_2024.xlsx,Ranking mensual (con 2019)
2024,9,2024-09,Almeria,ALMERIA,Almeria,84694,1114,0,09_Septiembre_Definitivo_2024.xlsx,Ranking mensual (con 2019)
2024,9,2024-09,Asturias,ASTURIAS,Asturias,186986,1396,1173,09_Septiembre_Definitivo_2024.xlsx,Ranking mensual (con 2019)
2024,9,2024-09,Badajoz,BADAJOZ,Badajoz,7236,332,0,09_Septiembre_Definitivo_2024.xlsx,Ranking mensual (con 2019)
2024,9,2024-09,Barcelona-El Prat J.T.,BARCELONA-EL PRAT J.T.,Barcelona,5062629,31684,14713452,09_Septiembre_Definitivo_2024.xlsx,Ranking mensual (con 2019)
2024,9,2024-09,Bilbao,BILBAO,Bizkaia,663116,5095,72604,09_Septiembre_Definitivo_2024.xlsx,Ranking mensual (con 2019)
2024,9,2024-09,Burgos,BURGOS,Burgos,235,1812,0,09_Septiembre_Definitivo_2024.xlsx,Ranking mensual (con 2019)
2024,9,2024-09,Ceuta-Helipuerto,CEUTA-HELIPUERTO,Ceuta,6760,628,0,09_Septiembre_Definitivo_2024.xlsx,Ranking mensual (con 2019)
2024,9,2024-09,Cordoba,CORDOBA,Cordoba,585,1155,0,09_Septiembre_Definitivo_2024.xlsx,Ranking mensual (con 2019)
2024,9,2024-09,El Hierro,EL HIERRO,Santa Cruz de Tenerife,30963,646,4099,09_Septiembre_Definitivo_2024.xlsx,Ranking mensual (con 2019)
2024,9,2024-09,Fgl Granada-Jaen,FGL GRANADA-JAEN,Granada,92188,1694,0,09_Septiembre_Definitivo_2024.xlsx,Ranking mensual (con 2019)
2024,9,2024-09,Fuerteventura,FUERTEVENTURA,Las Palmas,516815,4274,30776,09_Septiembre_Definitivo_2024.xlsx,Ranking mensual (con 2019)
2024,9,2024-09,Girona-Costa Brava,GIRONA-COSTA BRAVA,Girona,305208,2836,27981,09_Septiembre_Definitivo_2024.xlsx,Ranking mensual (con 2019)
2024,9,2024-09,Gran Canaria,GRAN CANARIA,Las Palmas,1117154,10579,1436557,09_Septiembre_Definitivo_2024.xlsx,Ranking mensual (con 2019)
2024,9,2024-09,Huesca-Pirineos,HUESCA-PIRINEOS,Huesca,0,167,0,09_Septiembre_Definitivo_2024.xlsx,Ranking mensual (con 2019)
2024,9,2024-09,Ibiza,IBIZA,Illes Balears,1219920,10007,66069,09_Septiembre_Definitivo_2024.xlsx,Ranking mensual (con 2019)
2024,9,2024-09,Jerez De La Frontera,JEREZ DE LA FRONTERA,Cadiz,107389,4753,0,09_Septiembre_Definitivo_2024.xlsx,Ranking mensual (con 2019)
2024,9,2024-09,La Gomera,LA GOMERA,Santa Cruz de Tenerife,10746,352,262,09_Septiembre_Definitivo_2024.xlsx,Ranking mensual (con 2019)
2024,9,2024-09,La Palma,LA PALMA,Santa Cruz de Tenerife,119226,2113,19134,09_Septiembre_Definitivo_2024.xlsx,Ranking mensual (con 2019)
2024,9,2024-09,Lanzarote Cesar Manrique,LANZAROTE CESAR MANRIQUE,Las Palmas,706946,5886,41436,09_Septiembre_Definitivo_2024.xlsx,Ranking mensual (con 2019)
2024,9,2024-09,Leon,LEON,Leon,5403,394,0,09_Septiembre_Definitivo_2024.xlsx,Ranking mensual (con 2019)
2024,9,2024-09,Logrono,LOGRONO,La Rioja,2230,787,0,09_Septiembre_Definitivo_2024.xlsx,Ranking mensual (con 2019)
2024,9,2024-09,Madrid-Cuatro Vientos,MADRID-CUATRO VIENTOS,Madrid,158,6033,0,09_Septiembre_Definitivo_2024.xlsx,Ranking mensual (con 2019)
2024,9,2024-09,Malaga-Costa Del Sol,MALAGA-COSTA DEL SOL,Malaga,2502378,16892,336058,09_Septiembre_Definitivo_2024.xlsx,Ranking mensual (con 2019)
2024,9,2024-09,Melilla,MELILLA,Melilla,43295,978,1966,09_Septiembre_Definitivo_2024.xlsx,Ranking mensual (con 2019)
2024,9,2024-09,Menorca,MENORCA,Illes Balears,578564,4515,46566,09_Septiembre_Definitivo_2024.xlsx,Ranking mensual (con 2019)
2024,9,2024-09,Palma De Mallorca,PALMA DE MALLORCA,Illes Balears,4074740,28191,549404,09_Septiembre_Definitivo_2024.xlsx,Ranking mensual (con 2019)
2024,9,2024-09,Pamplona,PAMPLONA,Navarra,18784,551,0,09_Septiembre_Definitivo_2024.xlsx,Ranking mensual (con 2019)
2024,9,2024-09,Reus,REUS,Tarragona,179592,2150,0,09_Septiembre_Definitivo_2024.xlsx,Ranking mensual (con 2019)
2024,9,2024-09,Sabadell,SABADELL,Barcelona,465,4695,0,09_Septiembre_Definitivo_2024.xlsx,Ranking mensual (con 2019)
2024,9,2024-09,Salamanca,SALAMANCA,Salamanca,3969,772,0,09_Septiembre_Definitivo_2024.xlsx,Ranking mensual (con 2019)
2024,9,2024-09,San Sebastian,SAN SEBASTIAN,Gipuzkoa,47785,584,0,09_Septiembre_Definitivo_2024.xlsx,Ranking mensual (con 2019)
2024,9,2024-09,Santiago-Rosalia De Castro,SANTIAGO-ROSALIA DE CASTRO,A Coruna,327246,2352,475562,09_Septiembre_Definitivo_2024.xlsx,Ranking mensual (con 2019)
2024,9,2024-09,Seve Ballesteros-Santander,SEVE BALLESTEROS-SANTANDER,Cantabria,107372,1093,0,09_Septiembre_Definitivo_2024.xlsx,Ranking mensual (con 2019)
2024,9,2024-09,Sevilla,SEVILLA,Sevilla,796310,6105,892782,09_Septiembre_Definitivo_2024.xlsx,Ranking mensual (con 2019)
2024,9,2024-09,Son Bonet,SON BONET,Illes Balears,951,1713,0,09_Septiembre_Definitivo_2024.xlsx,Ranking mensual (con 2019)
2024,9,2024-09,Tenerife Norte-C. La Laguna,TENERIFE NORTE-C. LA LAGUNA,Santa Cruz de Tenerife,588189,7155,1003168,09_Septiembre_Definitivo_2024.xlsx,Ranking mensual (con 2019)
2024,9,2024-09,Tenerife Sur,TENERIFE SUR,Santa Cruz de Tenerife,997800,6532,44378,09_Septiembre_Definitivo_2024.xlsx,Ranking mensual (con 2019)
2024,9,2024-09,Valencia,VALENCIA,Valencia,1058191,8208,1037907,09_Septiembre_Definitivo_2024.xlsx,Ranking mensual (con 2019)
2024,9,2024-09,Valladolid,VALLADOLID,Valladolid,14558,621,0,09_Septiembre_Definitivo_2024.xlsx,Ranking mensual (con 2019)
2024,9,2024-09,Vigo,VIGO,Pontevedra,100418,1058,30052,09_Septiembre_Definitivo_2024.xlsx,Ranking mensual (con 2019)
2024,9,2024-09,Vitoria,VITORIA,Alava,25264,1205,5698972,09_Septiembre_Definitivo_2024.xlsx,Ranking mensual (con 2019)
2024,9,2024-09,Zaragoza,ZARAGOZA,Zaragoza,64624,957,16802374,09_Septiembre_Definitivo_2024.xlsx,Ranking mensual (con 2019)
2022,10,2022-10,A Coruna,A CORUNA,A Coruna,99558,1246,7017,10_Octubre_Definitivo_2022.xlsx,OCTUBRE 2022
2022,10,2022-10,Adolfo Suarez Madrid-Barajas,ADOLFO SUAREZ MADRID-BARAJAS,Madrid,4808865,31931,51828326,10_Octubre_Definitivo_2022.xlsx,OCTUBRE 2022
2022,10,2022-10,Aeropuerto Intl. Region Murcia,AEROPUERTO INTL. REGION MURCIA,Murcia,90608,699,0,10_Octubre_Definitivo_2022.xlsx,OCTUBRE 2022
2022,10,2022-10,Albacete,ALBACETE,Albacete,106,94,0,10_Octubre_Definitivo_2022.xlsx,OCTUBRE 2022
2022,10,2022-10,Algeciras-Helipuerto,ALGECIRAS-HELIPUERTO,Cadiz,3229,294,0,10_Octubre_Definitivo_2022.xlsx,OCTUBRE 2022
2022,10,2022-10,Alicante-Elche Miguel Hdez.,ALICANTE-ELCHE MIGUEL HDEZ.,Alicante,1355308,9047,392020,10_Octubre_Definitivo_2022.xlsx,OCTUBRE 2022
2022,10,2022-10,Almeria,ALMERIA,Almeria,77175,1106,55,10_Octubre_Definitivo_2022.xlsx,OCTUBRE 2022
2022,10,2022-10,Asturias,ASTURIAS,Asturias,127300,1067,1384,10_Octubre_Definitivo_2022.xlsx,OCTUBRE 2022
2022,10,2022-10,Badajoz,BADAJOZ,Badajoz,5479,230,0,10_Octubre_Definitivo_2022.xlsx,OCTUBRE 2022
2022,10,2022-10,Barcelona-El Prat J.T.,BARCELONA-EL PRAT J.T.,Barcelona,4193510,27374,13728111,10_Octubre_Definitivo_2022.xlsx,OCTUBRE 2022
2022,10,2022-10,Bilbao,BILBAO,Bizkaia,517226,4448,61794,10_Octubre_Definitivo_2022.xlsx,OCTUBRE 2022
2022,10,2022-10,Burgos,BURGOS,Burgos,120,1461,0,10_Octubre_Definitivo_2022.xlsx,OCTUBRE 2022
2022,10,2022-10,Ceuta-Helipuerto,CEUTA-HELIPUERTO,Ceuta,6554,576,0,10_Octubre_Definitivo_2022.xlsx,OCTUBRE 2022
2022,10,2022-10,Cordoba,CORDOBA,Cordoba,266,935,0,10_Octubre_Definitivo_2022.xlsx,OCTUBRE 2022
2022,10,2022-10,El Hierro,EL HIERRO,Santa Cruz de Tenerife,25284,510,5149,10_Octubre_Definitivo_2022.xlsx,OCTUBRE 2022
2022,10,2022-10,Fgl Granada-Jaen,FGL GRANADA-JAEN,Granada,90518,1388,30,10_Octubre_Definitivo_2022.xlsx,OCTUBRE 2022
2022,10,2022-10,Fuerteventura,FUERTEVENTURA,Las Palmas,531040,4252,31696,10_Octubre_Definitivo_2022.xlsx,OCTUBRE 2022
2022,10,2022-10,Girona-Costa Brava,GIRONA-COSTA BRAVA,Girona,153662,2226,7879,10_Octubre_Definitivo_2022.xlsx,OCTUBRE 2022
2022,10,2022-10,Gran Canaria,GRAN CANARIA,Las Palmas,1136212,10655,1346239,10_Octubre_Definitivo_2022.xlsx,OCTUBRE 2022
2022,10,2022-10,Huesca-Pirineos,HUESCA-PIRINEOS,Huesca,6,96,0,10_Octubre_Definitivo_2022.xlsx,OCTUBRE 2022
2022,10,2022-10,Ibiza,IBIZA,Illes Balears,774150,7398,91870,10_Octubre_Definitivo_2022.xlsx,OCTUBRE 2022
2022,10,2022-10,Jerez De La Frontera,JEREZ DE LA FRONTERA,Cadiz,105667,4500,0,10_Octubre_Definitivo_2022.xlsx,OCTUBRE 2022
2022,10,2022-10,La Gomera,LA GOMERA,Santa Cruz de Tenerife,8591,313,268,10_Octubre_Definitivo_2022.xlsx,OCTUBRE 2022
2022,10,2022-10,La Palma,LA PALMA,Santa Cruz de Tenerife,127063,1990,24408,10_Octubre_Definitivo_2022.xlsx,OCTUBRE 2022
2022,10,2022-10,Lanzarote-Cesar Manrique,LANZAROTE-CESAR MANRIQUE,Las Palmas,680525,5754,51368,10_Octubre_Definitivo_2022.xlsx,OCTUBRE 2022
2022,10,2022-10,Leon,LEON,Leon,3348,202,0,10_Octubre_Definitivo_2022.xlsx,OCTUBRE 2022
2022,10,2022-10,Logrono,LOGRONO,La Rioja,1160,234,0,10_Octubre_Definitivo_2022.xlsx,OCTUBRE 2022
2022,10,2022-10,Madrid-Cuatro Vientos,MADRID-CUATRO VIENTOS,Madrid,215,4584,0,10_Octubre_Definitivo_2022.xlsx,OCTUBRE 2022
2022,10,2022-10,Malaga-Costa Del Sol,MALAGA-COSTA DEL SOL,Malaga,1891761,14110,225846,10_Octubre_Definitivo_2022.xlsx,OCTUBRE 2022
2022,10,2022-10,Melilla,MELILLA,Melilla,40285,920,2391,10_Octubre_Definitivo_2022.xlsx,OCTUBRE 2022
2022,10,2022-10,Menorca,MENORCA,Illes Balears,339893,3407,55303,10_Octubre_Definitivo_2022.xlsx,OCTUBRE 2022
2022,10,2022-10,Palma De Mallorca,PALMA DE MALLORCA,Illes Balears,3063475,23579,630112,10_Octubre_Definitivo_2022.xlsx,OCTUBRE 2022
2022,10,2022-10,Pamplona,PAMPLONA,Navarra,16354,529,80,10_Octubre_Definitivo_2022.xlsx,OCTUBRE 2022
2022,10,2022-10,Reus,REUS,Tarragona,98094,2305,0,10_Octubre_Definitivo_2022.xlsx,OCTUBRE 2022
2022,10,2022-10,Sabadell,SABADELL,Barcelona,600,4294,0,10_Octubre_Definitivo_2022.xlsx,OCTUBRE 2022
2022,10,2022-10,Salamanca,SALAMANCA,Salamanca,246,549,0,10_Octubre_Definitivo_2022.xlsx,OCTUBRE 2022
2022,10,2022-10,San Sebastian,SAN SEBASTIAN,Gipuzkoa,35900,542,0,10_Octubre_Definitivo_2022.xlsx,OCTUBRE 2022
2022,10,2022-10,Santiago-Rosalia De Castro,SANTIAGO-ROSALIA DE CASTRO,A Coruna,332022,2516,382089,10_Octubre_Definitivo_2022.xlsx,OCTUBRE 2022
2022,10,2022-10,Seve Ballesteros-Santander,SEVE BALLESTEROS-SANTANDER,Cantabria,106809,1081,0,10_Octubre_Definitivo_2022.xlsx,OCTUBRE 2022
2022,10,2022-10,Sevilla,SEVILLA,Sevilla,665977,5724,842047,10_Octubre_Definitivo_2022.xlsx,OCTUBRE 2022
2022,10,2022-10,Son Bonet,SON BONET,Illes Balears,768,1419,0,10_Octubre_Definitivo_2022.xlsx,OCTUBRE 2022
2022,10,2022-10,Tenerife Norte-C. La Laguna,TENERIFE NORTE-C. LA LAGUNA,Santa Cruz de Tenerife,520576,6132,1014246,10_Octubre_Definitivo_2022.xlsx,OCTUBRE 2022
2022,10,2022-10,Tenerife-Sur,TENERIFE-SUR,Santa Cruz de Tenerife,965030,6583,57273,10_Octubre_Definitivo_2022.xlsx,OCTUBRE 2022
2022,10,2022-10,Valencia,VALENCIA,Valencia,794965,6845,1351102,10_Octubre_Definitivo_2022.xlsx,OCTUBRE 2022
2022,10,2022-10,Valladolid,VALLADOLID,Valladolid,14567,552,650,10_Octubre_Definitivo_2022.xlsx,OCTUBRE 2022
2022,10,2022-10,Vigo,VIGO,Pontevedra,92264,1056,30084,10_Octubre_Definitivo_2022.xlsx,OCTUBRE 2022
2022,10,2022-10,Vitoria,VITORIA,Alava,21156,1160,6248876,10_Octubre_Definitivo_2022.xlsx,OCTUBRE 2022
2022,10,2022-10,Zaragoza,ZARAGOZA,Zaragoza,58851,917,12098911,10_Octubre_Definitivo_2022.xlsx,OCTUBRE 2022
2023,10,2023-10,A Coruna,A CORUNA,A Coruna,112538,1265,6262,10_Octubre_Definitivo_2023.xlsx,OCTUBRE 2023
2023,10,2023-10,Adolfo Suarez Madrid-Barajas,ADOLFO SUAREZ MADRID-BARAJAS,Madrid,5385112,34551,60473192,10_Octubre_Definitivo_2023.xlsx,OCTUBRE 2023
2023,10,2023-10,Aeropuerto Intl. Region Murcia,AEROPUERTO INTL. REGION MURCIA,Murcia,94914,701,0,10_Octubre_Definitivo_2023.xlsx,OCTUBRE 2023
2023,10,2023-10,Albacete,ALBACETE,Albacete,54,61,0,10_Octubre_Definitivo_2023.xlsx,OCTUBRE 2023
2023,10,2023-10,Algeciras-Helipuerto,ALGECIRAS-HELIPUERTO,Cadiz,3358,290,0,10_Octubre_Definitivo_2023.xlsx,OCTUBRE 2023
2023,10,2023-10,Alicante-Elche Miguel Hdez.,ALICANTE-ELCHE MIGUEL HDEZ.,Alicante,1586073,9939,387253,10_Octubre_Definitivo_2023.xlsx,OCTUBRE 2023
2023,10,2023-10,Almeria,ALMERIA,Almeria,80835,1059,0,10_Octubre_Definitivo_2023.xlsx,OCTUBRE 2023
2023,10,2023-10,Asturias,ASTURIAS,Asturias,180765,1437,434,10_Octubre_Definitivo_2023.xlsx,OCTUBRE 2023
2023,10,2023-10,Badajoz,BADAJOZ,Badajoz,6855,228,0,10_Octubre_Definitivo_2023.xlsx,OCTUBRE 2023
2023,10,2023-10,Barcelona-El Prat J.T.,BARCELONA-EL PRAT J.T.,Barcelona,4587303,29068,14445290,10_Octubre_Definitivo_2023.xlsx,OCTUBRE 2023
2023,10,2023-10,Bilbao,BILBAO,Bizkaia,611659,5016,67989,10_Octubre_Definitivo_2023.xlsx,OCTUBRE 2023
2023,10,2023-10,Burgos,BURGOS,Burgos,124,1556,0,10_Octubre_Definitivo_2023.xlsx,OCTUBRE 2023
2023,10,2023-10,Ceuta-Helipuerto,CEUTA-HELIPUERTO,Ceuta,7353,671,0,10_Octubre_Definitivo_2023.xlsx,OCTUBRE 2023
2023,10,2023-10,Cordoba,CORDOBA,Cordoba,407,1025,0,10_Octubre_Definitivo_2023.xlsx,OCTUBRE 2023
2023,10,2023-10,El Hierro,EL HIERRO,Santa Cruz de Tenerife,26609,540,4633,10_Octubre_Definitivo_2023.xlsx,OCTUBRE 2023
2023,10,2023-10,Fgl Granada-Jaen,FGL GRANADA-JAEN,Granada,91838,1288,0,10_Octubre_Definitivo_2023.xlsx,OCTUBRE 2023
2023,10,2023-10,Fuerteventura,FUERTEVENTURA,Las Palmas,531276,4289,33094,10_Octubre_Definitivo_2023.xlsx,OCTUBRE 2023
2023,10,2023-10,Girona-Costa Brava,GIRONA-COSTA BRAVA,Girona,190290,2126,423,10_Octubre_Definitivo_2023.xlsx,OCTUBRE 2023
2023,10,2023-10,Gran Canaria,GRAN CANARIA,Las Palmas,1223397,11393,1573105,10_Octubre_Definitivo_2023.xlsx,OCTUBRE 2023
2023,10,2023-10,Huesca-Pirineos,HUESCA-PIRINEOS,Huesca,37,126,0,10_Octubre_Definitivo_2023.xlsx,OCTUBRE 2023
2023,10,2023-10,Ibiza,IBIZA,Illes Balears,853744,7580,80802,10_Octubre_Definitivo_2023.xlsx,OCTUBRE 2023
2023,10,2023-10,Jerez De La Frontera,JEREZ DE LA FRONTERA,Cadiz,96700,4650,7,10_Octubre_Definitivo_2023.xlsx,OCTUBRE 2023
2023,10,2023-10,La Gomera,LA GOMERA,Santa Cruz de Tenerife,11113,335,339,10_Octubre_Definitivo_2023.xlsx,OCTUBRE 2023
2023,10,2023-10,La Palma,LA PALMA,Santa Cruz de Tenerife,114232,1917,21112,10_Octubre_Definitivo_2023.xlsx,OCTUBRE 2023
2023,10,2023-10,Lanzarote Cesar Manrique,LANZAROTE CESAR MANRIQUE,Las Palmas,722628,5829,46319,10_Octubre_Definitivo_2023.xlsx,OCTUBRE 2023
2023,10,2023-10,Leon,LEON,Leon,8414,229,0,10_Octubre_Definitivo_2023.xlsx,OCTUBRE 2023
2023,10,2023-10,Logrono,LOGRONO,La Rioja,1601,179,0,10_Octubre_Definitivo_2023.xlsx,OCTUBRE 2023
2023,10,2023-10,Madrid-Cuatro Vientos,MADRID-CUATRO VIENTOS,Madrid,70,4033,0,10_Octubre_Definitivo_2023.xlsx,OCTUBRE 2023
2023,10,2023-10,Malaga-Costa Del Sol,MALAGA-COSTA DEL SOL,Malaga,2215922,15592,142580,10_Octubre_Definitivo_2023.xlsx,OCTUBRE 2023
2023,10,2023-10,Melilla,MELILLA,Melilla,42530,933,2101,10_Octubre_Definitivo_2023.xlsx,OCTUBRE 2023
2023,10,2023-10,Menorca,MENORCA,Illes Balears,338315,3145,45625,10_Octubre_Definitivo_2023.xlsx,OCTUBRE 2023
2023,10,2023-10,Palma De Mallorca,PALMA DE MALLORCA,Illes Balears,3286244,24222,610248,10_Octubre_Definitivo_2023.xlsx,OCTUBRE 2023
2023,10,2023-10,Pamplona,PAMPLONA,Navarra,19354,507,0,10_Octubre_Definitivo_2023.xlsx,OCTUBRE 2023
2023,10,2023-10,Reus,REUS,Tarragona,126811,1969,0,10_Octubre_Definitivo_2023.xlsx,OCTUBRE 2023
2023,10,2023-10,Sabadell,SABADELL,Barcelona,619,3934,0,10_Octubre_Definitivo_2023.xlsx,OCTUBRE 2023
2023,10,2023-10,Salamanca,SALAMANCA,Salamanca,2108,541,0,10_Octubre_Definitivo_2023.xlsx,OCTUBRE 2023
2023,10,2023-10,San Sebastian,SAN SEBASTIAN,Gipuzkoa,45049,566,0,10_Octubre_Definitivo_2023.xlsx,OCTUBRE 2023
2023,10,2023-10,Santiago-Rosalia De Castro,SANTIAGO-ROSALIA DE CASTRO,A Coruna,336438,2421,424872,10_Octubre_Definitivo_2023.xlsx,OCTUBRE 2023
2023,10,2023-10,Seve Ballesteros-Santander,SEVE BALLESTEROS-SANTANDER,Cantabria,117928,1171,0,10_Octubre_Definitivo_2023.xlsx,OCTUBRE 2023
2023,10,2023-10,Sevilla,SEVILLA,Sevilla,770891,5978,882735,10_Octubre_Definitivo_2023.xlsx,OCTUBRE 2023
2023,10,2023-10,Son Bonet,SON BONET,Illes Balears,925,1475,0,10_Octubre_Definitivo_2023.xlsx,OCTUBRE 2023
2023,10,2023-10,Tenerife Norte-C. La Laguna,TENERIFE NORTE-C. LA LAGUNA,Santa Cruz de Tenerife,547400,6706,962476,10_Octubre_Definitivo_2023.xlsx,OCTUBRE 2023
2023,10,2023-10,Tenerife Sur,TENERIFE SUR,Santa Cruz de Tenerife,1058415,7350,60935,10_Octubre_Definitivo_2023.xlsx,OCTUBRE 2023
2023,10,2023-10,Valencia,VALENCIA,Valencia,967431,7782,1087013,10_Octubre_Definitivo_2023.xlsx,OCTUBRE 2023
2023,10,2023-10,Valladolid,VALLADOLID,Valladolid,21705,489,0,10_Octubre_Definitivo_2023.xlsx,OCTUBRE 2023
2023,10,2023-10,Vigo,VIGO,Pontevedra,101395,1233,57937,10_Octubre_Definitivo_2023.xlsx,OCTUBRE 2023
2023,10,2023-10,Vitoria,VITORIA,Alava,28198,1234,6198968,10_Octubre_Definitivo_2023.xlsx,OCTUBRE 2023
2023,10,2023-10,Zaragoza,ZARAGOZA,Zaragoza,59721,869,13753039,10_Octubre_Definitivo_2023.xlsx,OCTUBRE 2023
2024,10,2024-10,A Coruna,A CORUNA,A Coruna,105672,1199,4590,10_Octubre_Definitivo_2024.xlsx,Ranking mensual (con 2019)
2024,10,2024-10,Adolfo Suarez Madrid-Barajas,ADOLFO SUAREZ MADRID-BARAJAS,Madrid,5676504,35393,72710680,10_Octubre_Definitivo_2024.xlsx,Ranking mensual (con 2019)
2024,10,2024-10,Aeropuerto Intl. Region Murcia,AEROPUERTO INTL. REGION MURCIA,Murcia,94361,709,0,10_Octubre_Definitivo_2024.xlsx,Ranking mensual (con 2019)
2024,10,2024-10,Albacete,ALBACETE,Albacete,136,87,0,10_Octubre_Definitivo_2024.xlsx,Ranking mensual (con 2019)
2024,10,2024-10,Algeciras-Helipuerto,ALGECIRAS-HELIPUERTO,Cadiz,2875,240,0,10_Octubre_Definitivo_2024.xlsx,Ranking mensual (con 2019)
2024,10,2024-10,Alicante-Elche Miguel Hdez.,ALICANTE-ELCHE MIGUEL HDEZ.,Alicante,1797457,11243,363392,10_Octubre_Definitivo_2024.xlsx,Ranking mensual (con 2019)
2024,10,2024-10,Almeria,ALMERIA,Almeria,69563,1065,0,10_Octubre_Definitivo_2024.xlsx,Ranking mensual (con 2019)
2024,10,2024-10,Asturias,ASTURIAS,Asturias,172882,1367,425,10_Octubre_Definitivo_2024.xlsx,Ranking mensual (con 2019)
2024,10,2024-10,Badajoz,BADAJOZ,Badajoz,7258,247,0,10_Octubre_Definitivo_2024.xlsx,Ranking mensual (con 2019)
2024,10,2024-10,Barcelona-El Prat J.T.,BARCELONA-EL PRAT J.T.,Barcelona,4964362,31517,16996085,10_Octubre_Definitivo_2024.xlsx,Ranking mensual (con 2019)
2024,10,2024-10,Bilbao,BILBAO,Bizkaia,624262,4754,94119,10_Octubre_Definitivo_2024.xlsx,Ranking mensual (con 2019)
2024,10,2024-10,Burgos,BURGOS,Burgos,75,1390,0,10_Octubre_Definitivo_2024.xlsx,Ranking mensual (con 2019)
2024,10,2024-10,Ceuta-Helipuerto,CEUTA-HELIPUERTO,Ceuta,7100,708,0,10_Octubre_Definitivo_2024.xlsx,Ranking mensual (con 2019)
2024,10,2024-10,Cordoba,CORDOBA,Cordoba,669,1028,0,10_Octubre_Definitivo_2024.xlsx,Ranking mensual (con 2019)
2024,10,2024-10,El Hierro,EL HIERRO,Santa Cruz de Tenerife,27590,534,5083,10_Octubre_Definitivo_2024.xlsx,Ranking mensual (con 2019)
2024,10,2024-10,Fgl Granada-Jaen,FGL GRANADA-JAEN,Granada,97445,1832,0,10_Octubre_Definitivo_2024.xlsx,Ranking mensual (con 2019)
2024,10,2024-10,Fuerteventura,FUERTEVENTURA,Las Palmas,557736,4457,26525,10_Octubre_Definitivo_2024.xlsx,Ranking mensual (con 2019)
2024,10,2024-10,Girona-Costa Brava,GIRONA-COSTA BRAVA,Girona,202360,2650,87640,10_Octubre_Definitivo_2024.xlsx,Ranking mensual (con 2019)
2024,10,2024-10,Gran Canaria,GRAN CANARIA,Las Palmas,1301452,11987,1704174,10_Octubre_Definitivo_2024.xlsx,Ranking mensual (con 2019)
2024,10,2024-10,Huesca-Pirineos,HUESCA-PIRINEOS,Huesca,147,161,0,10_Octubre_Definitivo_2024.xlsx,Ranking mensual (con 2019)
2024,10,2024-10,Ibiza,IBIZA,Illes Balears,848788,7577,78708,10_Octubre_Definitivo_2024.xlsx,Ranking mensual (con 2019)
2024,10,2024-10,Jerez De La Frontera,JEREZ DE LA FRONTERA,Cadiz,101104,3964,0,10_Octubre_Definitivo_2024.xlsx,Ranking mensual (con 2019)
2024,10,2024-10,La Gomera,LA GOMERA,Santa Cruz de Tenerife,10088,320,427,10_Octubre_Definitivo_2024.xlsx,Ranking mensual (con 2019)
2024,10,2024-10,La Palma,LA PALMA,Santa Cruz de Tenerife,120215,1968,22621,10_Octubre_Definitivo_2024.xlsx,Ranking mensual (con 2019)
2024,10,2024-10,Lanzarote Cesar Manrique,LANZAROTE CESAR MANRIQUE,Las Palmas,758622,6144,45250,10_Octubre_Definitivo_2024.xlsx,Ranking mensual (con 2019)
2024,10,2024-10,Leon,LEON,Leon,6585,221,0,10_Octubre_Definitivo_2024.xlsx,Ranking mensual (con 2019)
2024,10,2024-10,Logrono,LOGRONO,La Rioja,1893,781,0,10_Octubre_Definitivo_2024.xlsx,Ranking mensual (con 2019)
2024,10,2024-10,Madrid-Cuatro Vientos,MADRID-CUATRO VIENTOS,Madrid,144,5244,0,10_Octubre_Definitivo_2024.xlsx,Ranking mensual (con 2019)
2024,10,2024-10,Malaga-Costa Del Sol,MALAGA-COSTA DEL SOL,Malaga,2429369,16765,286551,10_Octubre_Definitivo_2024.xlsx,Ranking mensual (con 2019)
2024,10,2024-10,Melilla,MELILLA,Melilla,42635,968,2936,10_Octubre_Definitivo_2024.xlsx,Ranking mensual (con 2019)
2024,10,2024-10,Menorca,MENORCA,Illes Balears,352833,3318,48375,10_Octubre_Definitivo_2024.xlsx,Ranking mensual (con 2019)
2024,10,2024-10,Palma De Mallorca,PALMA DE MALLORCA,Illes Balears,3490352,25409,631224,10_Octubre_Definitivo_2024.xlsx,Ranking mensual (con 2019)
2024,10,2024-10,Pamplona,PAMPLONA,Navarra,18384,577,0,10_Octubre_Definitivo_2024.xlsx,Ranking mensual (con 2019)
2024,10,2024-10,Reus,REUS,Tarragona,126809,1800,0,10_Octubre_Definitivo_2024.xlsx,Ranking mensual (con 2019)
2024,10,2024-10,Sabadell,SABADELL,Barcelona,467,5004,0,10_Octubre_Definitivo_2024.xlsx,Ranking mensual (con 2019)
2024,10,2024-10,Salamanca,SALAMANCA,Salamanca,1053,588,0,10_Octubre_Definitivo_2024.xlsx,Ranking mensual (con 2019)
2024,10,2024-10,San Sebastian,SAN SEBASTIAN,Gipuzkoa,42695,509,0,10_Octubre_Definitivo_2024.xlsx,Ranking mensual (con 2019)
2024,10,2024-10,Santiago-Rosalia De Castro,SANTIAGO-ROSALIA DE CASTRO,A Coruna,305244,2266,445656,10_Octubre_Definitivo_2024.xlsx,Ranking mensual (con 2019)
2024,10,2024-10,Seve Ballesteros-Santander,SEVE BALLESTEROS-SANTANDER,Cantabria,97772,1062,0,10_Octubre_Definitivo_2024.xlsx,Ranking mensual (con 2019)
2024,10,2024-10,Sevilla,SEVILLA,Sevilla,839011,6415,1038077,10_Octubre_Definitivo_2024.xlsx,Ranking mensual (con 2019)
2024,10,2024-10,Son Bonet,SON BONET,Illes Balears,1012,1588,0,10_Octubre_Definitivo_2024.xlsx,Ranking mensual (con 2019)
2024,10,2024-10,Tenerife Norte-C. La Laguna,TENERIFE NORTE-C. LA LAGUNA,Santa Cruz de Tenerife,587914,7155,1140355,10_Octubre_Definitivo_2024.xlsx,Ranking mensual (con 2019)
2024,10,2024-10,Tenerife Sur,TENERIFE SUR,Santa Cruz de Tenerife,1152230,7555,78567,10_Octubre_Definitivo_2024.xlsx,Ranking mensual (con 2019)
2024,10,2024-10,Valencia,VALENCIA,Valencia,1011367,8194,1094234,10_Octubre_Definitivo_2024.xlsx,Ranking mensual (con 2019)
2024,10,2024-10,Valladolid,VALLADOLID,Valladolid,18104,458,0,10_Octubre_Definitivo_2024.xlsx,Ranking mensual (con 2019)
2024,10,2024-10,Vigo,VIGO,Pontevedra,91149,946,39960,10_Octubre_Definitivo_2024.xlsx,Ranking mensual (con 2019)
2024,10,2024-10,Vitoria,VITORIA,Alava,25731,1181,6339000,10_Octubre_Definitivo_2024.xlsx,Ranking mensual (con 2019)
2024,10,2024-10,Zaragoza,ZARAGOZA,Zaragoza,61961,991,20999934,10_Octubre_Definitivo_2024.xlsx,Ranking mensual (con 2019)
2022,11,2022-11,A Coruna,A CORUNA,A Coruna,92225,1211,7751,11_Noviembre_Definitivo_2022.xlsx,NOVIEMBRE 2022
2022,11,2022-11,Adolfo Suarez Madrid-Barajas,ADOLFO SUAREZ MADRID-BARAJAS,Madrid,4451603,30437,51948259,11_Noviembre_Definitivo_2022.xlsx,NOVIEMBRE 2022
2022,11,2022-11,Aeropuerto Intl. Region Murcia,AEROPUERTO INTL. REGION MURCIA,Murcia,27120,281,0,11_Noviembre_Definitivo_2022.xlsx,NOVIEMBRE 2022
2022,11,2022-11,Albacete,ALBACETE,Albacete,84,66,0,11_Noviembre_Definitivo_2022.xlsx,NOVIEMBRE 2022
2022,11,2022-11,Algeciras-Helipuerto,ALGECIRAS-HELIPUERTO,Cadiz,3085,268,0,11_Noviembre_Definitivo_2022.xlsx,NOVIEMBRE 2022
2022,11,2022-11,Alicante-Elche Miguel Hdez.,ALICANTE-ELCHE MIGUEL HDEZ.,Alicante,905852,6236,413292,11_Noviembre_Definitivo_2022.xlsx,NOVIEMBRE 2022
2022,11,2022-11,Almeria,ALMERIA,Almeria,29483,828,0,11_Noviembre_Definitivo_2022.xlsx,NOVIEMBRE 2022
2022,11,2022-11,Asturias,ASTURIAS,Asturias,121334,988,328,11_Noviembre_Definitivo_2022.xlsx,NOVIEMBRE 2022
2022,11,2022-11,Badajoz,BADAJOZ,Badajoz,6155,261,0,11_Noviembre_Definitivo_2022.xlsx,NOVIEMBRE 2022
2022,11,2022-11,Barcelona-El Prat J.T.,BARCELONA-EL PRAT J.T.,Barcelona,3243972,21788,13306495,11_Noviembre_Definitivo_2022.xlsx,NOVIEMBRE 2022
2022,11,2022-11,Bilbao,BILBAO,Bizkaia,382762,3335,60953,11_Noviembre_Definitivo_2022.xlsx,NOVIEMBRE 2022
2022,11,2022-11,Burgos,BURGOS,Burgos,78,1329,0,11_Noviembre_Definitivo_2022.xlsx,NOVIEMBRE 2022
2022,11,2022-11,Ceuta-Helipuerto,CEUTA-HELIPUERTO,Ceuta,6530,584,0,11_Noviembre_Definitivo_2022.xlsx,NOVIEMBRE 2022
2022,11,2022-11,Cordoba,CORDOBA,Cordoba,196,1036,0,11_Noviembre_Definitivo_2022.xlsx,NOVIEMBRE 2022
2022,11,2022-11,El Hierro,EL HIERRO,Santa Cruz de Tenerife,23175,480,5107,11_Noviembre_Definitivo_2022.xlsx,NOVIEMBRE 2022
2022,11,2022-11,Fgl Granada-Jaen,FGL GRANADA-JAEN,Granada,73459,1127,0,11_Noviembre_Definitivo_2022.xlsx,NOVIEMBRE 2022
2022,11,2022-11,Fuerteventura,FUERTEVENTURA,Las Palmas,493619,4244,33212,11_Noviembre_Definitivo_2022.xlsx,NOVIEMBRE 2022
2022,11,2022-11,Girona-Costa Brava,GIRONA-COSTA BRAVA,Girona,14432,1194,8031,11_Noviembre_Definitivo_2022.xlsx,NOVIEMBRE 2022
2022,11,2022-11,Gran Canaria,GRAN CANARIA,Las Palmas,1197740,11253,1389311,11_Noviembre_Definitivo_2022.xlsx,NOVIEMBRE 2022
2022,11,2022-11,Huesca-Pirineos,HUESCA-PIRINEOS,Huesca,14,72,0,11_Noviembre_Definitivo_2022.xlsx,NOVIEMBRE 2022
2022,11,2022-11,Ibiza,IBIZA,Illes Balears,224954,2798,83752,11_Noviembre_Definitivo_2022.xlsx,NOVIEMBRE 2022
2022,11,2022-11,Jerez De La Frontera,JEREZ DE LA FRONTERA,Cadiz,51298,3573,1797,11_Noviembre_Definitivo_2022.xlsx,NOVIEMBRE 2022
2022,11,2022-11,La Gomera,LA GOMERA,Santa Cruz de Tenerife,7830,296,678,11_Noviembre_Definitivo_2022.xlsx,NOVIEMBRE 2022
2022,11,2022-11,La Palma,LA PALMA,Santa Cruz de Tenerife,114174,1813,23127,11_Noviembre_Definitivo_2022.xlsx,NOVIEMBRE 2022
2022,11,2022-11,Lanzarote-Cesar Manrique,LANZAROTE-CESAR MANRIQUE,Las Palmas,632229,5420,50296,11_Noviembre_Definitivo_2022.xlsx,NOVIEMBRE 2022
2022,11,2022-11,Leon,LEON,Leon,2015,137,0,11_Noviembre_Definitivo_2022.xlsx,NOVIEMBRE 2022
2022,11,2022-11,Logrono,LOGRONO,La Rioja,1266,119,0,11_Noviembre_Definitivo_2022.xlsx,NOVIEMBRE 2022
2022,11,2022-11,Madrid-Cuatro Vientos,MADRID-CUATRO VIENTOS,Madrid,91,3529,0,11_Noviembre_Definitivo_2022.xlsx,NOVIEMBRE 2022
2022,11,2022-11,Malaga-Costa Del Sol,MALAGA-COSTA DEL SOL,Malaga,1202899,9558,118524,11_Noviembre_Definitivo_2022.xlsx,NOVIEMBRE 2022
2022,11,2022-11,Melilla,MELILLA,Melilla,38124,892,3036,11_Noviembre_Definitivo_2022.xlsx,NOVIEMBRE 2022
2022,11,2022-11,Menorca,MENORCA,Illes Balears,99126,1294,58670,11_Noviembre_Definitivo_2022.xlsx,NOVIEMBRE 2022
2022,11,2022-11,Palma De Mallorca,PALMA DE MALLORCA,Illes Balears,969615,9052,608092,11_Noviembre_Definitivo_2022.xlsx,NOVIEMBRE 2022
2022,11,2022-11,Pamplona,PAMPLONA,Navarra,17098,480,0,11_Noviembre_Definitivo_2022.xlsx,NOVIEMBRE 2022
2022,11,2022-11,Reus,REUS,Tarragona,1928,1278,0,11_Noviembre_Definitivo_2022.xlsx,NOVIEMBRE 2022
2022,11,2022-11,Sabadell,SABADELL,Barcelona,460,4162,0,11_Noviembre_Definitivo_2022.xlsx,NOVIEMBRE 2022
2022,11,2022-11,Salamanca,SALAMANCA,Salamanca,148,414,0,11_Noviembre_Definitivo_2022.xlsx,NOVIEMBRE 2022
2022,11,2022-11,San Sebastian,SAN SEBASTIAN,Gipuzkoa,29615,431,0,11_Noviembre_Definitivo_2022.xlsx,NOVIEMBRE 2022
2022,11,2022-11,Santiago-Rosalia De Castro,SANTIAGO-ROSALIA DE CASTRO,A Coruna,211853,1738,404601,11_Noviembre_Definitivo_2022.xlsx,NOVIEMBRE 2022
2022,11,2022-11,Seve Ballesteros-Santander,SEVE BALLESTEROS-SANTANDER,Cantabria,78424,816,0,11_Noviembre_Definitivo_2022.xlsx,NOVIEMBRE 2022
2022,11,2022-11,Sevilla,SEVILLA,Sevilla,575978,4898,891650,11_Noviembre_Definitivo_2022.xlsx,NOVIEMBRE 2022
2022,11,2022-11,Son Bonet,SON BONET,Illes Balears,296,836,0,11_Noviembre_Definitivo_2022.xlsx,NOVIEMBRE 2022
2022,11,2022-11,Tenerife Norte-C. La Laguna,TENERIFE NORTE-C. LA LAGUNA,Santa Cruz de Tenerife,469801,5877,1092959,11_Noviembre_Definitivo_2022.xlsx,NOVIEMBRE 2022
2022,11,2022-11,Tenerife-Sur,TENERIFE-SUR,Santa Cruz de Tenerife,1063065,7397,72626,11_Noviembre_Definitivo_2022.xlsx,NOVIEMBRE 2022
2022,11,2022-11,Valencia,VALENCIA,Valencia,588355,5387,1173708,11_Noviembre_Definitivo_2022.xlsx,NOVIEMBRE 2022
2022,11,2022-11,Valladolid,VALLADOLID,Valladolid,12372,343,75,11_Noviembre_Definitivo_2022.xlsx,NOVIEMBRE 2022
2022,11,2022-11,Vigo,VIGO,Pontevedra,83369,1099,73547,11_Noviembre_Definitivo_2022.xlsx,NOVIEMBRE 2022
2022,11,2022-11,Vitoria,VITORIA,Alava,19141,1114,6500577,11_Noviembre_Definitivo_2022.xlsx,NOVIEMBRE 2022
2022,11,2022-11,Zaragoza,ZARAGOZA,Zaragoza,44920,773,11523598,11_Noviembre_Definitivo_2022.xlsx,NOVIEMBRE 2022
2023,11,2023-11,A Coruna,A CORUNA,A Coruna,98792,1131,5769,11_Noviembre_Definitivo_2023.xlsx,NOVIEMBRE 2023
2023,11,2023-11,Adolfo Suarez Madrid-Barajas,ADOLFO SUAREZ MADRID-BARAJAS,Madrid,4841882,31992,61150287,11_Noviembre_Definitivo_2023.xlsx,NOVIEMBRE 2023
2023,11,2023-11,Aeropuerto Intl. Region Murcia,AEROPUERTO INTL. REGION MURCIA,Murcia,23673,277,0,11_Noviembre_Definitivo_2023.xlsx,NOVIEMBRE 2023
2023,11,2023-11,Albacete,ALBACETE,Albacete,114,56,0,11_Noviembre_Definitivo_2023.xlsx,NOVIEMBRE 2023
2023,11,2023-11,Algeciras-Helipuerto,ALGECIRAS-HELIPUERTO,Cadiz,3517,298,0,11_Noviembre_Definitivo_2023.xlsx,NOVIEMBRE 2023
2023,11,2023-11,Alicante-Elche Miguel Hdez.,ALICANTE-ELCHE MIGUEL HDEZ.,Alicante,1069710,6963,385593,11_Noviembre_Definitivo_2023.xlsx,NOVIEMBRE 2023
2023,11,2023-11,Almeria,ALMERIA,Almeria,36827,824,0,11_Noviembre_Definitivo_2023.xlsx,NOVIEMBRE 2023
2023,11,2023-11,Asturias,ASTURIAS,Asturias,134882,1084,336,11_Noviembre_Definitivo_2023.xlsx,NOVIEMBRE 2023
2023,11,2023-11,Badajoz,BADAJOZ,Badajoz,6061,188,0,11_Noviembre_Definitivo_2023.xlsx,NOVIEMBRE 2023
2023,11,2023-11,Barcelona-El Prat J.T.,BARCELONA-EL PRAT J.T.,Barcelona,3831484,25169,13840559,11_Noviembre_Definitivo_2023.xlsx,NOVIEMBRE 2023
2023,11,2023-11,Bilbao,BILBAO,Bizkaia,452302,3686,65498,11_Noviembre_Definitivo_2023.xlsx,NOVIEMBRE 2023
2023,11,2023-11,Burgos,BURGOS,Burgos,108,1708,0,11_Noviembre_Definitivo_2023.xlsx,NOVIEMBRE 2023
2023,11,2023-11,Ceuta-Helipuerto,CEUTA-HELIPUERTO,Ceuta,7201,674,0,11_Noviembre_Definitivo_2023.xlsx,NOVIEMBRE 2023
2023,11,2023-11,Cordoba,CORDOBA,Cordoba,414,1405,0,11_Noviembre_Definitivo_2023.xlsx,NOVIEMBRE 2023
2023,11,2023-11,El Hierro,EL HIERRO,Santa Cruz de Tenerife,24363,483,5050,11_Noviembre_Definitivo_2023.xlsx,NOVIEMBRE 2023
2023,11,2023-11,Fgl Granada-Jaen,FGL GRANADA-JAEN,Granada,87813,1309,0,11_Noviembre_Definitivo_2023.xlsx,NOVIEMBRE 2023
2023,11,2023-11,Fuerteventura,FUERTEVENTURA,Las Palmas,529050,4303,39081,11_Noviembre_Definitivo_2023.xlsx,NOVIEMBRE 2023
2023,11,2023-11,Girona-Costa Brava,GIRONA-COSTA BRAVA,Girona,31675,661,65715,11_Noviembre_Definitivo_2023.xlsx,NOVIEMBRE 2023
2023,11,2023-11,Gran Canaria,GRAN CANARIA,Las Palmas,1260584,11799,1531922,11_Noviembre_Definitivo_2023.xlsx,NOVIEMBRE 2023
2023,11,2023-11,Huesca-Pirineos,HUESCA-PIRINEOS,Huesca,4,78,0,11_Noviembre_Definitivo_2023.xlsx,NOVIEMBRE 2023
2023,11,2023-11,Ibiza,IBIZA,Illes Balears,237882,2757,75698,11_Noviembre_Definitivo_2023.xlsx,NOVIEMBRE 2023
2023,11,2023-11,Jerez De La Frontera,JEREZ DE LA FRONTERA,Cadiz,44814,4141,0,11_Noviembre_Definitivo_2023.xlsx,NOVIEMBRE 2023
2023,11,2023-11,La Gomera,LA GOMERA,Santa Cruz de Tenerife,8719,280,591,11_Noviembre_Definitivo_2023.xlsx,NOVIEMBRE 2023
2023,11,2023-11,La Palma,LA PALMA,Santa Cruz de Tenerife,119590,1908,26932,11_Noviembre_Definitivo_2023.xlsx,NOVIEMBRE 2023
2023,11,2023-11,Lanzarote Cesar Manrique,LANZAROTE CESAR MANRIQUE,Las Palmas,688255,5892,45752,11_Noviembre_Definitivo_2023.xlsx,NOVIEMBRE 2023
2023,11,2023-11,Leon,LEON,Leon,2886,140,0,11_Noviembre_Definitivo_2023.xlsx,NOVIEMBRE 2023
2023,11,2023-11,Logrono,LOGRONO,La Rioja,1644,133,0,11_Noviembre_Definitivo_2023.xlsx,NOVIEMBRE 2023
2023,11,2023-11,Madrid-Cuatro Vientos,MADRID-CUATRO VIENTOS,Madrid,129,3338,0,11_Noviembre_Definitivo_2023.xlsx,NOVIEMBRE 2023
2023,11,2023-11,Malaga-Costa Del Sol,MALAGA-COSTA DEL SOL,Malaga,1474200,11003,150562,11_Noviembre_Definitivo_2023.xlsx,NOVIEMBRE 2023
2023,11,2023-11,Melilla,MELILLA,Melilla,38009,869,2079,11_Noviembre_Definitivo_2023.xlsx,NOVIEMBRE 2023
2023,11,2023-11,Menorca,MENORCA,Illes Balears,94250,1357,47875,11_Noviembre_Definitivo_2023.xlsx,NOVIEMBRE 2023
2023,11,2023-11,Palma De Mallorca,PALMA DE MALLORCA,Illes Balears,1098070,9866,580688,11_Noviembre_Definitivo_2023.xlsx,NOVIEMBRE 2023
2023,11,2023-11,Pamplona,PAMPLONA,Navarra,17025,410,110,11_Noviembre_Definitivo_2023.xlsx,NOVIEMBRE 2023
2023,11,2023-11,Reus,REUS,Tarragona,4176,1358,0,11_Noviembre_Definitivo_2023.xlsx,NOVIEMBRE 2023
2023,11,2023-11,Sabadell,SABADELL,Barcelona,389,3529,0,11_Noviembre_Definitivo_2023.xlsx,NOVIEMBRE 2023
2023,11,2023-11,Salamanca,SALAMANCA,Salamanca,629,418,0,11_Noviembre_Definitivo_2023.xlsx,NOVIEMBRE 2023
2023,11,2023-11,San Sebastian,SAN SEBASTIAN,Gipuzkoa,34490,414,786,11_Noviembre_Definitivo_2023.xlsx,NOVIEMBRE 2023
2023,11,2023-11,Santiago-Rosalia De Castro,SANTIAGO-ROSALIA DE CASTRO,A Coruna,208707,1606,426708,11_Noviembre_Definitivo_2023.xlsx,NOVIEMBRE 2023
2023,11,2023-11,Seve Ballesteros-Santander,SEVE BALLESTEROS-SANTANDER,Cantabria,70366,748,0,11_Noviembre_Definitivo_2023.xlsx,NOVIEMBRE 2023
2023,11,2023-11,Sevilla,SEVILLA,Sevilla,652855,5365,911229,11_Noviembre_Definitivo_2023.xlsx,NOVIEMBRE 2023
2023,11,2023-11,Son Bonet,SON BONET,Illes Balears,379,972,0,11_Noviembre_Definitivo_2023.xlsx,NOVIEMBRE 2023
2023,11,2023-11,Tenerife Norte-C. La Laguna,TENERIFE NORTE-C. LA LAGUNA,Santa Cruz de Tenerife,492084,6327,992501,11_Noviembre_Definitivo_2023.xlsx,NOVIEMBRE 2023
2023,11,2023-11,Tenerife Sur,TENERIFE SUR,Santa Cruz de Tenerife,1177492,7943,60719,11_Noviembre_Definitivo_2023.xlsx,NOVIEMBRE 2023
2023,11,2023-11,Valencia,VALENCIA,Valencia,691213,5972,1499333,11_Noviembre_Definitivo_2023.xlsx,NOVIEMBRE 2023
2023,11,2023-11,Valladolid,VALLADOLID,Valladolid,10368,294,30,11_Noviembre_Definitivo_2023.xlsx,NOVIEMBRE 2023
2023,11,2023-11,Vigo,VIGO,Pontevedra,79069,1066,53556,11_Noviembre_Definitivo_2023.xlsx,NOVIEMBRE 2023
2023,11,2023-11,Vitoria,VITORIA,Alava,14742,1043,6414363,11_Noviembre_Definitivo_2023.xlsx,NOVIEMBRE 2023
2023,11,2023-11,Zaragoza,ZARAGOZA,Zaragoza,40534,738,14004256,11_Noviembre_Definitivo_2023.xlsx,NOVIEMBRE 2023
2024,11,2024-11,A Coruna,A CORUNA,A Coruna,99815,1165,4292,11_Noviembre_Definitivo_2024.xlsx,Ranking mensual (con 2019)
2024,11,2024-11,Adolfo Suarez Madrid-Barajas,ADOLFO SUAREZ MADRID-BARAJAS,Madrid,5287638,34177,71437903,11_Noviembre_Definitivo_2024.xlsx,Ranking mensual (con 2019)
2024,11,2024-11,Aeropuerto Intl. Region Murcia,AEROPUERTO INTL. REGION MURCIA,Murcia,31490,413,0,11_Noviembre_Definitivo_2024.xlsx,Ranking mensual (con 2019)
2024,11,2024-11,Albacete,ALBACETE,Albacete,304,110,0,11_Noviembre_Definitivo_2024.xlsx,Ranking mensual (con 2019)
2024,11,2024-11,Algeciras-Helipuerto,ALGECIRAS-HELIPUERTO,Cadiz,2501,208,0,11_Noviembre_Definitivo_2024.xlsx,Ranking mensual (con 2019)
2024,11,2024-11,Alicante-Elche Miguel Hdez.,ALICANTE-ELCHE MIGUEL HDEZ.,Alicante,1279116,8566,377456,11_Noviembre_Definitivo_2024.xlsx,Ranking mensual (con 2019)
2024,11,2024-11,Almeria,ALMERIA,Almeria,38732,885,0,11_Noviembre_Definitivo_2024.xlsx,Ranking mensual (con 2019)
2024,11,2024-11,Asturias,ASTURIAS,Asturias,142085,1119,1649,11_Noviembre_Definitivo_2024.xlsx,Ranking mensual (con 2019)
2024,11,2024-11,Badajoz,BADAJOZ,Badajoz,6748,216,0,11_Noviembre_Definitivo_2024.xlsx,Ranking mensual (con 2019)
2024,11,2024-11,Barcelona-El Prat J.T.,BARCELONA-EL PRAT J.T.,Barcelona,4048322,26036,15157038,11_Noviembre_Definitivo_2024.xlsx,Ranking mensual (con 2019)
2024,11,2024-11,Bilbao,BILBAO,Bizkaia,482219,3951,78215,11_Noviembre_Definitivo_2024.xlsx,Ranking mensual (con 2019)
2024,11,2024-11,Burgos,BURGOS,Burgos,27,1890,0,11_Noviembre_Definitivo_2024.xlsx,Ranking mensual (con 2019)
2024,11,2024-11,Ceuta-Helipuerto,CEUTA-HELIPUERTO,Ceuta,6202,652,0,11_Noviembre_Definitivo_2024.xlsx,Ranking mensual (con 2019)
2024,11,2024-11,Cordoba,CORDOBA,Cordoba,644,1592,0,11_Noviembre_Definitivo_2024.xlsx,Ranking mensual (con 2019)
2024,11,2024-11,El Hierro,EL HIERRO,Santa Cruz de Tenerife,26666,548,4673,11_Noviembre_Definitivo_2024.xlsx,Ranking mensual (con 2019)
2024,11,2024-11,Fgl Granada-Jaen,FGL GRANADA-JAEN,Granada,95503,1511,0,11_Noviembre_Definitivo_2024.xlsx,Ranking mensual (con 2019)
2024,11,2024-11,Fuerteventura,FUERTEVENTURA,Las Palmas,585257,4830,31128,11_Noviembre_Definitivo_2024.xlsx,Ranking mensual (con 2019)
2024,11,2024-11,Girona-Costa Brava,GIRONA-COSTA BRAVA,Girona,41471,1386,63467,11_Noviembre_Definitivo_2024.xlsx,Ranking mensual (con 2019)
2024,11,2024-11,Gran Canaria,GRAN CANARIA,Las Palmas,1426983,13156,1617871,11_Noviembre_Definitivo_2024.xlsx,Ranking mensual (con 2019)
2024,11,2024-11,Huesca-Pirineos,HUESCA-PIRINEOS,Huesca,12,118,0,11_Noviembre_Definitivo_2024.xlsx,Ranking mensual (con 2019)
2024,11,2024-11,Ibiza,IBIZA,Illes Balears,251253,3005,66790,11_Noviembre_Definitivo_2024.xlsx,Ranking mensual (con 2019)
2024,11,2024-11,Jerez De La Frontera,JEREZ DE LA FRONTERA,Cadiz,51039,4389,0,11_Noviembre_Definitivo_2024.xlsx,Ranking mensual (con 2019)
2024,11,2024-11,La Gomera,LA GOMERA,Santa Cruz de Tenerife,9809,269,718,11_Noviembre_Definitivo_2024.xlsx,Ranking mensual (con 2019)
2024,11,2024-11,La Palma,LA PALMA,Santa Cruz de Tenerife,128768,2067,23534,11_Noviembre_Definitivo_2024.xlsx,Ranking mensual (con 2019)
2024,11,2024-11,Lanzarote Cesar Manrique,LANZAROTE CESAR MANRIQUE,Las Palmas,748718,6190,45736,11_Noviembre_Definitivo_2024.xlsx,Ranking mensual (con 2019)
2024,11,2024-11,Leon,LEON,Leon,3067,209,0,11_Noviembre_Definitivo_2024.xlsx,Ranking mensual (con 2019)
2024,11,2024-11,Logrono,LOGRONO,La Rioja,1541,600,0,11_Noviembre_Definitivo_2024.xlsx,Ranking mensual (con 2019)
2024,11,2024-11,Madrid-Cuatro Vientos,MADRID-CUATRO VIENTOS,Madrid,89,5492,0,11_Noviembre_Definitivo_2024.xlsx,Ranking mensual (con 2019)
2024,11,2024-11,Malaga-Costa Del Sol,MALAGA-COSTA DEL SOL,Malaga,1612790,12068,342807,11_Noviembre_Definitivo_2024.xlsx,Ranking mensual (con 2019)
2024,11,2024-11,Melilla,MELILLA,Melilla,37754,861,1900,11_Noviembre_Definitivo_2024.xlsx,Ranking mensual (con 2019)
2024,11,2024-11,Menorca,MENORCA,Illes Balears,108164,1491,45662,11_Noviembre_Definitivo_2024.xlsx,Ranking mensual (con 2019)
2024,11,2024-11,Palma De Mallorca,PALMA DE MALLORCA,Illes Balears,1199920,10708,535206,11_Noviembre_Definitivo_2024.xlsx,Ranking mensual (con 2019)
2024,11,2024-11,Pamplona,PAMPLONA,Navarra,17884,576,0,11_Noviembre_Definitivo_2024.xlsx,Ranking mensual (con 2019)
2024,11,2024-11,Reus,REUS,Tarragona,4424,1276,0,11_Noviembre_Definitivo_2024.xlsx,Ranking mensual (con 2019)
2024,11,2024-11,Sabadell,SABADELL,Barcelona,544,4821,0,11_Noviembre_Definitivo_2024.xlsx,Ranking mensual (con 2019)
2024,11,2024-11,Salamanca,SALAMANCA,Salamanca,112,371,0,11_Noviembre_Definitivo_2024.xlsx,Ranking mensual (con 2019)
2024,11,2024-11,San Sebastian,SAN SEBASTIAN,Gipuzkoa,35251,511,0,11_Noviembre_Definitivo_2024.xlsx,Ranking mensual (con 2019)
2024,11,2024-11,Santiago-Rosalia De Castro,SANTIAGO-ROSALIA DE CASTRO,A Coruna,235917,1835,426338,11_Noviembre_Definitivo_2024.xlsx,Ranking mensual (con 2019)
2024,11,2024-11,Seve Ballesteros-Santander,SEVE BALLESTEROS-SANTANDER,Cantabria,64537,845,0,11_Noviembre_Definitivo_2024.xlsx,Ranking mensual (con 2019)
2024,11,2024-11,Sevilla,SEVILLA,Sevilla,737396,6010,1001610,11_Noviembre_Definitivo_2024.xlsx,Ranking mensual (con 2019)
2024,11,2024-11,Son Bonet,SON BONET,Illes Balears,535,1166,0,11_Noviembre_Definitivo_2024.xlsx,Ranking mensual (con 2019)
2024,11,2024-11,Tenerife Norte-C. La Laguna,TENERIFE NORTE-C. LA LAGUNA,Santa Cruz de Tenerife,563613,7153,1051828,11_Noviembre_Definitivo_2024.xlsx,Ranking mensual (con 2019)
2024,11,2024-11,Tenerife Sur,TENERIFE SUR,Santa Cruz de Tenerife,1291965,8668,59154,11_Noviembre_Definitivo_2024.xlsx,Ranking mensual (con 2019)
2024,11,2024-11,Valencia,VALENCIA,Valencia,694507,6803,1094835,11_Noviembre_Definitivo_2024.xlsx,Ranking mensual (con 2019)
2024,11,2024-11,Valladolid,VALLADOLID,Valladolid,8603,418,0,11_Noviembre_Definitivo_2024.xlsx,Ranking mensual (con 2019)
2024,11,2024-11,Vigo,VIGO,Pontevedra,87434,936,27679,11_Noviembre_Definitivo_2024.xlsx,Ranking mensual (con 2019)
2024,11,2024-11,Vitoria,VITORIA,Alava,16333,1058,5837691,11_Noviembre_Definitivo_2024.xlsx,Ranking mensual (con 2019)
2024,11,2024-11,Zaragoza,ZARAGOZA,Zaragoza,48343,931,21091421,11_Noviembre_Definitivo_2024.xlsx,Ranking mensual (con 2019)
2022,12,2022-12,A Coruna,A CORUNA,A Coruna,93917,1085,12844,12_Diciembre_Definitivo_2022.xlsx,DICIEMBRE 2022
2022,12,2022-12,Adolfo Suarez Madrid-Barajas,ADOLFO SUAREZ MADRID-BARAJAS,Madrid,4544261,31159,50786249,12_Diciembre_Definitivo_2022.xlsx,DICIEMBRE 2022
2022,12,2022-12,Aeropuerto Intl. Region Murcia,AEROPUERTO INTL. REGION MURCIA,Murcia,24710,278,0,12_Diciembre_Definitivo_2022.xlsx,DICIEMBRE 2022
2022,12,2022-12,Albacete,ALBACETE,Albacete,37,32,0,12_Diciembre_Definitivo_2022.xlsx,DICIEMBRE 2022
2022,12,2022-12,Algeciras-Helipuerto,ALGECIRAS-HELIPUERTO,Cadiz,3119,266,0,12_Diciembre_Definitivo_2022.xlsx,DICIEMBRE 2022
2022,12,2022-12,Alicante-Elche Miguel Hdez.,ALICANTE-ELCHE MIGUEL HDEZ.,Alicante,848141,6044,413514,12_Diciembre_Definitivo_2022.xlsx,DICIEMBRE 2022
2022,12,2022-12,Almeria,ALMERIA,Almeria,27955,558,0,12_Diciembre_Definitivo_2022.xlsx,DICIEMBRE 2022
2022,12,2022-12,Asturias,ASTURIAS,Asturias,139217,1130,696,12_Diciembre_Definitivo_2022.xlsx,DICIEMBRE 2022
2022,12,2022-12,Badajoz,BADAJOZ,Badajoz,6942,184,0,12_Diciembre_Definitivo_2022.xlsx,DICIEMBRE 2022
2022,12,2022-12,Barcelona-El Prat J.T.,BARCELONA-EL PRAT J.T.,Barcelona,3304679,22349,12218961,12_Diciembre_Definitivo_2022.xlsx,DICIEMBRE 2022
2022,12,2022-12,Bilbao,BILBAO,Bizkaia,395777,3380,53178,12_Diciembre_Definitivo_2022.xlsx,DICIEMBRE 2022
2022,12,2022-12,Burgos,BURGOS,Burgos,68,618,0,12_Diciembre_Definitivo_2022.xlsx,DICIEMBRE 2022
2022,12,2022-12,Ceuta-Helipuerto,CEUTA-HELIPUERTO,Ceuta,6634,560,0,12_Diciembre_Definitivo_2022.xlsx,DICIEMBRE 2022
2022,12,2022-12,Cordoba,CORDOBA,Cordoba,130,698,0,12_Diciembre_Definitivo_2022.xlsx,DICIEMBRE 2022
2022,12,2022-12,El Hierro,EL HIERRO,Santa Cruz de Tenerife,21935,454,4735,12_Diciembre_Definitivo_2022.xlsx,DICIEMBRE 2022
2022,12,2022-12,Fgl Granada-Jaen,FGL GRANADA-JAEN,Granada,78376,986,0,12_Diciembre_Definitivo_2022.xlsx,DICIEMBRE 2022
2022,12,2022-12,Fuerteventura,FUERTEVENTURA,Las Palmas,500793,4439,33204,12_Diciembre_Definitivo_2022.xlsx,DICIEMBRE 2022
2022,12,2022-12,Girona-Costa Brava,GIRONA-COSTA BRAVA,Girona,14158,1068,47544,12_Diciembre_Definitivo_2022.xlsx,DICIEMBRE 2022
2022,12,2022-12,Gran Canaria,GRAN CANARIA,Las Palmas,1273390,11877,1508688,12_Diciembre_Definitivo_2022.xlsx,DICIEMBRE 2022
2022,12,2022-12,Huesca-Pirineos,HUESCA-PIRINEOS,Huesca,6,32,0,12_Diciembre_Definitivo_2022.xlsx,DICIEMBRE 2022
2022,12,2022-12,Ibiza,IBIZA,Illes Balears,222840,2737,68125,12_Diciembre_Definitivo_2022.xlsx,DICIEMBRE 2022
2022,12,2022-12,Jerez De La Frontera,JEREZ DE LA FRONTERA,Cadiz,45733,1711,0,12_Diciembre_Definitivo_2022.xlsx,DICIEMBRE 2022
2022,12,2022-12,La Gomera,LA GOMERA,Santa Cruz de Tenerife,8357,304,241,12_Diciembre_Definitivo_2022.xlsx,DICIEMBRE 2022
2022,12,2022-12,La Palma,LA PALMA,Santa Cruz de Tenerife,115941,1866,26606,12_Diciembre_Definitivo_2022.xlsx,DICIEMBRE 2022
2022,12,2022-12,Lanzarote-Cesar Manrique,LANZAROTE-CESAR MANRIQUE,Las Palmas,649718,5959,54294,12_Diciembre_Definitivo_2022.xlsx,DICIEMBRE 2022
2022,12,2022-12,Leon,LEON,Leon,4396,128,0,12_Diciembre_Definitivo_2022.xlsx,DICIEMBRE 2022
2022,12,2022-12,Logrono,LOGRONO,La Rioja,1176,65,0,12_Diciembre_Definitivo_2022.xlsx,DICIEMBRE 2022
2022,12,2022-12,Madrid-Cuatro Vientos,MADRID-CUATRO VIENTOS,Madrid,87,1872,0,12_Diciembre_Definitivo_2022.xlsx,DICIEMBRE 2022
2022,12,2022-12,Malaga-Costa Del Sol,MALAGA-COSTA DEL SOL,Malaga,1189657,9740,110761,12_Diciembre_Definitivo_2022.xlsx,DICIEMBRE 2022
2022,12,2022-12,Melilla,MELILLA,Melilla,43233,903,1669,12_Diciembre_Definitivo_2022.xlsx,DICIEMBRE 2022
2022,12,2022-12,Menorca,MENORCA,Illes Balears,96286,1278,63137,12_Diciembre_Definitivo_2022.xlsx,DICIEMBRE 2022
2022,12,2022-12,Palma De Mallorca,PALMA DE MALLORCA,Illes Balears,936321,8662,550555,12_Diciembre_Definitivo_2022.xlsx,DICIEMBRE 2022
2022,12,2022-12,Pamplona,PAMPLONA,Navarra,16895,398,0,12_Diciembre_Definitivo_2022.xlsx,DICIEMBRE 2022
2022,12,2022-12,Reus,REUS,Tarragona,390,878,0,12_Diciembre_Definitivo_2022.xlsx,DICIEMBRE 2022
2022,12,2022-12,Sabadell,SABADELL,Barcelona,496,3766,0,12_Diciembre_Definitivo_2022.xlsx,DICIEMBRE 2022
2022,12,2022-12,Salamanca,SALAMANCA,Salamanca,225,169,0,12_Diciembre_Definitivo_2022.xlsx,DICIEMBRE 2022
2022,12,2022-12,San Sebastian,SAN SEBASTIAN,Gipuzkoa,32224,387,0,12_Diciembre_Definitivo_2022.xlsx,DICIEMBRE 2022
2022,12,2022-12,Santiago-Rosalia De Castro,SANTIAGO-ROSALIA DE CASTRO,A Coruna,234019,1825,496895,12_Diciembre_Definitivo_2022.xlsx,DICIEMBRE 2022
2022,12,2022-12,Seve Ballesteros-Santander,SEVE BALLESTEROS-SANTANDER,Cantabria,77705,718,5,12_Diciembre_Definitivo_2022.xlsx,DICIEMBRE 2022
2022,12,2022-12,Sevilla,SEVILLA,Sevilla,567277,4592,917633,12_Diciembre_Definitivo_2022.xlsx,DICIEMBRE 2022
2022,12,2022-12,Son Bonet,SON BONET,Illes Balears,491,852,0,12_Diciembre_Definitivo_2022.xlsx,DICIEMBRE 2022
2022,12,2022-12,Tenerife Norte-C. La Laguna,TENERIFE NORTE-C. LA LAGUNA,Santa Cruz de Tenerife,488158,5894,1088720,12_Diciembre_Definitivo_2022.xlsx,DICIEMBRE 2022
2022,12,2022-12,Tenerife-Sur,TENERIFE-SUR,Santa Cruz de Tenerife,1092260,7883,87414,12_Diciembre_Definitivo_2022.xlsx,DICIEMBRE 2022
2022,12,2022-12,Valencia,VALENCIA,Valencia,611716,5527,1113472,12_Diciembre_Definitivo_2022.xlsx,DICIEMBRE 2022
2022,12,2022-12,Valladolid,VALLADOLID,Valladolid,17199,284,0,12_Diciembre_Definitivo_2022.xlsx,DICIEMBRE 2022
2022,12,2022-12,Vigo,VIGO,Pontevedra,86380,1091,70696,12_Diciembre_Definitivo_2022.xlsx,DICIEMBRE 2022
2022,12,2022-12,Vitoria,VITORIA,Alava,19834,1022,6072354,12_Diciembre_Definitivo_2022.xlsx,DICIEMBRE 2022
2022,12,2022-12,Zaragoza,ZARAGOZA,Zaragoza,54341,736,9205679,12_Diciembre_Definitivo_2022.xlsx,DICIEMBRE 2022
2023,12,2023-12,A Coruna,A CORUNA,A Coruna,98813,1081,9623,12_Diciembre_Definitivo_2023.xlsx,DICIEMBRE 2023
2023,12,2023-12,Adolfo Suarez Madrid-Barajas,ADOLFO SUAREZ MADRID-BARAJAS,Madrid,5016562,33322,62761341,12_Diciembre_Definitivo_2023.xlsx,DICIEMBRE 2023
2023,12,2023-12,Aeropuerto Intl. Region Murcia,AEROPUERTO INTL. REGION MURCIA,Murcia,28980,291,0,12_Diciembre_Definitivo_2023.xlsx,DICIEMBRE 2023
2023,12,2023-12,Albacete,ALBACETE,Albacete,1112,52,0,12_Diciembre_Definitivo_2023.xlsx,DICIEMBRE 2023
2023,12,2023-12,Algeciras-Helipuerto,ALGECIRAS-HELIPUERTO,Cadiz,3001,256,0,12_Diciembre_Definitivo_2023.xlsx,DICIEMBRE 2023
2023,12,2023-12,Alicante-Elche Miguel Hdez.,ALICANTE-ELCHE MIGUEL HDEZ.,Alicante,1041546,7139,369985,12_Diciembre_Definitivo_2023.xlsx,DICIEMBRE 2023
2023,12,2023-12,Almeria,ALMERIA,Almeria,35847,722,0,12_Diciembre_Definitivo_2023.xlsx,DICIEMBRE 2023
2023,12,2023-12,Asturias,ASTURIAS,Asturias,148959,1213,787,12_Diciembre_Definitivo_2023.xlsx,DICIEMBRE 2023
2023,12,2023-12,Badajoz,BADAJOZ,Badajoz,6692,223,0,12_Diciembre_Definitivo_2023.xlsx,DICIEMBRE 2023
2023,12,2023-12,Barcelona-El Prat J.T.,BARCELONA-EL PRAT J.T.,Barcelona,3872842,26021,13809752,12_Diciembre_Definitivo_2023.xlsx,DICIEMBRE 2023
2023,12,2023-12,Bilbao,BILBAO,Bizkaia,470615,3773,54603,12_Diciembre_Definitivo_2023.xlsx,DICIEMBRE 2023
2023,12,2023-12,Burgos,BURGOS,Burgos,212,1152,0,12_Diciembre_Definitivo_2023.xlsx,DICIEMBRE 2023
2023,12,2023-12,Ceuta-Helipuerto,CEUTA-HELIPUERTO,Ceuta,6600,592,0,12_Diciembre_Definitivo_2023.xlsx,DICIEMBRE 2023
2023,12,2023-12,Cordoba,CORDOBA,Cordoba,802,1420,0,12_Diciembre_Definitivo_2023.xlsx,DICIEMBRE 2023
2023,12,2023-12,El Hierro,EL HIERRO,Santa Cruz de Tenerife,24003,520,4280,12_Diciembre_Definitivo_2023.xlsx,DICIEMBRE 2023
2023,12,2023-12,Fgl Granada-Jaen,FGL GRANADA-JAEN,Granada,93406,1263,28,12_Diciembre_Definitivo_2023.xlsx,DICIEMBRE 2023
2023,12,2023-12,Fuerteventura,FUERTEVENTURA,Las Palmas,518557,4324,30605,12_Diciembre_Definitivo_2023.xlsx,DICIEMBRE 2023
2023,12,2023-12,Girona-Costa Brava,GIRONA-COSTA BRAVA,Girona,32452,962,1665,12_Diciembre_Definitivo_2023.xlsx,DICIEMBRE 2023
2023,12,2023-12,Gran Canaria,GRAN CANARIA,Las Palmas,1350646,12181,1631758,12_Diciembre_Definitivo_2023.xlsx,DICIEMBRE 2023
2023,12,2023-12,Huesca-Pirineos,HUESCA-PIRINEOS,Huesca,98,101,0,12_Diciembre_Definitivo_2023.xlsx,DICIEMBRE 2023
2023,12,2023-12,Ibiza,IBIZA,Illes Balears,235357,2658,52646,12_Diciembre_Definitivo_2023.xlsx,DICIEMBRE 2023
2023,12,2023-12,Jerez De La Frontera,JEREZ DE LA FRONTERA,Cadiz,41760,2900,0,12_Diciembre_Definitivo_2023.xlsx,DICIEMBRE 2023
2023,12,2023-12,La Gomera,LA GOMERA,Santa Cruz de Tenerife,8715,279,202,12_Diciembre_Definitivo_2023.xlsx,DICIEMBRE 2023
2023,12,2023-12,La Palma,LA PALMA,Santa Cruz de Tenerife,128347,1997,34236,12_Diciembre_Definitivo_2023.xlsx,DICIEMBRE 2023
2023,12,2023-12,Lanzarote Cesar Manrique,LANZAROTE CESAR MANRIQUE,Las Palmas,702865,6084,44635,12_Diciembre_Definitivo_2023.xlsx,DICIEMBRE 2023
2023,12,2023-12,Leon,LEON,Leon,3760,177,0,12_Diciembre_Definitivo_2023.xlsx,DICIEMBRE 2023
2023,12,2023-12,Logrono,LOGRONO,La Rioja,1779,117,0,12_Diciembre_Definitivo_2023.xlsx,DICIEMBRE 2023
2023,12,2023-12,Madrid-Cuatro Vientos,MADRID-CUATRO VIENTOS,Madrid,55,3694,0,12_Diciembre_Definitivo_2023.xlsx,DICIEMBRE 2023
2023,12,2023-12,Malaga-Costa Del Sol,MALAGA-COSTA DEL SOL,Malaga,1465459,11306,184256,12_Diciembre_Definitivo_2023.xlsx,DICIEMBRE 2023
2023,12,2023-12,Melilla,MELILLA,Melilla,44400,867,1696,12_Diciembre_Definitivo_2023.xlsx,DICIEMBRE 2023
2023,12,2023-12,Menorca,MENORCA,Illes Balears,96288,1265,42731,12_Diciembre_Definitivo_2023.xlsx,DICIEMBRE 2023
2023,12,2023-12,Palma De Mallorca,PALMA DE MALLORCA,Illes Balears,1038915,9308,478658,12_Diciembre_Definitivo_2023.xlsx,DICIEMBRE 2023
2023,12,2023-12,Pamplona,PAMPLONA,Navarra,18274,430,0,12_Diciembre_Definitivo_2023.xlsx,DICIEMBRE 2023
2023,12,2023-12,Reus,REUS,Tarragona,944,1052,0,12_Diciembre_Definitivo_2023.xlsx,DICIEMBRE 2023
2023,12,2023-12,Sabadell,SABADELL,Barcelona,425,4343,0,12_Diciembre_Definitivo_2023.xlsx,DICIEMBRE 2023
2023,12,2023-12,Salamanca,SALAMANCA,Salamanca,116,314,0,12_Diciembre_Definitivo_2023.xlsx,DICIEMBRE 2023
2023,12,2023-12,San Sebastian,SAN SEBASTIAN,Gipuzkoa,36964,385,0,12_Diciembre_Definitivo_2023.xlsx,DICIEMBRE 2023
2023,12,2023-12,Santiago-Rosalia De Castro,SANTIAGO-ROSALIA DE CASTRO,A Coruna,242630,1802,364249,12_Diciembre_Definitivo_2023.xlsx,DICIEMBRE 2023
2023,12,2023-12,Seve Ballesteros-Santander,SEVE BALLESTEROS-SANTANDER,Cantabria,77072,823,0,12_Diciembre_Definitivo_2023.xlsx,DICIEMBRE 2023
2023,12,2023-12,Sevilla,SEVILLA,Sevilla,668006,5318,856409,12_Diciembre_Definitivo_2023.xlsx,DICIEMBRE 2023
2023,12,2023-12,Son Bonet,SON BONET,Illes Balears,454,783,0,12_Diciembre_Definitivo_2023.xlsx,DICIEMBRE 2023
2023,12,2023-12,Tenerife Norte-C. La Laguna,TENERIFE NORTE-C. LA LAGUNA,Santa Cruz de Tenerife,507154,6356,987437,12_Diciembre_Definitivo_2023.xlsx,DICIEMBRE 2023
2023,12,2023-12,Tenerife Sur,TENERIFE SUR,Santa Cruz de Tenerife,1219011,8316,87097,12_Diciembre_Definitivo_2023.xlsx,DICIEMBRE 2023
2023,12,2023-12,Valencia,VALENCIA,Valencia,725332,6091,1067060,12_Diciembre_Definitivo_2023.xlsx,DICIEMBRE 2023
2023,12,2023-12,Valladolid,VALLADOLID,Valladolid,16403,318,0,12_Diciembre_Definitivo_2023.xlsx,DICIEMBRE 2023
2023,12,2023-12,Vigo,VIGO,Pontevedra,88204,1127,51552,12_Diciembre_Definitivo_2023.xlsx,DICIEMBRE 2023
2023,12,2023-12,Vitoria,VITORIA,Alava,18152,936,5509140,12_Diciembre_Definitivo_2023.xlsx,DICIEMBRE 2023
2023,12,2023-12,Zaragoza,ZARAGOZA,Zaragoza,50064,727,11290163,12_Diciembre_Definitivo_2023.xlsx,DICIEMBRE 2023
2024,12,2024-12,A Coruna,A CORUNA,A Coruna,105098,1118,6115,12_Diciembre_Definitivo_2024.xlsx,Ranking mensual (con 2019)
2024,12,2024-12,Adolfo Suarez Madrid-Barajas,ADOLFO SUAREZ MADRID-BARAJAS,Madrid,5460402,35544,70208611,12_Diciembre_Definitivo_2024.xlsx,Ranking mensual (con 2019)
2024,12,2024-12,Aeropuerto Intl. Region Murcia,AEROPUERTO INTL. REGION MURCIA,Murcia,34333,410,0,12_Diciembre_Definitivo_2024.xlsx,Ranking mensual (con 2019)
2024,12,2024-12,Albacete,ALBACETE,Albacete,588,57,0,12_Diciembre_Definitivo_2024.xlsx,Ranking mensual (con 2019)
2024,12,2024-12,Algeciras-Helipuerto,ALGECIRAS-HELIPUERTO,Cadiz,2799,228,0,12_Diciembre_Definitivo_2024.xlsx,Ranking mensual (con 2019)
2024,12,2024-12,Alicante-Elche Miguel Hdez.,ALICANTE-ELCHE MIGUEL HDEZ.,Alicante,1216350,8402,374798,12_Diciembre_Definitivo_2024.xlsx,Ranking mensual (con 2019)
2024,12,2024-12,Almeria,ALMERIA,Almeria,36752,813,0,12_Diciembre_Definitivo_2024.xlsx,Ranking mensual (con 2019)
2024,12,2024-12,Asturias,ASTURIAS,Asturias,154880,1196,71,12_Diciembre_Definitivo_2024.xlsx,Ranking mensual (con 2019)
2024,12,2024-12,Badajoz,BADAJOZ,Badajoz,8422,257,0,12_Diciembre_Definitivo_2024.xlsx,Ranking mensual (con 2019)
2024,12,2024-12,Barcelona-El Prat J.T.,BARCELONA-EL PRAT J.T.,Barcelona,4072291,26869,14803769,12_Diciembre_Definitivo_2024.xlsx,Ranking mensual (con 2019)
2024,12,2024-12,Bilbao,BILBAO,Bizkaia,493080,3971,69623,12_Diciembre_Definitivo_2024.xlsx,Ranking mensual (con 2019)
2024,12,2024-12,Burgos,BURGOS,Burgos,14,809,0,12_Diciembre_Definitivo_2024.xlsx,Ranking mensual (con 2019)
2024,12,2024-12,Ceuta-Helipuerto,CEUTA-HELIPUERTO,Ceuta,6709,576,0,12_Diciembre_Definitivo_2024.xlsx,Ranking mensual (con 2019)
2024,12,2024-12,Cordoba,CORDOBA,Cordoba,360,1291,0,12_Diciembre_Definitivo_2024.xlsx,Ranking mensual (con 2019)
2024,12,2024-12,El Hierro,EL HIERRO,Santa Cruz de Tenerife,25659,548,3824,12_Diciembre_Definitivo_2024.xlsx,Ranking mensual (con 2019)
2024,12,2024-12,Fgl Granada-Jaen,FGL GRANADA-JAEN,Granada,103003,1800,0,12_Diciembre_Definitivo_2024.xlsx,Ranking mensual (con 2019)
2024,12,2024-12,Fuerteventura,FUERTEVENTURA,Las Palmas,563808,4806,31323,12_Diciembre_Definitivo_2024.xlsx,Ranking mensual (con 2019)
2024,12,2024-12,Girona-Costa Brava,GIRONA-COSTA BRAVA,Girona,48986,1359,35683,12_Diciembre_Definitivo_2024.xlsx,Ranking mensual (con 2019)
2024,12,2024-12,Gran Canaria,GRAN CANARIA,Las Palmas,1449076,13233,1860659,12_Diciembre_Definitivo_2024.xlsx,Ranking mensual (con 2019)
2024,12,2024-12,Huesca-Pirineos,HUESCA-PIRINEOS,Huesca,6,99,0,12_Diciembre_Definitivo_2024.xlsx,Ranking mensual (con 2019)
2024,12,2024-12,Ibiza,IBIZA,Illes Balears,240379,2730,59774,12_Diciembre_Definitivo_2024.xlsx,Ranking mensual (con 2019)
2024,12,2024-12,Jerez De La Frontera,JEREZ DE LA FRONTERA,Cadiz,43810,3010,0,12_Diciembre_Definitivo_2024.xlsx,Ranking mensual (con 2019)
2024,12,2024-12,La Gomera,LA GOMERA,Santa Cruz de Tenerife,9579,293,202,12_Diciembre_Definitivo_2024.xlsx,Ranking mensual (con 2019)
2024,12,2024-12,La Palma,LA PALMA,Santa Cruz de Tenerife,132528,2141,34637,12_Diciembre_Definitivo_2024.xlsx,Ranking mensual (con 2019)
2024,12,2024-12,Lanzarote Cesar Manrique,LANZAROTE CESAR MANRIQUE,Las Palmas,733759,6423,47170,12_Diciembre_Definitivo_2024.xlsx,Ranking mensual (con 2019)
2024,12,2024-12,Leon,LEON,Leon,4475,149,0,12_Diciembre_Definitivo_2024.xlsx,Ranking mensual (con 2019)
2024,12,2024-12,Logrono,LOGRONO,La Rioja,1118,462,0,12_Diciembre_Definitivo_2024.xlsx,Ranking mensual (con 2019)
2024,12,2024-12,Madrid-Cuatro Vientos,MADRID-CUATRO VIENTOS,Madrid,69,4295,0,12_Diciembre_Definitivo_2024.xlsx,Ranking mensual (con 2019)
2024,12,2024-12,Malaga-Costa Del Sol,MALAGA-COSTA DEL SOL,Malaga,1574043,11922,302705,12_Diciembre_Definitivo_2024.xlsx,Ranking mensual (con 2019)
2024,12,2024-12,Melilla,MELILLA,Melilla,45511,904,1673,12_Diciembre_Definitivo_2024.xlsx,Ranking mensual (con 2019)
2024,12,2024-12,Menorca,MENORCA,Illes Balears,102944,1364,56679,12_Diciembre_Definitivo_2024.xlsx,Ranking mensual (con 2019)
2024,12,2024-12,Palma De Mallorca,PALMA DE MALLORCA,Illes Balears,1082512,9573,486625,12_Diciembre_Definitivo_2024.xlsx,Ranking mensual (con 2019)
2024,12,2024-12,Pamplona,PAMPLONA,Navarra,17215,378,0,12_Diciembre_Definitivo_2024.xlsx,Ranking mensual (con 2019)
2024,12,2024-12,Reus,REUS,Tarragona,996,977,0,12_Diciembre_Definitivo_2024.xlsx,Ranking mensual (con 2019)
2024,12,2024-12,Sabadell,SABADELL,Barcelona,364,4633,0,12_Diciembre_Definitivo_2024.xlsx,Ranking mensual (con 2019)
2024,12,2024-12,Salamanca,SALAMANCA,Salamanca,545,400,0,12_Diciembre_Definitivo_2024.xlsx,Ranking mensual (con 2019)
2024,12,2024-12,San Sebastian,SAN SEBASTIAN,Gipuzkoa,29254,345,0,12_Diciembre_Definitivo_2024.xlsx,Ranking mensual (con 2019)
2024,12,2024-12,Santiago-Rosalia De Castro,SANTIAGO-ROSALIA DE CASTRO,A Coruna,246119,1850,306749,12_Diciembre_Definitivo_2024.xlsx,Ranking mensual (con 2019)
2024,12,2024-12,Seve Ballesteros-Santander,SEVE BALLESTEROS-SANTANDER,Cantabria,67699,762,0,12_Diciembre_Definitivo_2024.xlsx,Ranking mensual (con 2019)
2024,12,2024-12,Sevilla,SEVILLA,Sevilla,748675,5890,1043754,12_Diciembre_Definitivo_2024.xlsx,Ranking mensual (con 2019)
2024,12,2024-12,Son Bonet,SON BONET,Illes Balears,681,1398,0,12_Diciembre_Definitivo_2024.xlsx,Ranking mensual (con 2019)
2024,12,2024-12,Tenerife Norte-C. La Laguna,TENERIFE NORTE-C. LA LAGUNA,Santa Cruz de Tenerife,574087,6964,1113654,12_Diciembre_Definitivo_2024.xlsx,Ranking mensual (con 2019)
2024,12,2024-12,Tenerife Sur,TENERIFE SUR,Santa Cruz de Tenerife,1289154,8934,79874,12_Diciembre_Definitivo_2024.xlsx,Ranking mensual (con 2019)
2024,12,2024-12,Valencia,VALENCIA,Valencia,794517,6645,1144112,12_Diciembre_Definitivo_2024.xlsx,Ranking mensual (con 2019)
2024,12,2024-12,Valladolid,VALLADOLID,Valladolid,13320,314,0,12_Diciembre_Definitivo_2024.xlsx,Ranking mensual (con 2019)
2024,12,2024-12,Vigo,VIGO,Pontevedra,94850,962,40816,12_Diciembre_Definitivo_2024.xlsx,Ranking mensual (con 2019)
2024,12,2024-12,Vitoria,VITORIA,Alava,18920,938,5751792,12_Diciembre_Definitivo_2024.xlsx,Ranking mensual (con 2019)
2024,12,2024-12,Zaragoza,ZARAGOZA,Zaragoza,54624,813,13154128,12_Diciembre_Definitivo_2024.xlsx,Ranking mensual (con 2019)
